INSERT INTO ops$publ.BLC_ADMIN_MODULE(ADMIN_MODULE_ID, DISPLAY_ORDER, ICON, MODULE_KEY, NAME) VALUES (-6, 6, 'icon-wrench', 'BLCUtilities', 'Utilities');
INSERT INTO ops$publ.BLC_ADMIN_MODULE(ADMIN_MODULE_ID, DISPLAY_ORDER, ICON, MODULE_KEY, NAME) VALUES (-5, 5, 'icon-gear', 'BLCModuleConfiguration', 'Module Configuration');
INSERT INTO ops$publ.BLC_ADMIN_MODULE(ADMIN_MODULE_ID, DISPLAY_ORDER, ICON, MODULE_KEY, NAME) VALUES (-4, 4, 'icon-user', 'BLCOpenAdmin', 'User Administration');
INSERT INTO ops$publ.BLC_ADMIN_MODULE(ADMIN_MODULE_ID, DISPLAY_ORDER, ICON, MODULE_KEY, NAME) VALUES (-3, 3, 'icon-heart', 'BLCCustomerCare', 'Customer Care');
INSERT INTO ops$publ.BLC_ADMIN_MODULE(ADMIN_MODULE_ID, DISPLAY_ORDER, ICON, MODULE_KEY, NAME) VALUES (-2, 2, 'icon-file', 'BLCContentManagement', 'Content Management');
INSERT INTO ops$publ.BLC_ADMIN_MODULE(ADMIN_MODULE_ID, DISPLAY_ORDER, ICON, MODULE_KEY, NAME) VALUES (-1, 1, 'icon-barcode', 'BLCMerchandising', 'Catalog');
INSERT INTO ops$publ.BLC_ADMIN_PERMISSION(ADMIN_PERMISSION_ID, DESCRIPTION, NAME, PERMISSION_TYPE) VALUES (-98, 'All Enumeration', 'PERMISSION_ALL_ENUMERATION', 'ALL');
INSERT INTO ops$publ.BLC_ADMIN_PERMISSION(ADMIN_PERMISSION_ID, DESCRIPTION, NAME, PERMISSION_TYPE) VALUES (-97, 'Read Enumeration', 'PERMISSION_READ_ENUMERATION', 'READ');
INSERT INTO ops$publ.BLC_ADMIN_PERMISSION(ADMIN_PERMISSION_ID, DESCRIPTION, NAME, PERMISSION_TYPE) VALUES (-96, 'Delete Enumeration', 'PERMISSION_DELETE_ENUMERATION', 'DELETE');
INSERT INTO ops$publ.BLC_ADMIN_PERMISSION(ADMIN_PERMISSION_ID, DESCRIPTION, NAME, PERMISSION_TYPE) VALUES (-95, 'Update Enumeration', 'PERMISSION_UPDATE_ENUMERATION', 'UPDATE');
INSERT INTO ops$publ.BLC_ADMIN_PERMISSION(ADMIN_PERMISSION_ID, DESCRIPTION, NAME, PERMISSION_TYPE) VALUES (-94, 'Create Enumeration', 'PERMISSION_CREATE_ENUMERATION', 'CREATE');
INSERT INTO ops$publ.BLC_ADMIN_PERMISSION(ADMIN_PERMISSION_ID, DESCRIPTION, NAME, PERMISSION_TYPE) VALUES (-93, 'All Configuration', 'PERMISSION_ALL_MODULECONFIGURATION', 'ALL');
INSERT INTO ops$publ.BLC_ADMIN_PERMISSION(ADMIN_PERMISSION_ID, DESCRIPTION, NAME, PERMISSION_TYPE) VALUES (-92, 'Read Configuration', 'PERMISSION_READ_MODULECONFIGURATION', 'READ');
INSERT INTO ops$publ.BLC_ADMIN_PERMISSION(ADMIN_PERMISSION_ID, DESCRIPTION, NAME, PERMISSION_TYPE) VALUES (-91, 'Delete Configuration', 'PERMISSION_DELETE_MODULECONFIGURATION', 'DELETE');
INSERT INTO ops$publ.BLC_ADMIN_PERMISSION(ADMIN_PERMISSION_ID, DESCRIPTION, NAME, PERMISSION_TYPE) VALUES (-90, 'Update Configuration', 'PERMISSION_UPDATE_MODULECONFIGURATION', 'UPDATE');
INSERT INTO ops$publ.BLC_ADMIN_PERMISSION(ADMIN_PERMISSION_ID, DESCRIPTION, NAME, PERMISSION_TYPE) VALUES (-89, 'Create Configuration', 'PERMISSION_CREATE_MODULECONFIGURATION', 'CREATE');
INSERT INTO ops$publ.BLC_ADMIN_PERMISSION(ADMIN_PERMISSION_ID, DESCRIPTION, NAME, PERMISSION_TYPE) VALUES (-88, 'All Currency', 'PERMISSION_ALL_CURRENCY', 'ALL');
INSERT INTO ops$publ.BLC_ADMIN_PERMISSION(ADMIN_PERMISSION_ID, DESCRIPTION, NAME, PERMISSION_TYPE) VALUES (-87, 'Read Currency', 'PERMISSION_READ_CURRENCY', 'READ');
INSERT INTO ops$publ.BLC_ADMIN_PERMISSION(ADMIN_PERMISSION_ID, DESCRIPTION, NAME, PERMISSION_TYPE) VALUES (-86, 'Delete Currency', 'PERMISSION_DELETE_CURRENCY', 'DELETE');
INSERT INTO ops$publ.BLC_ADMIN_PERMISSION(ADMIN_PERMISSION_ID, DESCRIPTION, NAME, PERMISSION_TYPE) VALUES (-85, 'Update Currency', 'PERMISSION_UPDATE_CURRENCY', 'UPDATE');
INSERT INTO ops$publ.BLC_ADMIN_PERMISSION(ADMIN_PERMISSION_ID, DESCRIPTION, NAME, PERMISSION_TYPE) VALUES (-84, 'Create Currency', 'PERMISSION_CREATE_CURRENCY', 'CREATE');
INSERT INTO ops$publ.BLC_ADMIN_PERMISSION(ADMIN_PERMISSION_ID, DESCRIPTION, NAME, PERMISSION_TYPE) VALUES (-83, 'All SearchFacet', 'PERMISSION_ALL_SEARCHFACET', 'ALL');
INSERT INTO ops$publ.BLC_ADMIN_PERMISSION(ADMIN_PERMISSION_ID, DESCRIPTION, NAME, PERMISSION_TYPE) VALUES (-82, 'Read SearchFacet', 'PERMISSION_READ_SEARCHFACET', 'READ');
INSERT INTO ops$publ.BLC_ADMIN_PERMISSION(ADMIN_PERMISSION_ID, DESCRIPTION, NAME, PERMISSION_TYPE) VALUES (-81, 'Delete SearchFacet', 'PERMISSION_DELETE_SEARCHFACET', 'DELETE');
INSERT INTO ops$publ.BLC_ADMIN_PERMISSION(ADMIN_PERMISSION_ID, DESCRIPTION, NAME, PERMISSION_TYPE) VALUES (-80, 'Update SearchFacet', 'PERMISSION_UPDATE_SEARCHFACET', 'UPDATE');
INSERT INTO ops$publ.BLC_ADMIN_PERMISSION(ADMIN_PERMISSION_ID, DESCRIPTION, NAME, PERMISSION_TYPE) VALUES (-79, 'Create SearchFacet', 'PERMISSION_CREATE_SEARCHFACET', 'CREATE');
INSERT INTO ops$publ.BLC_ADMIN_PERMISSION(ADMIN_PERMISSION_ID, DESCRIPTION, NAME, PERMISSION_TYPE) VALUES (-78, 'All SearchRedirect', 'PERMISSION_ALL_SEARCHREDIRECT', 'ALL');
INSERT INTO ops$publ.BLC_ADMIN_PERMISSION(ADMIN_PERMISSION_ID, DESCRIPTION, NAME, PERMISSION_TYPE) VALUES (-77, 'Read SearchRedirect', 'PERMISSION_READ_SEARCHREDIRECT', 'READ');
INSERT INTO ops$publ.BLC_ADMIN_PERMISSION(ADMIN_PERMISSION_ID, DESCRIPTION, NAME, PERMISSION_TYPE) VALUES (-76, 'Delete SearchRedirect', 'PERMISSION_DELETE_SEARCHREDIRECT', 'DELETE');
INSERT INTO ops$publ.BLC_ADMIN_PERMISSION(ADMIN_PERMISSION_ID, DESCRIPTION, NAME, PERMISSION_TYPE) VALUES (-75, 'Update SearchRedirect', 'PERMISSION_UPDATE_SEARCHREDIRECT', 'UPDATE');
INSERT INTO ops$publ.BLC_ADMIN_PERMISSION(ADMIN_PERMISSION_ID, DESCRIPTION, NAME, PERMISSION_TYPE) VALUES (-74, 'Create SearchRedirect', 'PERMISSION_CREATE_SEARCHREDIRECT', 'CREATE');
INSERT INTO ops$publ.BLC_ADMIN_PERMISSION(ADMIN_PERMISSION_ID, DESCRIPTION, NAME, PERMISSION_TYPE) VALUES (-73, 'All URLHandler', 'PERMISSION_ALL_URLHANDLER', 'ALL');
INSERT INTO ops$publ.BLC_ADMIN_PERMISSION(ADMIN_PERMISSION_ID, DESCRIPTION, NAME, PERMISSION_TYPE) VALUES (-72, 'Read URLHandler', 'PERMISSION_READ_URLHANDLER', 'READ');
INSERT INTO ops$publ.BLC_ADMIN_PERMISSION(ADMIN_PERMISSION_ID, DESCRIPTION, NAME, PERMISSION_TYPE) VALUES (-71, 'Delete URLHandler', 'PERMISSION_DELETE_URLHANDLER', 'DELETE');
INSERT INTO ops$publ.BLC_ADMIN_PERMISSION(ADMIN_PERMISSION_ID, DESCRIPTION, NAME, PERMISSION_TYPE) VALUES (-70, 'Update URLHandler', 'PERMISSION_UPDATE_URLHANDLER', 'UPDATE');
INSERT INTO ops$publ.BLC_ADMIN_PERMISSION(ADMIN_PERMISSION_ID, DESCRIPTION, NAME, PERMISSION_TYPE) VALUES (-69, 'Create URLHandler', 'PERMISSION_CREATE_URLHANDLER', 'CREATE');
INSERT INTO ops$publ.BLC_ADMIN_PERMISSION(ADMIN_PERMISSION_ID, DESCRIPTION, NAME, PERMISSION_TYPE) VALUES (-68, 'All Admin User', 'PERMISSION_ALL_ADMIN_USER', 'ALL');
INSERT INTO ops$publ.BLC_ADMIN_PERMISSION(ADMIN_PERMISSION_ID, DESCRIPTION, NAME, PERMISSION_TYPE) VALUES (-67, 'Read Admin User', 'PERMISSION_READ_ADMIN_USER', 'READ');
INSERT INTO ops$publ.BLC_ADMIN_PERMISSION(ADMIN_PERMISSION_ID, DESCRIPTION, NAME, PERMISSION_TYPE) VALUES (-66, 'Delete Admin User', 'PERMISSION_DELETE_ADMIN_USER', 'DELETE');
INSERT INTO ops$publ.BLC_ADMIN_PERMISSION(ADMIN_PERMISSION_ID, DESCRIPTION, NAME, PERMISSION_TYPE) VALUES (-65, 'Update Admin User', 'PERMISSION_UPDATE_ADMIN_USER', 'UPDATE');
INSERT INTO ops$publ.BLC_ADMIN_PERMISSION(ADMIN_PERMISSION_ID, DESCRIPTION, NAME, PERMISSION_TYPE) VALUES (-64, 'Create Admin User', 'PERMISSION_CREATE_ADMIN_USER', 'CREATE');
INSERT INTO ops$publ.BLC_ADMIN_PERMISSION(ADMIN_PERMISSION_ID, DESCRIPTION, NAME, PERMISSION_TYPE) VALUES (-63, 'Approver SandBox', 'PERMISSION_ALL_APPROVER_SANDBOX', 'ALL');
INSERT INTO ops$publ.BLC_ADMIN_PERMISSION(ADMIN_PERMISSION_ID, DESCRIPTION, NAME, PERMISSION_TYPE) VALUES (-62, 'User SandBox', 'PERMISSION_ALL_USER_SANDBOX', 'ALL');
INSERT INTO ops$publ.BLC_ADMIN_PERMISSION(ADMIN_PERMISSION_ID, DESCRIPTION, NAME, PERMISSION_TYPE) VALUES (-61, 'All Structured Content', 'PERMISSION_ALL_STRUCTURED_CONTENT', 'ALL');
INSERT INTO ops$publ.BLC_ADMIN_PERMISSION(ADMIN_PERMISSION_ID, DESCRIPTION, NAME, PERMISSION_TYPE) VALUES (-60, 'Read Structured Content', 'PERMISSION_READ_STRUCTURED_CONTENT', 'READ');
INSERT INTO ops$publ.BLC_ADMIN_PERMISSION(ADMIN_PERMISSION_ID, DESCRIPTION, NAME, PERMISSION_TYPE) VALUES (-59, 'Delete Structured Content', 'PERMISSION_DELETE_STRUCTURED_CONTENT', 'DELETE');
INSERT INTO ops$publ.BLC_ADMIN_PERMISSION(ADMIN_PERMISSION_ID, DESCRIPTION, NAME, PERMISSION_TYPE) VALUES (-58, 'Update Structured Content', 'PERMISSION_UPDATE_STRUCTURED_CONTENT', 'UPDATE');
INSERT INTO ops$publ.BLC_ADMIN_PERMISSION(ADMIN_PERMISSION_ID, DESCRIPTION, NAME, PERMISSION_TYPE) VALUES (-57, 'Create Structured Content', 'PERMISSION_CREATE_STRUCTURED_CONTENT', 'CREATE');
INSERT INTO ops$publ.BLC_ADMIN_PERMISSION(ADMIN_PERMISSION_ID, DESCRIPTION, NAME, PERMISSION_TYPE) VALUES (-56, 'All Asset', 'PERMISSION_ALL_ASSET', 'ALL');
INSERT INTO ops$publ.BLC_ADMIN_PERMISSION(ADMIN_PERMISSION_ID, DESCRIPTION, NAME, PERMISSION_TYPE) VALUES (-55, 'Read Asset', 'PERMISSION_READ_ASSET', 'READ');
INSERT INTO ops$publ.BLC_ADMIN_PERMISSION(ADMIN_PERMISSION_ID, DESCRIPTION, NAME, PERMISSION_TYPE) VALUES (-54, 'Delete Asset', 'PERMISSION_DELETE_ASSET', 'DELETE');
INSERT INTO ops$publ.BLC_ADMIN_PERMISSION(ADMIN_PERMISSION_ID, DESCRIPTION, NAME, PERMISSION_TYPE) VALUES (-53, 'Update Asset', 'PERMISSION_UPDATE_ASSET', 'UPDATE');
INSERT INTO ops$publ.BLC_ADMIN_PERMISSION(ADMIN_PERMISSION_ID, DESCRIPTION, NAME, PERMISSION_TYPE) VALUES (-52, 'Create Asset', 'PERMISSION_CREATE_ASSET', 'CREATE');
INSERT INTO ops$publ.BLC_ADMIN_PERMISSION(ADMIN_PERMISSION_ID, DESCRIPTION, NAME, PERMISSION_TYPE) VALUES (-51, 'All Page', 'PERMISSION_ALL_PAGE', 'ALL');
INSERT INTO ops$publ.BLC_ADMIN_PERMISSION(ADMIN_PERMISSION_ID, DESCRIPTION, NAME, PERMISSION_TYPE) VALUES (-50, 'Read Page', 'PERMISSION_READ_PAGE', 'READ');
INSERT INTO ops$publ.BLC_ADMIN_PERMISSION(ADMIN_PERMISSION_ID, DESCRIPTION, NAME, PERMISSION_TYPE) VALUES (-49, 'Delete Page', 'PERMISSION_DELETE_PAGE', 'DELETE');
INSERT INTO ops$publ.BLC_ADMIN_PERMISSION(ADMIN_PERMISSION_ID, DESCRIPTION, NAME, PERMISSION_TYPE) VALUES (-48, 'Update Page', 'PERMISSION_UPDATE_PAGE', 'UPDATE');
INSERT INTO ops$publ.BLC_ADMIN_PERMISSION(ADMIN_PERMISSION_ID, DESCRIPTION, NAME, PERMISSION_TYPE) VALUES (-47, 'Create Page', 'PERMISSION_CREATE_PAGE', 'CREATE');
INSERT INTO ops$publ.BLC_ADMIN_PERMISSION(ADMIN_PERMISSION_ID, DESCRIPTION, NAME, PERMISSION_TYPE) VALUES (-46, 'All Customer', 'PERMISSION_ALL_CUSTOMER', 'ALL');
INSERT INTO ops$publ.BLC_ADMIN_PERMISSION(ADMIN_PERMISSION_ID, DESCRIPTION, NAME, PERMISSION_TYPE) VALUES (-45, 'Read Customer', 'PERMISSION_READ_CUSTOMER', 'READ');
INSERT INTO ops$publ.BLC_ADMIN_PERMISSION(ADMIN_PERMISSION_ID, DESCRIPTION, NAME, PERMISSION_TYPE) VALUES (-44, 'Delete Customer', 'PERMISSION_DELETE_CUSTOMER', 'DELETE');
INSERT INTO ops$publ.BLC_ADMIN_PERMISSION(ADMIN_PERMISSION_ID, DESCRIPTION, NAME, PERMISSION_TYPE) VALUES (-43, 'Update Customer', 'PERMISSION_UPDATE_CUSTOMER', 'UPDATE');
INSERT INTO ops$publ.BLC_ADMIN_PERMISSION(ADMIN_PERMISSION_ID, DESCRIPTION, NAME, PERMISSION_TYPE) VALUES (-42, 'Create Customer', 'PERMISSION_CREATE_CUSTOMER', 'CREATE');
INSERT INTO ops$publ.BLC_ADMIN_PERMISSION(ADMIN_PERMISSION_ID, DESCRIPTION, NAME, PERMISSION_TYPE) VALUES (-41, 'All Order Item', 'PERMISSION_ALL_ORDER_ITEM', 'ALL');
INSERT INTO ops$publ.BLC_ADMIN_PERMISSION(ADMIN_PERMISSION_ID, DESCRIPTION, NAME, PERMISSION_TYPE) VALUES (-40, 'Read Order Item', 'PERMISSION_READ_ORDER_ITEM', 'READ');
INSERT INTO ops$publ.BLC_ADMIN_PERMISSION(ADMIN_PERMISSION_ID, DESCRIPTION, NAME, PERMISSION_TYPE) VALUES (-39, 'Delete Order Item', 'PERMISSION_DELETE_ORDER_ITEM', 'DELETE');
INSERT INTO ops$publ.BLC_ADMIN_PERMISSION(ADMIN_PERMISSION_ID, DESCRIPTION, NAME, PERMISSION_TYPE) VALUES (-38, 'Update Order Item', 'PERMISSION_UPDATE_ORDER_ITEM', 'UPDATE');
INSERT INTO ops$publ.BLC_ADMIN_PERMISSION(ADMIN_PERMISSION_ID, DESCRIPTION, NAME, PERMISSION_TYPE) VALUES (-37, 'Create Order Item', 'PERMISSION_CREATE_ORDER_ITEM', 'CREATE');
INSERT INTO ops$publ.BLC_ADMIN_PERMISSION(ADMIN_PERMISSION_ID, DESCRIPTION, NAME, PERMISSION_TYPE) VALUES (-36, 'All Fulfillment Group', 'PERMISSION_ALL_FULFILLMENT_GROUP', 'ALL');
INSERT INTO ops$publ.BLC_ADMIN_PERMISSION(ADMIN_PERMISSION_ID, DESCRIPTION, NAME, PERMISSION_TYPE) VALUES (-35, 'Read Fulfillment Group', 'PERMISSION_READ_FULFILLMENT_GROUP', 'READ');
INSERT INTO ops$publ.BLC_ADMIN_PERMISSION(ADMIN_PERMISSION_ID, DESCRIPTION, NAME, PERMISSION_TYPE) VALUES (-34, 'Delete Fulfillment Group', 'PERMISSION_DELETE_FULFILLMENT_GROUP', 'DELETE');
INSERT INTO ops$publ.BLC_ADMIN_PERMISSION(ADMIN_PERMISSION_ID, DESCRIPTION, NAME, PERMISSION_TYPE) VALUES (-33, 'Update Fulfillment Group', 'PERMISSION_UPDATE_FULFILLMENT_GROUP', 'UPDATE');
INSERT INTO ops$publ.BLC_ADMIN_PERMISSION(ADMIN_PERMISSION_ID, DESCRIPTION, NAME, PERMISSION_TYPE) VALUES (-32, 'Create Fulfillment Group', 'PERMISSION_CREATE_FULFILLMENT_GROUP', 'CREATE');
INSERT INTO ops$publ.BLC_ADMIN_PERMISSION(ADMIN_PERMISSION_ID, DESCRIPTION, NAME, PERMISSION_TYPE) VALUES (-31, 'All Order', 'PERMISSION_ALL_ORDER', 'ALL');
INSERT INTO ops$publ.BLC_ADMIN_PERMISSION(ADMIN_PERMISSION_ID, DESCRIPTION, NAME, PERMISSION_TYPE) VALUES (-30, 'Read Order', 'PERMISSION_READ_ORDER', 'READ');
INSERT INTO ops$publ.BLC_ADMIN_PERMISSION(ADMIN_PERMISSION_ID, DESCRIPTION, NAME, PERMISSION_TYPE) VALUES (-29, 'Delete Order', 'PERMISSION_DELETE_ORDER', 'DELETE');
INSERT INTO ops$publ.BLC_ADMIN_PERMISSION(ADMIN_PERMISSION_ID, DESCRIPTION, NAME, PERMISSION_TYPE) VALUES (-28, 'Update Order', 'PERMISSION_UPDATE_ORDER', 'UPDATE');
INSERT INTO ops$publ.BLC_ADMIN_PERMISSION(ADMIN_PERMISSION_ID, DESCRIPTION, NAME, PERMISSION_TYPE) VALUES (-27, 'Create Order', 'PERMISSION_CREATE_ORDER', 'CREATE');
INSERT INTO ops$publ.BLC_ADMIN_PERMISSION(ADMIN_PERMISSION_ID, DESCRIPTION, NAME, PERMISSION_TYPE) VALUES (-26, 'All Promotion', 'PERMISSION_ALL_PROMOTION', 'ALL');
INSERT INTO ops$publ.BLC_ADMIN_PERMISSION(ADMIN_PERMISSION_ID, DESCRIPTION, NAME, PERMISSION_TYPE) VALUES (-25, 'Read Promotion', 'PERMISSION_READ_PROMOTION', 'READ');
INSERT INTO ops$publ.BLC_ADMIN_PERMISSION(ADMIN_PERMISSION_ID, DESCRIPTION, NAME, PERMISSION_TYPE) VALUES (-24, 'Delete Promotion', 'PERMISSION_DELETE_PROMOTION', 'DELETE');
INSERT INTO ops$publ.BLC_ADMIN_PERMISSION(ADMIN_PERMISSION_ID, DESCRIPTION, NAME, PERMISSION_TYPE) VALUES (-23, 'Update Promotion', 'PERMISSION_UPDATE_PROMOTION', 'UPDATE');
INSERT INTO ops$publ.BLC_ADMIN_PERMISSION(ADMIN_PERMISSION_ID, DESCRIPTION, NAME, PERMISSION_TYPE) VALUES (-22, 'Create Promotion', 'PERMISSION_CREATE_PROMOTION', 'CREATE');
INSERT INTO ops$publ.BLC_ADMIN_PERMISSION(ADMIN_PERMISSION_ID, DESCRIPTION, NAME, PERMISSION_TYPE) VALUES (-21, 'All Sku', 'PERMISSION_ALL_SKU', 'ALL');
INSERT INTO ops$publ.BLC_ADMIN_PERMISSION(ADMIN_PERMISSION_ID, DESCRIPTION, NAME, PERMISSION_TYPE) VALUES (-20, 'Read Sku', 'PERMISSION_READ_SKU', 'READ');
INSERT INTO ops$publ.BLC_ADMIN_PERMISSION(ADMIN_PERMISSION_ID, DESCRIPTION, NAME, PERMISSION_TYPE) VALUES (-19, 'Delete Sku', 'PERMISSION_DELETE_SKU', 'DELETE');
INSERT INTO ops$publ.BLC_ADMIN_PERMISSION(ADMIN_PERMISSION_ID, DESCRIPTION, NAME, PERMISSION_TYPE) VALUES (-18, 'Update Sku', 'PERMISSION_UPDATE_SKU', 'UPDATE');
INSERT INTO ops$publ.BLC_ADMIN_PERMISSION(ADMIN_PERMISSION_ID, DESCRIPTION, NAME, PERMISSION_TYPE) VALUES (-17, 'Create Sku', 'PERMISSION_CREATE_SKU', 'CREATE');
INSERT INTO ops$publ.BLC_ADMIN_PERMISSION(ADMIN_PERMISSION_ID, DESCRIPTION, NAME, PERMISSION_TYPE) VALUES (-16, 'All Product Option', 'PERMISSION_ALL_PRODUCT_OPTION', 'ALL');
INSERT INTO ops$publ.BLC_ADMIN_PERMISSION(ADMIN_PERMISSION_ID, DESCRIPTION, NAME, PERMISSION_TYPE) VALUES (-15, 'Read Product Option', 'PERMISSION_READ_PRODUCT_OPTION', 'READ');
INSERT INTO ops$publ.BLC_ADMIN_PERMISSION(ADMIN_PERMISSION_ID, DESCRIPTION, NAME, PERMISSION_TYPE) VALUES (-14, 'Delete Product Option', 'PERMISSION_DELETE_PRODUCT_OPTION', 'DELETE');
INSERT INTO ops$publ.BLC_ADMIN_PERMISSION(ADMIN_PERMISSION_ID, DESCRIPTION, NAME, PERMISSION_TYPE) VALUES (-13, 'Update Product Option', 'PERMISSION_UPDATE_PRODUCT_OPTION', 'UPDATE');
INSERT INTO ops$publ.BLC_ADMIN_PERMISSION(ADMIN_PERMISSION_ID, DESCRIPTION, NAME, PERMISSION_TYPE) VALUES (-12, 'Create Product Options', 'PERMISSION_CREATE_PRODUCT_OPTION', 'CREATE');
INSERT INTO ops$publ.BLC_ADMIN_PERMISSION(ADMIN_PERMISSION_ID, DESCRIPTION, NAME, PERMISSION_TYPE) VALUES (-11, 'All Product', 'PERMISSION_ALL_PRODUCT', 'ALL');
INSERT INTO ops$publ.BLC_ADMIN_PERMISSION(ADMIN_PERMISSION_ID, DESCRIPTION, NAME, PERMISSION_TYPE) VALUES (-10, 'Read Product', 'PERMISSION_READ_PRODUCT', 'READ');
INSERT INTO ops$publ.BLC_ADMIN_PERMISSION(ADMIN_PERMISSION_ID, DESCRIPTION, NAME, PERMISSION_TYPE) VALUES (-9, 'Delete Product', 'PERMISSION_DELETE_PRODUCT', 'DELETE');
INSERT INTO ops$publ.BLC_ADMIN_PERMISSION(ADMIN_PERMISSION_ID, DESCRIPTION, NAME, PERMISSION_TYPE) VALUES (-8, 'Update Product', 'PERMISSION_UPDATE_PRODUCT', 'UPDATE');
INSERT INTO ops$publ.BLC_ADMIN_PERMISSION(ADMIN_PERMISSION_ID, DESCRIPTION, NAME, PERMISSION_TYPE) VALUES (-7, 'Create Product', 'PERMISSION_CREATE_PRODUCT', 'CREATE');
INSERT INTO ops$publ.BLC_ADMIN_PERMISSION(ADMIN_PERMISSION_ID, DESCRIPTION, NAME, PERMISSION_TYPE) VALUES (-6, 'All Category', 'PERMISSION_ALL_CATEGORY', 'ALL');
INSERT INTO ops$publ.BLC_ADMIN_PERMISSION(ADMIN_PERMISSION_ID, DESCRIPTION, NAME, PERMISSION_TYPE) VALUES (-5, 'Read Category', 'PERMISSION_READ_CATEGORY', 'READ');
INSERT INTO ops$publ.BLC_ADMIN_PERMISSION(ADMIN_PERMISSION_ID, DESCRIPTION, NAME, PERMISSION_TYPE) VALUES (-4, 'Delete Category', 'PERMISSION_DELETE_CATEGORY', 'DELETE');
INSERT INTO ops$publ.BLC_ADMIN_PERMISSION(ADMIN_PERMISSION_ID, DESCRIPTION, NAME, PERMISSION_TYPE) VALUES (-3, 'Update Category', 'PERMISSION_UPDATE_CATEGORY', 'UPDATE');
INSERT INTO ops$publ.BLC_ADMIN_PERMISSION(ADMIN_PERMISSION_ID, DESCRIPTION, NAME, PERMISSION_TYPE) VALUES (-2, 'Create Category', 'PERMISSION_CREATE_CATEGORY', 'CREATE');
INSERT INTO ops$publ.BLC_ADMIN_PERMISSION(ADMIN_PERMISSION_ID, DESCRIPTION, NAME, PERMISSION_TYPE) VALUES (-1, 'Default Permission', 'PERMISSION_OTHER_DEFAULT', 'OTHER');
INSERT INTO ops$publ.BLC_ADMIN_PERMISSION_ENTITY(ADMIN_PERMISSION_ENTITY_ID, CEILING_ENTITY, ADMIN_PERMISSION_ID) VALUES (-909, 'org.broadleafcommerce.common.enumeration.domain.DataDrivenEnumerationValue', -98);
INSERT INTO ops$publ.BLC_ADMIN_PERMISSION_ENTITY(ADMIN_PERMISSION_ENTITY_ID, CEILING_ENTITY, ADMIN_PERMISSION_ID) VALUES (-908, 'org.broadleafcommerce.common.enumeration.domain.DataDrivenEnumerationValue', -97);
INSERT INTO ops$publ.BLC_ADMIN_PERMISSION_ENTITY(ADMIN_PERMISSION_ENTITY_ID, CEILING_ENTITY, ADMIN_PERMISSION_ID) VALUES (-907, 'org.broadleafcommerce.common.enumeration.domain.DataDrivenEnumerationValue', -96);
INSERT INTO ops$publ.BLC_ADMIN_PERMISSION_ENTITY(ADMIN_PERMISSION_ENTITY_ID, CEILING_ENTITY, ADMIN_PERMISSION_ID) VALUES (-906, 'org.broadleafcommerce.common.enumeration.domain.DataDrivenEnumerationValue', -95);
INSERT INTO ops$publ.BLC_ADMIN_PERMISSION_ENTITY(ADMIN_PERMISSION_ENTITY_ID, CEILING_ENTITY, ADMIN_PERMISSION_ID) VALUES (-905, 'org.broadleafcommerce.common.enumeration.domain.DataDrivenEnumerationValue', -94);
INSERT INTO ops$publ.BLC_ADMIN_PERMISSION_ENTITY(ADMIN_PERMISSION_ENTITY_ID, CEILING_ENTITY, ADMIN_PERMISSION_ID) VALUES (-904, 'org.broadleafcommerce.common.enumeration.domain.DataDrivenEnumeration', -98);
INSERT INTO ops$publ.BLC_ADMIN_PERMISSION_ENTITY(ADMIN_PERMISSION_ENTITY_ID, CEILING_ENTITY, ADMIN_PERMISSION_ID) VALUES (-903, 'org.broadleafcommerce.common.enumeration.domain.DataDrivenEnumeration', -97);
INSERT INTO ops$publ.BLC_ADMIN_PERMISSION_ENTITY(ADMIN_PERMISSION_ENTITY_ID, CEILING_ENTITY, ADMIN_PERMISSION_ID) VALUES (-902, 'org.broadleafcommerce.common.enumeration.domain.DataDrivenEnumeration', -96);
INSERT INTO ops$publ.BLC_ADMIN_PERMISSION_ENTITY(ADMIN_PERMISSION_ENTITY_ID, CEILING_ENTITY, ADMIN_PERMISSION_ID) VALUES (-901, 'org.broadleafcommerce.common.enumeration.domain.DataDrivenEnumeration', -95);
INSERT INTO ops$publ.BLC_ADMIN_PERMISSION_ENTITY(ADMIN_PERMISSION_ENTITY_ID, CEILING_ENTITY, ADMIN_PERMISSION_ID) VALUES (-900, 'org.broadleafcommerce.common.enumeration.domain.DataDrivenEnumeration', -94);
INSERT INTO ops$publ.BLC_ADMIN_PERMISSION_ENTITY(ADMIN_PERMISSION_ENTITY_ID, CEILING_ENTITY, ADMIN_PERMISSION_ID) VALUES (-884, 'org.broadleafcommerce.common.config.domain.ModuleConfiguration', -93);
INSERT INTO ops$publ.BLC_ADMIN_PERMISSION_ENTITY(ADMIN_PERMISSION_ENTITY_ID, CEILING_ENTITY, ADMIN_PERMISSION_ID) VALUES (-883, 'org.broadleafcommerce.common.config.domain.ModuleConfiguration', -92);
INSERT INTO ops$publ.BLC_ADMIN_PERMISSION_ENTITY(ADMIN_PERMISSION_ENTITY_ID, CEILING_ENTITY, ADMIN_PERMISSION_ID) VALUES (-882, 'org.broadleafcommerce.common.config.domain.ModuleConfiguration', -91);
INSERT INTO ops$publ.BLC_ADMIN_PERMISSION_ENTITY(ADMIN_PERMISSION_ENTITY_ID, CEILING_ENTITY, ADMIN_PERMISSION_ID) VALUES (-881, 'org.broadleafcommerce.common.config.domain.ModuleConfiguration', -90);
INSERT INTO ops$publ.BLC_ADMIN_PERMISSION_ENTITY(ADMIN_PERMISSION_ENTITY_ID, CEILING_ENTITY, ADMIN_PERMISSION_ID) VALUES (-880, 'org.broadleafcommerce.common.config.domain.ModuleConfiguration', -89);
INSERT INTO ops$publ.BLC_ADMIN_PERMISSION_ENTITY(ADMIN_PERMISSION_ENTITY_ID, CEILING_ENTITY, ADMIN_PERMISSION_ID) VALUES (-854, 'org.broadleafcommerce.common.currency.domain.BroadleafCurrency', -88);
INSERT INTO ops$publ.BLC_ADMIN_PERMISSION_ENTITY(ADMIN_PERMISSION_ENTITY_ID, CEILING_ENTITY, ADMIN_PERMISSION_ID) VALUES (-853, 'org.broadleafcommerce.common.currency.domain.BroadleafCurrency', -87);
INSERT INTO ops$publ.BLC_ADMIN_PERMISSION_ENTITY(ADMIN_PERMISSION_ENTITY_ID, CEILING_ENTITY, ADMIN_PERMISSION_ID) VALUES (-852, 'org.broadleafcommerce.common.currency.domain.BroadleafCurrency', -86);
INSERT INTO ops$publ.BLC_ADMIN_PERMISSION_ENTITY(ADMIN_PERMISSION_ENTITY_ID, CEILING_ENTITY, ADMIN_PERMISSION_ID) VALUES (-851, 'org.broadleafcommerce.common.currency.domain.BroadleafCurrency', -85);
INSERT INTO ops$publ.BLC_ADMIN_PERMISSION_ENTITY(ADMIN_PERMISSION_ENTITY_ID, CEILING_ENTITY, ADMIN_PERMISSION_ID) VALUES (-850, 'org.broadleafcommerce.common.currency.domain.BroadleafCurrency', -84);
INSERT INTO ops$publ.BLC_ADMIN_PERMISSION_ENTITY(ADMIN_PERMISSION_ENTITY_ID, CEILING_ENTITY, ADMIN_PERMISSION_ID) VALUES (-832, 'org.broadleafcommerce.core.search.domain.CategoryExcludedSearchFacet', -82);
INSERT INTO ops$publ.BLC_ADMIN_PERMISSION_ENTITY(ADMIN_PERMISSION_ENTITY_ID, CEILING_ENTITY, ADMIN_PERMISSION_ID) VALUES (-824, 'org.broadleafcommerce.core.search.domain.CategoryExcludedSearchFacet', -83);
INSERT INTO ops$publ.BLC_ADMIN_PERMISSION_ENTITY(ADMIN_PERMISSION_ENTITY_ID, CEILING_ENTITY, ADMIN_PERMISSION_ID) VALUES (-822, 'org.broadleafcommerce.core.search.domain.CategoryExcludedSearchFacet', -81);
INSERT INTO ops$publ.BLC_ADMIN_PERMISSION_ENTITY(ADMIN_PERMISSION_ENTITY_ID, CEILING_ENTITY, ADMIN_PERMISSION_ID) VALUES (-821, 'org.broadleafcommerce.core.search.domain.CategoryExcludedSearchFacet', -80);
INSERT INTO ops$publ.BLC_ADMIN_PERMISSION_ENTITY(ADMIN_PERMISSION_ENTITY_ID, CEILING_ENTITY, ADMIN_PERMISSION_ID) VALUES (-820, 'org.broadleafcommerce.core.search.domain.CategoryExcludedSearchFacet', -79);
INSERT INTO ops$publ.BLC_ADMIN_PERMISSION_ENTITY(ADMIN_PERMISSION_ENTITY_ID, CEILING_ENTITY, ADMIN_PERMISSION_ID) VALUES (-819, 'org.broadleafcommerce.core.search.domain.SearchFacetRange', -83);
INSERT INTO ops$publ.BLC_ADMIN_PERMISSION_ENTITY(ADMIN_PERMISSION_ENTITY_ID, CEILING_ENTITY, ADMIN_PERMISSION_ID) VALUES (-818, 'org.broadleafcommerce.core.search.domain.SearchFacetRange', -82);
INSERT INTO ops$publ.BLC_ADMIN_PERMISSION_ENTITY(ADMIN_PERMISSION_ENTITY_ID, CEILING_ENTITY, ADMIN_PERMISSION_ID) VALUES (-817, 'org.broadleafcommerce.core.search.domain.SearchFacetRange', -81);
INSERT INTO ops$publ.BLC_ADMIN_PERMISSION_ENTITY(ADMIN_PERMISSION_ENTITY_ID, CEILING_ENTITY, ADMIN_PERMISSION_ID) VALUES (-816, 'org.broadleafcommerce.core.search.domain.SearchFacetRange', -80);
INSERT INTO ops$publ.BLC_ADMIN_PERMISSION_ENTITY(ADMIN_PERMISSION_ENTITY_ID, CEILING_ENTITY, ADMIN_PERMISSION_ID) VALUES (-815, 'org.broadleafcommerce.core.search.domain.SearchFacetRange', -79);
INSERT INTO ops$publ.BLC_ADMIN_PERMISSION_ENTITY(ADMIN_PERMISSION_ENTITY_ID, CEILING_ENTITY, ADMIN_PERMISSION_ID) VALUES (-814, 'org.broadleafcommerce.core.search.domain.CategorySearchFacet', -83);
INSERT INTO ops$publ.BLC_ADMIN_PERMISSION_ENTITY(ADMIN_PERMISSION_ENTITY_ID, CEILING_ENTITY, ADMIN_PERMISSION_ID) VALUES (-813, 'org.broadleafcommerce.core.search.domain.CategorySearchFacet', -82);
INSERT INTO ops$publ.BLC_ADMIN_PERMISSION_ENTITY(ADMIN_PERMISSION_ENTITY_ID, CEILING_ENTITY, ADMIN_PERMISSION_ID) VALUES (-812, 'org.broadleafcommerce.core.search.domain.CategorySearchFacet', -81);
INSERT INTO ops$publ.BLC_ADMIN_PERMISSION_ENTITY(ADMIN_PERMISSION_ENTITY_ID, CEILING_ENTITY, ADMIN_PERMISSION_ID) VALUES (-811, 'org.broadleafcommerce.core.search.domain.CategorySearchFacet', -80);
INSERT INTO ops$publ.BLC_ADMIN_PERMISSION_ENTITY(ADMIN_PERMISSION_ENTITY_ID, CEILING_ENTITY, ADMIN_PERMISSION_ID) VALUES (-810, 'org.broadleafcommerce.core.search.domain.CategorySearchFacet', -79);
INSERT INTO ops$publ.BLC_ADMIN_PERMISSION_ENTITY(ADMIN_PERMISSION_ENTITY_ID, CEILING_ENTITY, ADMIN_PERMISSION_ID) VALUES (-809, 'org.broadleafcommerce.core.search.domain.Field', -83);
INSERT INTO ops$publ.BLC_ADMIN_PERMISSION_ENTITY(ADMIN_PERMISSION_ENTITY_ID, CEILING_ENTITY, ADMIN_PERMISSION_ID) VALUES (-808, 'org.broadleafcommerce.core.search.domain.Field', -82);
INSERT INTO ops$publ.BLC_ADMIN_PERMISSION_ENTITY(ADMIN_PERMISSION_ENTITY_ID, CEILING_ENTITY, ADMIN_PERMISSION_ID) VALUES (-807, 'org.broadleafcommerce.core.search.domain.Field', -81);
INSERT INTO ops$publ.BLC_ADMIN_PERMISSION_ENTITY(ADMIN_PERMISSION_ENTITY_ID, CEILING_ENTITY, ADMIN_PERMISSION_ID) VALUES (-806, 'org.broadleafcommerce.core.search.domain.Field', -80);
INSERT INTO ops$publ.BLC_ADMIN_PERMISSION_ENTITY(ADMIN_PERMISSION_ENTITY_ID, CEILING_ENTITY, ADMIN_PERMISSION_ID) VALUES (-805, 'org.broadleafcommerce.core.search.domain.Field', -79);
INSERT INTO ops$publ.BLC_ADMIN_PERMISSION_ENTITY(ADMIN_PERMISSION_ENTITY_ID, CEILING_ENTITY, ADMIN_PERMISSION_ID) VALUES (-804, 'org.broadleafcommerce.core.search.domain.SearchFacet', -83);
INSERT INTO ops$publ.BLC_ADMIN_PERMISSION_ENTITY(ADMIN_PERMISSION_ENTITY_ID, CEILING_ENTITY, ADMIN_PERMISSION_ID) VALUES (-803, 'org.broadleafcommerce.core.search.domain.SearchFacet', -82);
INSERT INTO ops$publ.BLC_ADMIN_PERMISSION_ENTITY(ADMIN_PERMISSION_ENTITY_ID, CEILING_ENTITY, ADMIN_PERMISSION_ID) VALUES (-802, 'org.broadleafcommerce.core.search.domain.SearchFacet', -81);
INSERT INTO ops$publ.BLC_ADMIN_PERMISSION_ENTITY(ADMIN_PERMISSION_ENTITY_ID, CEILING_ENTITY, ADMIN_PERMISSION_ID) VALUES (-801, 'org.broadleafcommerce.core.search.domain.SearchFacet', -80);
INSERT INTO ops$publ.BLC_ADMIN_PERMISSION_ENTITY(ADMIN_PERMISSION_ENTITY_ID, CEILING_ENTITY, ADMIN_PERMISSION_ID) VALUES (-800, 'org.broadleafcommerce.core.search.domain.SearchFacet', -79);
INSERT INTO ops$publ.BLC_ADMIN_PERMISSION_ENTITY(ADMIN_PERMISSION_ENTITY_ID, CEILING_ENTITY, ADMIN_PERMISSION_ID) VALUES (-784, 'org.broadleafcommerce.core.search.redirect.domain.SearchRedirect', -78);
INSERT INTO ops$publ.BLC_ADMIN_PERMISSION_ENTITY(ADMIN_PERMISSION_ENTITY_ID, CEILING_ENTITY, ADMIN_PERMISSION_ID) VALUES (-783, 'org.broadleafcommerce.core.search.redirect.domain.SearchRedirect', -77);
INSERT INTO ops$publ.BLC_ADMIN_PERMISSION_ENTITY(ADMIN_PERMISSION_ENTITY_ID, CEILING_ENTITY, ADMIN_PERMISSION_ID) VALUES (-782, 'org.broadleafcommerce.core.search.redirect.domain.SearchRedirect', -76);
INSERT INTO ops$publ.BLC_ADMIN_PERMISSION_ENTITY(ADMIN_PERMISSION_ENTITY_ID, CEILING_ENTITY, ADMIN_PERMISSION_ID) VALUES (-781, 'org.broadleafcommerce.core.search.redirect.domain.SearchRedirect', -75);
INSERT INTO ops$publ.BLC_ADMIN_PERMISSION_ENTITY(ADMIN_PERMISSION_ENTITY_ID, CEILING_ENTITY, ADMIN_PERMISSION_ID) VALUES (-780, 'org.broadleafcommerce.core.search.redirect.domain.SearchRedirect', -74);
INSERT INTO ops$publ.BLC_ADMIN_PERMISSION_ENTITY(ADMIN_PERMISSION_ENTITY_ID, CEILING_ENTITY, ADMIN_PERMISSION_ID) VALUES (-759, 'org.broadleafcommerce.common.locale.domain.Locale', -73);
INSERT INTO ops$publ.BLC_ADMIN_PERMISSION_ENTITY(ADMIN_PERMISSION_ENTITY_ID, CEILING_ENTITY, ADMIN_PERMISSION_ID) VALUES (-758, 'org.broadleafcommerce.common.locale.domain.Locale', -72);
INSERT INTO ops$publ.BLC_ADMIN_PERMISSION_ENTITY(ADMIN_PERMISSION_ENTITY_ID, CEILING_ENTITY, ADMIN_PERMISSION_ID) VALUES (-757, 'org.broadleafcommerce.common.locale.domain.Locale', -71);
INSERT INTO ops$publ.BLC_ADMIN_PERMISSION_ENTITY(ADMIN_PERMISSION_ENTITY_ID, CEILING_ENTITY, ADMIN_PERMISSION_ID) VALUES (-756, 'org.broadleafcommerce.common.locale.domain.Locale', -70);
INSERT INTO ops$publ.BLC_ADMIN_PERMISSION_ENTITY(ADMIN_PERMISSION_ENTITY_ID, CEILING_ENTITY, ADMIN_PERMISSION_ID) VALUES (-755, 'org.broadleafcommerce.common.locale.domain.Locale', -69);
INSERT INTO ops$publ.BLC_ADMIN_PERMISSION_ENTITY(ADMIN_PERMISSION_ENTITY_ID, CEILING_ENTITY, ADMIN_PERMISSION_ID) VALUES (-754, 'org.broadleafcommerce.cms.url.domain.URLHandler', -73);
INSERT INTO ops$publ.BLC_ADMIN_PERMISSION_ENTITY(ADMIN_PERMISSION_ENTITY_ID, CEILING_ENTITY, ADMIN_PERMISSION_ID) VALUES (-753, 'org.broadleafcommerce.cms.url.domain.URLHandler', -72);
INSERT INTO ops$publ.BLC_ADMIN_PERMISSION_ENTITY(ADMIN_PERMISSION_ENTITY_ID, CEILING_ENTITY, ADMIN_PERMISSION_ID) VALUES (-752, 'org.broadleafcommerce.cms.url.domain.URLHandler', -71);
INSERT INTO ops$publ.BLC_ADMIN_PERMISSION_ENTITY(ADMIN_PERMISSION_ENTITY_ID, CEILING_ENTITY, ADMIN_PERMISSION_ID) VALUES (-751, 'org.broadleafcommerce.cms.url.domain.URLHandler', -70);
INSERT INTO ops$publ.BLC_ADMIN_PERMISSION_ENTITY(ADMIN_PERMISSION_ENTITY_ID, CEILING_ENTITY, ADMIN_PERMISSION_ID) VALUES (-750, 'org.broadleafcommerce.cms.url.domain.URLHandler', -69);
INSERT INTO ops$publ.BLC_ADMIN_PERMISSION_ENTITY(ADMIN_PERMISSION_ENTITY_ID, CEILING_ENTITY, ADMIN_PERMISSION_ID) VALUES (-737, 'org.broadleafcommerce.openadmin.server.security.domain.AdminPermission', -68);
INSERT INTO ops$publ.BLC_ADMIN_PERMISSION_ENTITY(ADMIN_PERMISSION_ENTITY_ID, CEILING_ENTITY, ADMIN_PERMISSION_ID) VALUES (-736, 'org.broadleafcommerce.openadmin.server.security.domain.AdminPermission', -67);
INSERT INTO ops$publ.BLC_ADMIN_PERMISSION_ENTITY(ADMIN_PERMISSION_ENTITY_ID, CEILING_ENTITY, ADMIN_PERMISSION_ID) VALUES (-735, 'org.broadleafcommerce.openadmin.server.security.domain.AdminPermission', -66);
INSERT INTO ops$publ.BLC_ADMIN_PERMISSION_ENTITY(ADMIN_PERMISSION_ENTITY_ID, CEILING_ENTITY, ADMIN_PERMISSION_ID) VALUES (-734, 'org.broadleafcommerce.openadmin.server.security.domain.AdminPermission', -65);
INSERT INTO ops$publ.BLC_ADMIN_PERMISSION_ENTITY(ADMIN_PERMISSION_ENTITY_ID, CEILING_ENTITY, ADMIN_PERMISSION_ID) VALUES (-733, 'org.broadleafcommerce.openadmin.server.security.domain.AdminPermission', -64);
INSERT INTO ops$publ.BLC_ADMIN_PERMISSION_ENTITY(ADMIN_PERMISSION_ENTITY_ID, CEILING_ENTITY, ADMIN_PERMISSION_ID) VALUES (-732, 'org.broadleafcommerce.openadmin.server.security.domain.AdminRole', -68);
INSERT INTO ops$publ.BLC_ADMIN_PERMISSION_ENTITY(ADMIN_PERMISSION_ENTITY_ID, CEILING_ENTITY, ADMIN_PERMISSION_ID) VALUES (-731, 'org.broadleafcommerce.openadmin.server.security.domain.AdminRole', -67);
INSERT INTO ops$publ.BLC_ADMIN_PERMISSION_ENTITY(ADMIN_PERMISSION_ENTITY_ID, CEILING_ENTITY, ADMIN_PERMISSION_ID) VALUES (-730, 'org.broadleafcommerce.openadmin.server.security.domain.AdminRole', -66);
INSERT INTO ops$publ.BLC_ADMIN_PERMISSION_ENTITY(ADMIN_PERMISSION_ENTITY_ID, CEILING_ENTITY, ADMIN_PERMISSION_ID) VALUES (-726, 'org.broadleafcommerce.openadmin.server.security.domain.AdminRole', -65);
INSERT INTO ops$publ.BLC_ADMIN_PERMISSION_ENTITY(ADMIN_PERMISSION_ENTITY_ID, CEILING_ENTITY, ADMIN_PERMISSION_ID) VALUES (-725, 'org.broadleafcommerce.openadmin.server.security.domain.AdminRole', -64);
INSERT INTO ops$publ.BLC_ADMIN_PERMISSION_ENTITY(ADMIN_PERMISSION_ENTITY_ID, CEILING_ENTITY, ADMIN_PERMISSION_ID) VALUES (-724, 'org.broadleafcommerce.openadmin.server.security.domain.AdminUser', -68);
INSERT INTO ops$publ.BLC_ADMIN_PERMISSION_ENTITY(ADMIN_PERMISSION_ENTITY_ID, CEILING_ENTITY, ADMIN_PERMISSION_ID) VALUES (-723, 'org.broadleafcommerce.openadmin.server.security.domain.AdminUser', -67);
INSERT INTO ops$publ.BLC_ADMIN_PERMISSION_ENTITY(ADMIN_PERMISSION_ENTITY_ID, CEILING_ENTITY, ADMIN_PERMISSION_ID) VALUES (-722, 'org.broadleafcommerce.openadmin.server.security.domain.AdminUser', -66);
INSERT INTO ops$publ.BLC_ADMIN_PERMISSION_ENTITY(ADMIN_PERMISSION_ENTITY_ID, CEILING_ENTITY, ADMIN_PERMISSION_ID) VALUES (-721, 'org.broadleafcommerce.openadmin.server.security.domain.AdminUser', -65);
INSERT INTO ops$publ.BLC_ADMIN_PERMISSION_ENTITY(ADMIN_PERMISSION_ENTITY_ID, CEILING_ENTITY, ADMIN_PERMISSION_ID) VALUES (-720, 'org.broadleafcommerce.openadmin.server.security.domain.AdminUser', -64);
INSERT INTO ops$publ.BLC_ADMIN_PERMISSION_ENTITY(ADMIN_PERMISSION_ENTITY_ID, CEILING_ENTITY, ADMIN_PERMISSION_ID) VALUES (-701, 'org.broadleafcommerce.openadmin.server.domain.SandBoxItem', -63);
INSERT INTO ops$publ.BLC_ADMIN_PERMISSION_ENTITY(ADMIN_PERMISSION_ENTITY_ID, CEILING_ENTITY, ADMIN_PERMISSION_ID) VALUES (-700, 'org.broadleafcommerce.openadmin.server.domain.SandBoxItem', -62);
INSERT INTO ops$publ.BLC_ADMIN_PERMISSION_ENTITY(ADMIN_PERMISSION_ENTITY_ID, CEILING_ENTITY, ADMIN_PERMISSION_ID) VALUES (-674, 'org.broadleafcommerce.common.locale.domain.Locale', -61);
INSERT INTO ops$publ.BLC_ADMIN_PERMISSION_ENTITY(ADMIN_PERMISSION_ENTITY_ID, CEILING_ENTITY, ADMIN_PERMISSION_ID) VALUES (-673, 'org.broadleafcommerce.common.locale.domain.Locale', -60);
INSERT INTO ops$publ.BLC_ADMIN_PERMISSION_ENTITY(ADMIN_PERMISSION_ENTITY_ID, CEILING_ENTITY, ADMIN_PERMISSION_ID) VALUES (-672, 'org.broadleafcommerce.common.locale.domain.Locale', -59);
INSERT INTO ops$publ.BLC_ADMIN_PERMISSION_ENTITY(ADMIN_PERMISSION_ENTITY_ID, CEILING_ENTITY, ADMIN_PERMISSION_ID) VALUES (-671, 'org.broadleafcommerce.common.locale.domain.Locale', -58);
INSERT INTO ops$publ.BLC_ADMIN_PERMISSION_ENTITY(ADMIN_PERMISSION_ENTITY_ID, CEILING_ENTITY, ADMIN_PERMISSION_ID) VALUES (-670, 'org.broadleafcommerce.common.locale.domain.Locale', -57);
INSERT INTO ops$publ.BLC_ADMIN_PERMISSION_ENTITY(ADMIN_PERMISSION_ENTITY_ID, CEILING_ENTITY, ADMIN_PERMISSION_ID) VALUES (-669, 'org.broadleafcommerce.cms.structure.domain.StructuredContentFieldTemplate', -61);
INSERT INTO ops$publ.BLC_ADMIN_PERMISSION_ENTITY(ADMIN_PERMISSION_ENTITY_ID, CEILING_ENTITY, ADMIN_PERMISSION_ID) VALUES (-668, 'org.broadleafcommerce.cms.structure.domain.StructuredContentFieldTemplate', -60);
INSERT INTO ops$publ.BLC_ADMIN_PERMISSION_ENTITY(ADMIN_PERMISSION_ENTITY_ID, CEILING_ENTITY, ADMIN_PERMISSION_ID) VALUES (-667, 'org.broadleafcommerce.cms.structure.domain.StructuredContentFieldTemplate', -59);
INSERT INTO ops$publ.BLC_ADMIN_PERMISSION_ENTITY(ADMIN_PERMISSION_ENTITY_ID, CEILING_ENTITY, ADMIN_PERMISSION_ID) VALUES (-666, 'org.broadleafcommerce.cms.structure.domain.StructuredContentFieldTemplate', -58);
INSERT INTO ops$publ.BLC_ADMIN_PERMISSION_ENTITY(ADMIN_PERMISSION_ENTITY_ID, CEILING_ENTITY, ADMIN_PERMISSION_ID) VALUES (-665, 'org.broadleafcommerce.cms.structure.domain.StructuredContentFieldTemplate', -57);
INSERT INTO ops$publ.BLC_ADMIN_PERMISSION_ENTITY(ADMIN_PERMISSION_ENTITY_ID, CEILING_ENTITY, ADMIN_PERMISSION_ID) VALUES (-664, 'org.broadleafcommerce.cms.structure.domain.StructuredContentItemCriteria', -61);
INSERT INTO ops$publ.BLC_ADMIN_PERMISSION_ENTITY(ADMIN_PERMISSION_ENTITY_ID, CEILING_ENTITY, ADMIN_PERMISSION_ID) VALUES (-663, 'org.broadleafcommerce.cms.structure.domain.StructuredContentItemCriteria', -60);
INSERT INTO ops$publ.BLC_ADMIN_PERMISSION_ENTITY(ADMIN_PERMISSION_ENTITY_ID, CEILING_ENTITY, ADMIN_PERMISSION_ID) VALUES (-662, 'org.broadleafcommerce.cms.structure.domain.StructuredContentItemCriteria', -59);
INSERT INTO ops$publ.BLC_ADMIN_PERMISSION_ENTITY(ADMIN_PERMISSION_ENTITY_ID, CEILING_ENTITY, ADMIN_PERMISSION_ID) VALUES (-661, 'org.broadleafcommerce.cms.structure.domain.StructuredContentItemCriteria', -58);
INSERT INTO ops$publ.BLC_ADMIN_PERMISSION_ENTITY(ADMIN_PERMISSION_ENTITY_ID, CEILING_ENTITY, ADMIN_PERMISSION_ID) VALUES (-660, 'org.broadleafcommerce.cms.structure.domain.StructuredContentItemCriteria', -57);
INSERT INTO ops$publ.BLC_ADMIN_PERMISSION_ENTITY(ADMIN_PERMISSION_ENTITY_ID, CEILING_ENTITY, ADMIN_PERMISSION_ID) VALUES (-659, 'org.broadleafcommerce.cms.structure.domain.StructuredContentType', -61);
INSERT INTO ops$publ.BLC_ADMIN_PERMISSION_ENTITY(ADMIN_PERMISSION_ENTITY_ID, CEILING_ENTITY, ADMIN_PERMISSION_ID) VALUES (-658, 'org.broadleafcommerce.cms.structure.domain.StructuredContentType', -60);
INSERT INTO ops$publ.BLC_ADMIN_PERMISSION_ENTITY(ADMIN_PERMISSION_ENTITY_ID, CEILING_ENTITY, ADMIN_PERMISSION_ID) VALUES (-657, 'org.broadleafcommerce.cms.structure.domain.StructuredContentType', -59);
INSERT INTO ops$publ.BLC_ADMIN_PERMISSION_ENTITY(ADMIN_PERMISSION_ENTITY_ID, CEILING_ENTITY, ADMIN_PERMISSION_ID) VALUES (-656, 'org.broadleafcommerce.cms.structure.domain.StructuredContentType', -58);
INSERT INTO ops$publ.BLC_ADMIN_PERMISSION_ENTITY(ADMIN_PERMISSION_ENTITY_ID, CEILING_ENTITY, ADMIN_PERMISSION_ID) VALUES (-655, 'org.broadleafcommerce.cms.structure.domain.StructuredContentType', -57);
INSERT INTO ops$publ.BLC_ADMIN_PERMISSION_ENTITY(ADMIN_PERMISSION_ENTITY_ID, CEILING_ENTITY, ADMIN_PERMISSION_ID) VALUES (-654, 'org.broadleafcommerce.cms.structure.domain.StructuredContent', -61);
INSERT INTO ops$publ.BLC_ADMIN_PERMISSION_ENTITY(ADMIN_PERMISSION_ENTITY_ID, CEILING_ENTITY, ADMIN_PERMISSION_ID) VALUES (-653, 'org.broadleafcommerce.cms.structure.domain.StructuredContent', -60);
INSERT INTO ops$publ.BLC_ADMIN_PERMISSION_ENTITY(ADMIN_PERMISSION_ENTITY_ID, CEILING_ENTITY, ADMIN_PERMISSION_ID) VALUES (-652, 'org.broadleafcommerce.cms.structure.domain.StructuredContent', -59);
INSERT INTO ops$publ.BLC_ADMIN_PERMISSION_ENTITY(ADMIN_PERMISSION_ENTITY_ID, CEILING_ENTITY, ADMIN_PERMISSION_ID) VALUES (-651, 'org.broadleafcommerce.cms.structure.domain.StructuredContent', -58);
INSERT INTO ops$publ.BLC_ADMIN_PERMISSION_ENTITY(ADMIN_PERMISSION_ENTITY_ID, CEILING_ENTITY, ADMIN_PERMISSION_ID) VALUES (-650, 'org.broadleafcommerce.cms.structure.domain.StructuredContent', -57);
INSERT INTO ops$publ.BLC_ADMIN_PERMISSION_ENTITY(ADMIN_PERMISSION_ENTITY_ID, CEILING_ENTITY, ADMIN_PERMISSION_ID) VALUES (-609, 'org.broadleafcommerce.cms.file.domain.StaticAssetFolder', -56);
INSERT INTO ops$publ.BLC_ADMIN_PERMISSION_ENTITY(ADMIN_PERMISSION_ENTITY_ID, CEILING_ENTITY, ADMIN_PERMISSION_ID) VALUES (-608, 'org.broadleafcommerce.cms.file.domain.StaticAssetFolder', -55);
INSERT INTO ops$publ.BLC_ADMIN_PERMISSION_ENTITY(ADMIN_PERMISSION_ENTITY_ID, CEILING_ENTITY, ADMIN_PERMISSION_ID) VALUES (-607, 'org.broadleafcommerce.cms.file.domain.StaticAssetFolder', -54);
INSERT INTO ops$publ.BLC_ADMIN_PERMISSION_ENTITY(ADMIN_PERMISSION_ENTITY_ID, CEILING_ENTITY, ADMIN_PERMISSION_ID) VALUES (-606, 'org.broadleafcommerce.cms.file.domain.StaticAssetFolder', -53);
INSERT INTO ops$publ.BLC_ADMIN_PERMISSION_ENTITY(ADMIN_PERMISSION_ENTITY_ID, CEILING_ENTITY, ADMIN_PERMISSION_ID) VALUES (-605, 'org.broadleafcommerce.cms.file.domain.StaticAssetFolder', -52);
INSERT INTO ops$publ.BLC_ADMIN_PERMISSION_ENTITY(ADMIN_PERMISSION_ENTITY_ID, CEILING_ENTITY, ADMIN_PERMISSION_ID) VALUES (-604, 'org.broadleafcommerce.cms.file.domain.StaticAsset', -56);
INSERT INTO ops$publ.BLC_ADMIN_PERMISSION_ENTITY(ADMIN_PERMISSION_ENTITY_ID, CEILING_ENTITY, ADMIN_PERMISSION_ID) VALUES (-603, 'org.broadleafcommerce.cms.file.domain.StaticAsset', -55);
INSERT INTO ops$publ.BLC_ADMIN_PERMISSION_ENTITY(ADMIN_PERMISSION_ENTITY_ID, CEILING_ENTITY, ADMIN_PERMISSION_ID) VALUES (-602, 'org.broadleafcommerce.cms.file.domain.StaticAsset', -54);
INSERT INTO ops$publ.BLC_ADMIN_PERMISSION_ENTITY(ADMIN_PERMISSION_ENTITY_ID, CEILING_ENTITY, ADMIN_PERMISSION_ID) VALUES (-601, 'org.broadleafcommerce.cms.file.domain.StaticAsset', -53);
INSERT INTO ops$publ.BLC_ADMIN_PERMISSION_ENTITY(ADMIN_PERMISSION_ENTITY_ID, CEILING_ENTITY, ADMIN_PERMISSION_ID) VALUES (-600, 'org.broadleafcommerce.cms.file.domain.StaticAsset', -52);
INSERT INTO ops$publ.BLC_ADMIN_PERMISSION_ENTITY(ADMIN_PERMISSION_ENTITY_ID, CEILING_ENTITY, ADMIN_PERMISSION_ID) VALUES (-569, 'org.broadleafcommerce.common.locale.domain.Locale', -51);
INSERT INTO ops$publ.BLC_ADMIN_PERMISSION_ENTITY(ADMIN_PERMISSION_ENTITY_ID, CEILING_ENTITY, ADMIN_PERMISSION_ID) VALUES (-568, 'org.broadleafcommerce.common.locale.domain.Locale', -50);
INSERT INTO ops$publ.BLC_ADMIN_PERMISSION_ENTITY(ADMIN_PERMISSION_ENTITY_ID, CEILING_ENTITY, ADMIN_PERMISSION_ID) VALUES (-567, 'org.broadleafcommerce.common.locale.domain.Locale', -49);
INSERT INTO ops$publ.BLC_ADMIN_PERMISSION_ENTITY(ADMIN_PERMISSION_ENTITY_ID, CEILING_ENTITY, ADMIN_PERMISSION_ID) VALUES (-566, 'org.broadleafcommerce.common.locale.domain.Locale', -48);
INSERT INTO ops$publ.BLC_ADMIN_PERMISSION_ENTITY(ADMIN_PERMISSION_ENTITY_ID, CEILING_ENTITY, ADMIN_PERMISSION_ID) VALUES (-565, 'org.broadleafcommerce.common.locale.domain.Locale', -47);
INSERT INTO ops$publ.BLC_ADMIN_PERMISSION_ENTITY(ADMIN_PERMISSION_ENTITY_ID, CEILING_ENTITY, ADMIN_PERMISSION_ID) VALUES (-564, 'org.broadleafcommerce.cms.page.domain.PageItemCriteria', -51);
INSERT INTO ops$publ.BLC_ADMIN_PERMISSION_ENTITY(ADMIN_PERMISSION_ENTITY_ID, CEILING_ENTITY, ADMIN_PERMISSION_ID) VALUES (-563, 'org.broadleafcommerce.cms.page.domain.PageItemCriteria', -50);
INSERT INTO ops$publ.BLC_ADMIN_PERMISSION_ENTITY(ADMIN_PERMISSION_ENTITY_ID, CEILING_ENTITY, ADMIN_PERMISSION_ID) VALUES (-562, 'org.broadleafcommerce.cms.page.domain.PageItemCriteria', -49);
INSERT INTO ops$publ.BLC_ADMIN_PERMISSION_ENTITY(ADMIN_PERMISSION_ENTITY_ID, CEILING_ENTITY, ADMIN_PERMISSION_ID) VALUES (-561, 'org.broadleafcommerce.cms.page.domain.PageItemCriteria', -48);
INSERT INTO ops$publ.BLC_ADMIN_PERMISSION_ENTITY(ADMIN_PERMISSION_ENTITY_ID, CEILING_ENTITY, ADMIN_PERMISSION_ID) VALUES (-560, 'org.broadleafcommerce.cms.page.domain.PageItemCriteria', -47);
INSERT INTO ops$publ.BLC_ADMIN_PERMISSION_ENTITY(ADMIN_PERMISSION_ENTITY_ID, CEILING_ENTITY, ADMIN_PERMISSION_ID) VALUES (-559, 'org.broadleafcommerce.cms.page.domain.PageTemplate', -51);
INSERT INTO ops$publ.BLC_ADMIN_PERMISSION_ENTITY(ADMIN_PERMISSION_ENTITY_ID, CEILING_ENTITY, ADMIN_PERMISSION_ID) VALUES (-558, 'org.broadleafcommerce.cms.page.domain.PageTemplate', -50);
INSERT INTO ops$publ.BLC_ADMIN_PERMISSION_ENTITY(ADMIN_PERMISSION_ENTITY_ID, CEILING_ENTITY, ADMIN_PERMISSION_ID) VALUES (-557, 'org.broadleafcommerce.cms.page.domain.PageTemplate', -49);
INSERT INTO ops$publ.BLC_ADMIN_PERMISSION_ENTITY(ADMIN_PERMISSION_ENTITY_ID, CEILING_ENTITY, ADMIN_PERMISSION_ID) VALUES (-556, 'org.broadleafcommerce.cms.page.domain.PageTemplate', -48);
INSERT INTO ops$publ.BLC_ADMIN_PERMISSION_ENTITY(ADMIN_PERMISSION_ENTITY_ID, CEILING_ENTITY, ADMIN_PERMISSION_ID) VALUES (-555, 'org.broadleafcommerce.cms.page.domain.PageTemplate', -47);
INSERT INTO ops$publ.BLC_ADMIN_PERMISSION_ENTITY(ADMIN_PERMISSION_ENTITY_ID, CEILING_ENTITY, ADMIN_PERMISSION_ID) VALUES (-554, 'org.broadleafcommerce.cms.page.domain.Page', -51);
INSERT INTO ops$publ.BLC_ADMIN_PERMISSION_ENTITY(ADMIN_PERMISSION_ENTITY_ID, CEILING_ENTITY, ADMIN_PERMISSION_ID) VALUES (-553, 'org.broadleafcommerce.cms.page.domain.Page', -50);
INSERT INTO ops$publ.BLC_ADMIN_PERMISSION_ENTITY(ADMIN_PERMISSION_ENTITY_ID, CEILING_ENTITY, ADMIN_PERMISSION_ID) VALUES (-552, 'org.broadleafcommerce.cms.page.domain.Page', -49);
INSERT INTO ops$publ.BLC_ADMIN_PERMISSION_ENTITY(ADMIN_PERMISSION_ENTITY_ID, CEILING_ENTITY, ADMIN_PERMISSION_ID) VALUES (-551, 'org.broadleafcommerce.cms.page.domain.Page', -48);
INSERT INTO ops$publ.BLC_ADMIN_PERMISSION_ENTITY(ADMIN_PERMISSION_ENTITY_ID, CEILING_ENTITY, ADMIN_PERMISSION_ID) VALUES (-550, 'org.broadleafcommerce.cms.page.domain.Page', -47);
INSERT INTO ops$publ.BLC_ADMIN_PERMISSION_ENTITY(ADMIN_PERMISSION_ENTITY_ID, CEILING_ENTITY, ADMIN_PERMISSION_ID) VALUES (-534, 'org.broadleafcommerce.core.catalog.domain.CrossSaleProductImpl', -46);
INSERT INTO ops$publ.BLC_ADMIN_PERMISSION_ENTITY(ADMIN_PERMISSION_ENTITY_ID, CEILING_ENTITY, ADMIN_PERMISSION_ID) VALUES (-533, 'org.broadleafcommerce.core.catalog.domain.CrossSaleProductImpl', -45);
INSERT INTO ops$publ.BLC_ADMIN_PERMISSION_ENTITY(ADMIN_PERMISSION_ENTITY_ID, CEILING_ENTITY, ADMIN_PERMISSION_ID) VALUES (-532, 'org.broadleafcommerce.core.catalog.domain.CrossSaleProductImpl', -44);
INSERT INTO ops$publ.BLC_ADMIN_PERMISSION_ENTITY(ADMIN_PERMISSION_ENTITY_ID, CEILING_ENTITY, ADMIN_PERMISSION_ID) VALUES (-531, 'org.broadleafcommerce.core.catalog.domain.CrossSaleProductImpl', -43);
INSERT INTO ops$publ.BLC_ADMIN_PERMISSION_ENTITY(ADMIN_PERMISSION_ENTITY_ID, CEILING_ENTITY, ADMIN_PERMISSION_ID) VALUES (-530, 'org.broadleafcommerce.core.catalog.domain.CrossSaleProductImpl', -42);
INSERT INTO ops$publ.BLC_ADMIN_PERMISSION_ENTITY(ADMIN_PERMISSION_ENTITY_ID, CEILING_ENTITY, ADMIN_PERMISSION_ID) VALUES (-529, 'org.broadleafcommerce.profile.core.domain.CustomerPhone', -46);
INSERT INTO ops$publ.BLC_ADMIN_PERMISSION_ENTITY(ADMIN_PERMISSION_ENTITY_ID, CEILING_ENTITY, ADMIN_PERMISSION_ID) VALUES (-528, 'org.broadleafcommerce.profile.core.domain.CustomerPhone', -45);
INSERT INTO ops$publ.BLC_ADMIN_PERMISSION_ENTITY(ADMIN_PERMISSION_ENTITY_ID, CEILING_ENTITY, ADMIN_PERMISSION_ID) VALUES (-527, 'org.broadleafcommerce.profile.core.domain.CustomerPhone', -44);
INSERT INTO ops$publ.BLC_ADMIN_PERMISSION_ENTITY(ADMIN_PERMISSION_ENTITY_ID, CEILING_ENTITY, ADMIN_PERMISSION_ID) VALUES (-526, 'org.broadleafcommerce.profile.core.domain.CustomerPhone', -43);
INSERT INTO ops$publ.BLC_ADMIN_PERMISSION_ENTITY(ADMIN_PERMISSION_ENTITY_ID, CEILING_ENTITY, ADMIN_PERMISSION_ID) VALUES (-525, 'org.broadleafcommerce.profile.core.domain.CustomerPhone', -42);
INSERT INTO ops$publ.BLC_ADMIN_PERMISSION_ENTITY(ADMIN_PERMISSION_ENTITY_ID, CEILING_ENTITY, ADMIN_PERMISSION_ID) VALUES (-524, 'org.broadleafcommerce.profile.core.domain.CustomerPayment', -46);
INSERT INTO ops$publ.BLC_ADMIN_PERMISSION_ENTITY(ADMIN_PERMISSION_ENTITY_ID, CEILING_ENTITY, ADMIN_PERMISSION_ID) VALUES (-523, 'org.broadleafcommerce.profile.core.domain.CustomerPayment', -45);
INSERT INTO ops$publ.BLC_ADMIN_PERMISSION_ENTITY(ADMIN_PERMISSION_ENTITY_ID, CEILING_ENTITY, ADMIN_PERMISSION_ID) VALUES (-522, 'org.broadleafcommerce.profile.core.domain.CustomerPayment', -44);
INSERT INTO ops$publ.BLC_ADMIN_PERMISSION_ENTITY(ADMIN_PERMISSION_ENTITY_ID, CEILING_ENTITY, ADMIN_PERMISSION_ID) VALUES (-521, 'org.broadleafcommerce.profile.core.domain.CustomerPayment', -43);
INSERT INTO ops$publ.BLC_ADMIN_PERMISSION_ENTITY(ADMIN_PERMISSION_ENTITY_ID, CEILING_ENTITY, ADMIN_PERMISSION_ID) VALUES (-520, 'org.broadleafcommerce.profile.core.domain.CustomerPayment', -42);
INSERT INTO ops$publ.BLC_ADMIN_PERMISSION_ENTITY(ADMIN_PERMISSION_ENTITY_ID, CEILING_ENTITY, ADMIN_PERMISSION_ID) VALUES (-519, 'org.broadleafcommerce.profile.core.domain.CustomerAddress', -46);
INSERT INTO ops$publ.BLC_ADMIN_PERMISSION_ENTITY(ADMIN_PERMISSION_ENTITY_ID, CEILING_ENTITY, ADMIN_PERMISSION_ID) VALUES (-518, 'org.broadleafcommerce.profile.core.domain.CustomerAddress', -45);
INSERT INTO ops$publ.BLC_ADMIN_PERMISSION_ENTITY(ADMIN_PERMISSION_ENTITY_ID, CEILING_ENTITY, ADMIN_PERMISSION_ID) VALUES (-517, 'org.broadleafcommerce.profile.core.domain.CustomerAddress', -44);
INSERT INTO ops$publ.BLC_ADMIN_PERMISSION_ENTITY(ADMIN_PERMISSION_ENTITY_ID, CEILING_ENTITY, ADMIN_PERMISSION_ID) VALUES (-516, 'org.broadleafcommerce.profile.core.domain.CustomerAddress', -43);
INSERT INTO ops$publ.BLC_ADMIN_PERMISSION_ENTITY(ADMIN_PERMISSION_ENTITY_ID, CEILING_ENTITY, ADMIN_PERMISSION_ID) VALUES (-515, 'org.broadleafcommerce.profile.core.domain.CustomerAddress', -42);
INSERT INTO ops$publ.BLC_ADMIN_PERMISSION_ENTITY(ADMIN_PERMISSION_ENTITY_ID, CEILING_ENTITY, ADMIN_PERMISSION_ID) VALUES (-514, 'org.broadleafcommerce.profile.core.domain.CustomerAttribute', -46);
INSERT INTO ops$publ.BLC_ADMIN_PERMISSION_ENTITY(ADMIN_PERMISSION_ENTITY_ID, CEILING_ENTITY, ADMIN_PERMISSION_ID) VALUES (-513, 'org.broadleafcommerce.profile.core.domain.CustomerAttribute', -45);
INSERT INTO ops$publ.BLC_ADMIN_PERMISSION_ENTITY(ADMIN_PERMISSION_ENTITY_ID, CEILING_ENTITY, ADMIN_PERMISSION_ID) VALUES (-512, 'org.broadleafcommerce.profile.core.domain.CustomerAttribute', -44);
INSERT INTO ops$publ.BLC_ADMIN_PERMISSION_ENTITY(ADMIN_PERMISSION_ENTITY_ID, CEILING_ENTITY, ADMIN_PERMISSION_ID) VALUES (-511, 'org.broadleafcommerce.profile.core.domain.CustomerAttribute', -43);
INSERT INTO ops$publ.BLC_ADMIN_PERMISSION_ENTITY(ADMIN_PERMISSION_ENTITY_ID, CEILING_ENTITY, ADMIN_PERMISSION_ID) VALUES (-510, 'org.broadleafcommerce.profile.core.domain.CustomerAttribute', -42);
INSERT INTO ops$publ.BLC_ADMIN_PERMISSION_ENTITY(ADMIN_PERMISSION_ENTITY_ID, CEILING_ENTITY, ADMIN_PERMISSION_ID) VALUES (-509, 'org.broadleafcommerce.profile.core.domain.ChallengeQuestion', -46);
INSERT INTO ops$publ.BLC_ADMIN_PERMISSION_ENTITY(ADMIN_PERMISSION_ENTITY_ID, CEILING_ENTITY, ADMIN_PERMISSION_ID) VALUES (-508, 'org.broadleafcommerce.profile.core.domain.ChallengeQuestion', -45);
INSERT INTO ops$publ.BLC_ADMIN_PERMISSION_ENTITY(ADMIN_PERMISSION_ENTITY_ID, CEILING_ENTITY, ADMIN_PERMISSION_ID) VALUES (-507, 'org.broadleafcommerce.profile.core.domain.ChallengeQuestion', -44);
INSERT INTO ops$publ.BLC_ADMIN_PERMISSION_ENTITY(ADMIN_PERMISSION_ENTITY_ID, CEILING_ENTITY, ADMIN_PERMISSION_ID) VALUES (-506, 'org.broadleafcommerce.profile.core.domain.ChallengeQuestion', -43);
INSERT INTO ops$publ.BLC_ADMIN_PERMISSION_ENTITY(ADMIN_PERMISSION_ENTITY_ID, CEILING_ENTITY, ADMIN_PERMISSION_ID) VALUES (-505, 'org.broadleafcommerce.profile.core.domain.ChallengeQuestion', -42);
INSERT INTO ops$publ.BLC_ADMIN_PERMISSION_ENTITY(ADMIN_PERMISSION_ENTITY_ID, CEILING_ENTITY, ADMIN_PERMISSION_ID) VALUES (-504, 'org.broadleafcommerce.profile.core.domain.Customer', -46);
INSERT INTO ops$publ.BLC_ADMIN_PERMISSION_ENTITY(ADMIN_PERMISSION_ENTITY_ID, CEILING_ENTITY, ADMIN_PERMISSION_ID) VALUES (-503, 'org.broadleafcommerce.profile.core.domain.Customer', -45);
INSERT INTO ops$publ.BLC_ADMIN_PERMISSION_ENTITY(ADMIN_PERMISSION_ENTITY_ID, CEILING_ENTITY, ADMIN_PERMISSION_ID) VALUES (-502, 'org.broadleafcommerce.profile.core.domain.Customer', -44);
INSERT INTO ops$publ.BLC_ADMIN_PERMISSION_ENTITY(ADMIN_PERMISSION_ENTITY_ID, CEILING_ENTITY, ADMIN_PERMISSION_ID) VALUES (-501, 'org.broadleafcommerce.profile.core.domain.Customer', -43);
INSERT INTO ops$publ.BLC_ADMIN_PERMISSION_ENTITY(ADMIN_PERMISSION_ENTITY_ID, CEILING_ENTITY, ADMIN_PERMISSION_ID) VALUES (-500, 'org.broadleafcommerce.profile.core.domain.Customer', -42);
INSERT INTO ops$publ.BLC_ADMIN_PERMISSION_ENTITY(ADMIN_PERMISSION_ENTITY_ID, CEILING_ENTITY, ADMIN_PERMISSION_ID) VALUES (-479, 'org.broadleafcommerce.core.order.domain.BundleOrderItemFeePriceImpl', -41);
INSERT INTO ops$publ.BLC_ADMIN_PERMISSION_ENTITY(ADMIN_PERMISSION_ENTITY_ID, CEILING_ENTITY, ADMIN_PERMISSION_ID) VALUES (-478, 'org.broadleafcommerce.core.order.domain.BundleOrderItemFeePriceImpl', -40);
INSERT INTO ops$publ.BLC_ADMIN_PERMISSION_ENTITY(ADMIN_PERMISSION_ENTITY_ID, CEILING_ENTITY, ADMIN_PERMISSION_ID) VALUES (-477, 'org.broadleafcommerce.core.order.domain.BundleOrderItemFeePriceImpl', -39);
INSERT INTO ops$publ.BLC_ADMIN_PERMISSION_ENTITY(ADMIN_PERMISSION_ENTITY_ID, CEILING_ENTITY, ADMIN_PERMISSION_ID) VALUES (-476, 'org.broadleafcommerce.core.order.domain.BundleOrderItemFeePriceImpl', -38);
INSERT INTO ops$publ.BLC_ADMIN_PERMISSION_ENTITY(ADMIN_PERMISSION_ENTITY_ID, CEILING_ENTITY, ADMIN_PERMISSION_ID) VALUES (-475, 'org.broadleafcommerce.core.order.domain.BundleOrderItemFeePriceImpl', -37);
INSERT INTO ops$publ.BLC_ADMIN_PERMISSION_ENTITY(ADMIN_PERMISSION_ENTITY_ID, CEILING_ENTITY, ADMIN_PERMISSION_ID) VALUES (-474, 'org.broadleafcommerce.core.order.domain.OrderItemPriceDetailImpl', -41);
INSERT INTO ops$publ.BLC_ADMIN_PERMISSION_ENTITY(ADMIN_PERMISSION_ENTITY_ID, CEILING_ENTITY, ADMIN_PERMISSION_ID) VALUES (-473, 'org.broadleafcommerce.core.order.domain.OrderItemPriceDetailImpl', -40);
INSERT INTO ops$publ.BLC_ADMIN_PERMISSION_ENTITY(ADMIN_PERMISSION_ENTITY_ID, CEILING_ENTITY, ADMIN_PERMISSION_ID) VALUES (-472, 'org.broadleafcommerce.core.order.domain.OrderItemPriceDetailImpl', -39);
INSERT INTO ops$publ.BLC_ADMIN_PERMISSION_ENTITY(ADMIN_PERMISSION_ENTITY_ID, CEILING_ENTITY, ADMIN_PERMISSION_ID) VALUES (-471, 'org.broadleafcommerce.core.order.domain.OrderItemPriceDetailImpl', -38);
INSERT INTO ops$publ.BLC_ADMIN_PERMISSION_ENTITY(ADMIN_PERMISSION_ENTITY_ID, CEILING_ENTITY, ADMIN_PERMISSION_ID) VALUES (-470, 'org.broadleafcommerce.core.order.domain.OrderItemPriceDetailImpl', -37);
INSERT INTO ops$publ.BLC_ADMIN_PERMISSION_ENTITY(ADMIN_PERMISSION_ENTITY_ID, CEILING_ENTITY, ADMIN_PERMISSION_ID) VALUES (-469, 'org.broadleafcommerce.core.offer.domain.OrderItemPriceDetailAdjustmentImpl', -41);
INSERT INTO ops$publ.BLC_ADMIN_PERMISSION_ENTITY(ADMIN_PERMISSION_ENTITY_ID, CEILING_ENTITY, ADMIN_PERMISSION_ID) VALUES (-468, 'org.broadleafcommerce.core.offer.domain.OrderItemPriceDetailAdjustmentImpl', -40);
INSERT INTO ops$publ.BLC_ADMIN_PERMISSION_ENTITY(ADMIN_PERMISSION_ENTITY_ID, CEILING_ENTITY, ADMIN_PERMISSION_ID) VALUES (-467, 'org.broadleafcommerce.core.offer.domain.OrderItemPriceDetailAdjustmentImpl', -39);
INSERT INTO ops$publ.BLC_ADMIN_PERMISSION_ENTITY(ADMIN_PERMISSION_ENTITY_ID, CEILING_ENTITY, ADMIN_PERMISSION_ID) VALUES (-466, 'org.broadleafcommerce.core.offer.domain.OrderItemPriceDetailAdjustmentImpl', -38);
INSERT INTO ops$publ.BLC_ADMIN_PERMISSION_ENTITY(ADMIN_PERMISSION_ENTITY_ID, CEILING_ENTITY, ADMIN_PERMISSION_ID) VALUES (-465, 'org.broadleafcommerce.core.offer.domain.OrderItemPriceDetailAdjustmentImpl', -37);
INSERT INTO ops$publ.BLC_ADMIN_PERMISSION_ENTITY(ADMIN_PERMISSION_ENTITY_ID, CEILING_ENTITY, ADMIN_PERMISSION_ID) VALUES (-464, 'org.broadleafcommerce.core.offer.domain.OrderItemAdjustment', -41);
INSERT INTO ops$publ.BLC_ADMIN_PERMISSION_ENTITY(ADMIN_PERMISSION_ENTITY_ID, CEILING_ENTITY, ADMIN_PERMISSION_ID) VALUES (-463, 'org.broadleafcommerce.core.offer.domain.OrderItemAdjustment', -40);
INSERT INTO ops$publ.BLC_ADMIN_PERMISSION_ENTITY(ADMIN_PERMISSION_ENTITY_ID, CEILING_ENTITY, ADMIN_PERMISSION_ID) VALUES (-462, 'org.broadleafcommerce.core.offer.domain.OrderItemAdjustment', -39);
INSERT INTO ops$publ.BLC_ADMIN_PERMISSION_ENTITY(ADMIN_PERMISSION_ENTITY_ID, CEILING_ENTITY, ADMIN_PERMISSION_ID) VALUES (-461, 'org.broadleafcommerce.core.offer.domain.OrderItemAdjustment', -38);
INSERT INTO ops$publ.BLC_ADMIN_PERMISSION_ENTITY(ADMIN_PERMISSION_ENTITY_ID, CEILING_ENTITY, ADMIN_PERMISSION_ID) VALUES (-460, 'org.broadleafcommerce.core.offer.domain.OrderItemAdjustment', -37);
INSERT INTO ops$publ.BLC_ADMIN_PERMISSION_ENTITY(ADMIN_PERMISSION_ENTITY_ID, CEILING_ENTITY, ADMIN_PERMISSION_ID) VALUES (-459, 'org.broadleafcommerce.core.order.domain.DiscreteOrderItemFeePrice', -41);
INSERT INTO ops$publ.BLC_ADMIN_PERMISSION_ENTITY(ADMIN_PERMISSION_ENTITY_ID, CEILING_ENTITY, ADMIN_PERMISSION_ID) VALUES (-458, 'org.broadleafcommerce.core.order.domain.DiscreteOrderItemFeePrice', -40);
INSERT INTO ops$publ.BLC_ADMIN_PERMISSION_ENTITY(ADMIN_PERMISSION_ENTITY_ID, CEILING_ENTITY, ADMIN_PERMISSION_ID) VALUES (-457, 'org.broadleafcommerce.core.order.domain.DiscreteOrderItemFeePrice', -39);
INSERT INTO ops$publ.BLC_ADMIN_PERMISSION_ENTITY(ADMIN_PERMISSION_ENTITY_ID, CEILING_ENTITY, ADMIN_PERMISSION_ID) VALUES (-456, 'org.broadleafcommerce.core.order.domain.DiscreteOrderItemFeePrice', -38);
INSERT INTO ops$publ.BLC_ADMIN_PERMISSION_ENTITY(ADMIN_PERMISSION_ENTITY_ID, CEILING_ENTITY, ADMIN_PERMISSION_ID) VALUES (-455, 'org.broadleafcommerce.core.order.domain.DiscreteOrderItemFeePrice', -37);
INSERT INTO ops$publ.BLC_ADMIN_PERMISSION_ENTITY(ADMIN_PERMISSION_ENTITY_ID, CEILING_ENTITY, ADMIN_PERMISSION_ID) VALUES (-454, 'org.broadleafcommerce.core.order.domain.OrderItem', -41);
INSERT INTO ops$publ.BLC_ADMIN_PERMISSION_ENTITY(ADMIN_PERMISSION_ENTITY_ID, CEILING_ENTITY, ADMIN_PERMISSION_ID) VALUES (-453, 'org.broadleafcommerce.core.order.domain.OrderItem', -40);
INSERT INTO ops$publ.BLC_ADMIN_PERMISSION_ENTITY(ADMIN_PERMISSION_ENTITY_ID, CEILING_ENTITY, ADMIN_PERMISSION_ID) VALUES (-452, 'org.broadleafcommerce.core.order.domain.OrderItem', -39);
INSERT INTO ops$publ.BLC_ADMIN_PERMISSION_ENTITY(ADMIN_PERMISSION_ENTITY_ID, CEILING_ENTITY, ADMIN_PERMISSION_ID) VALUES (-451, 'org.broadleafcommerce.core.order.domain.OrderItem', -38);
INSERT INTO ops$publ.BLC_ADMIN_PERMISSION_ENTITY(ADMIN_PERMISSION_ENTITY_ID, CEILING_ENTITY, ADMIN_PERMISSION_ID) VALUES (-450, 'org.broadleafcommerce.core.order.domain.OrderItem', -37);
INSERT INTO ops$publ.BLC_ADMIN_PERMISSION_ENTITY(ADMIN_PERMISSION_ENTITY_ID, CEILING_ENTITY, ADMIN_PERMISSION_ID) VALUES (-419, 'org.broadleafcommerce.core.order.domain.FulfillmentGroupItemImpl', -36);
INSERT INTO ops$publ.BLC_ADMIN_PERMISSION_ENTITY(ADMIN_PERMISSION_ENTITY_ID, CEILING_ENTITY, ADMIN_PERMISSION_ID) VALUES (-418, 'org.broadleafcommerce.core.order.domain.FulfillmentGroupItemImpl', -35);
INSERT INTO ops$publ.BLC_ADMIN_PERMISSION_ENTITY(ADMIN_PERMISSION_ENTITY_ID, CEILING_ENTITY, ADMIN_PERMISSION_ID) VALUES (-417, 'org.broadleafcommerce.core.order.domain.FulfillmentGroupItemImpl', -34);
INSERT INTO ops$publ.BLC_ADMIN_PERMISSION_ENTITY(ADMIN_PERMISSION_ENTITY_ID, CEILING_ENTITY, ADMIN_PERMISSION_ID) VALUES (-416, 'org.broadleafcommerce.core.order.domain.FulfillmentGroupItemImpl', -33);
INSERT INTO ops$publ.BLC_ADMIN_PERMISSION_ENTITY(ADMIN_PERMISSION_ENTITY_ID, CEILING_ENTITY, ADMIN_PERMISSION_ID) VALUES (-415, 'org.broadleafcommerce.core.order.domain.FulfillmentGroupItemImpl', -32);
INSERT INTO ops$publ.BLC_ADMIN_PERMISSION_ENTITY(ADMIN_PERMISSION_ENTITY_ID, CEILING_ENTITY, ADMIN_PERMISSION_ID) VALUES (-414, 'org.broadleafcommerce.core.order.domain.FulfillmentGroupFeeImpl', -36);
INSERT INTO ops$publ.BLC_ADMIN_PERMISSION_ENTITY(ADMIN_PERMISSION_ENTITY_ID, CEILING_ENTITY, ADMIN_PERMISSION_ID) VALUES (-413, 'org.broadleafcommerce.core.order.domain.FulfillmentGroupFeeImpl', -35);
INSERT INTO ops$publ.BLC_ADMIN_PERMISSION_ENTITY(ADMIN_PERMISSION_ENTITY_ID, CEILING_ENTITY, ADMIN_PERMISSION_ID) VALUES (-412, 'org.broadleafcommerce.core.order.domain.FulfillmentGroupFeeImpl', -34);
INSERT INTO ops$publ.BLC_ADMIN_PERMISSION_ENTITY(ADMIN_PERMISSION_ENTITY_ID, CEILING_ENTITY, ADMIN_PERMISSION_ID) VALUES (-411, 'org.broadleafcommerce.core.order.domain.FulfillmentGroupFeeImpl', -33);
INSERT INTO ops$publ.BLC_ADMIN_PERMISSION_ENTITY(ADMIN_PERMISSION_ENTITY_ID, CEILING_ENTITY, ADMIN_PERMISSION_ID) VALUES (-410, 'org.broadleafcommerce.core.order.domain.FulfillmentGroupFeeImpl', -32);
INSERT INTO ops$publ.BLC_ADMIN_PERMISSION_ENTITY(ADMIN_PERMISSION_ENTITY_ID, CEILING_ENTITY, ADMIN_PERMISSION_ID) VALUES (-409, 'org.broadleafcommerce.core.offer.domain.FulfillmentGroupAdjustment', -36);
INSERT INTO ops$publ.BLC_ADMIN_PERMISSION_ENTITY(ADMIN_PERMISSION_ENTITY_ID, CEILING_ENTITY, ADMIN_PERMISSION_ID) VALUES (-408, 'org.broadleafcommerce.core.offer.domain.FulfillmentGroupAdjustment', -35);
INSERT INTO ops$publ.BLC_ADMIN_PERMISSION_ENTITY(ADMIN_PERMISSION_ENTITY_ID, CEILING_ENTITY, ADMIN_PERMISSION_ID) VALUES (-407, 'org.broadleafcommerce.core.offer.domain.FulfillmentGroupAdjustment', -34);
INSERT INTO ops$publ.BLC_ADMIN_PERMISSION_ENTITY(ADMIN_PERMISSION_ENTITY_ID, CEILING_ENTITY, ADMIN_PERMISSION_ID) VALUES (-406, 'org.broadleafcommerce.core.offer.domain.FulfillmentGroupAdjustment', -33);
INSERT INTO ops$publ.BLC_ADMIN_PERMISSION_ENTITY(ADMIN_PERMISSION_ENTITY_ID, CEILING_ENTITY, ADMIN_PERMISSION_ID) VALUES (-405, 'org.broadleafcommerce.core.offer.domain.FulfillmentGroupAdjustment', -32);
INSERT INTO ops$publ.BLC_ADMIN_PERMISSION_ENTITY(ADMIN_PERMISSION_ENTITY_ID, CEILING_ENTITY, ADMIN_PERMISSION_ID) VALUES (-404, 'org.broadleafcommerce.core.order.domain.FulfillmentGroup', -36);
INSERT INTO ops$publ.BLC_ADMIN_PERMISSION_ENTITY(ADMIN_PERMISSION_ENTITY_ID, CEILING_ENTITY, ADMIN_PERMISSION_ID) VALUES (-403, 'org.broadleafcommerce.core.order.domain.FulfillmentGroup', -35);
INSERT INTO ops$publ.BLC_ADMIN_PERMISSION_ENTITY(ADMIN_PERMISSION_ENTITY_ID, CEILING_ENTITY, ADMIN_PERMISSION_ID) VALUES (-402, 'org.broadleafcommerce.core.order.domain.FulfillmentGroup', -34);
INSERT INTO ops$publ.BLC_ADMIN_PERMISSION_ENTITY(ADMIN_PERMISSION_ENTITY_ID, CEILING_ENTITY, ADMIN_PERMISSION_ID) VALUES (-401, 'org.broadleafcommerce.core.order.domain.FulfillmentGroup', -33);
INSERT INTO ops$publ.BLC_ADMIN_PERMISSION_ENTITY(ADMIN_PERMISSION_ENTITY_ID, CEILING_ENTITY, ADMIN_PERMISSION_ID) VALUES (-400, 'org.broadleafcommerce.core.order.domain.FulfillmentGroup', -32);
INSERT INTO ops$publ.BLC_ADMIN_PERMISSION_ENTITY(ADMIN_PERMISSION_ENTITY_ID, CEILING_ENTITY, ADMIN_PERMISSION_ID) VALUES (-383, 'org.broadleafcommerce.core.payment.domain.PaymentResponseItem', -31);
INSERT INTO ops$publ.BLC_ADMIN_PERMISSION_ENTITY(ADMIN_PERMISSION_ENTITY_ID, CEILING_ENTITY, ADMIN_PERMISSION_ID) VALUES (-382, 'org.broadleafcommerce.core.payment.domain.PaymentResponseItem', -30);
INSERT INTO ops$publ.BLC_ADMIN_PERMISSION_ENTITY(ADMIN_PERMISSION_ENTITY_ID, CEILING_ENTITY, ADMIN_PERMISSION_ID) VALUES (-381, 'org.broadleafcommerce.core.payment.domain.PaymentResponseItem', -29);
INSERT INTO ops$publ.BLC_ADMIN_PERMISSION_ENTITY(ADMIN_PERMISSION_ENTITY_ID, CEILING_ENTITY, ADMIN_PERMISSION_ID) VALUES (-380, 'org.broadleafcommerce.core.payment.domain.PaymentResponseItem', -28);
INSERT INTO ops$publ.BLC_ADMIN_PERMISSION_ENTITY(ADMIN_PERMISSION_ENTITY_ID, CEILING_ENTITY, ADMIN_PERMISSION_ID) VALUES (-379, 'org.broadleafcommerce.core.payment.domain.PaymentResponseItem', -27);
INSERT INTO ops$publ.BLC_ADMIN_PERMISSION_ENTITY(ADMIN_PERMISSION_ENTITY_ID, CEILING_ENTITY, ADMIN_PERMISSION_ID) VALUES (-378, 'org.broadleafcommerce.core.payment.domain.AmountItemImpl', -31);
INSERT INTO ops$publ.BLC_ADMIN_PERMISSION_ENTITY(ADMIN_PERMISSION_ENTITY_ID, CEILING_ENTITY, ADMIN_PERMISSION_ID) VALUES (-377, 'org.broadleafcommerce.core.payment.domain.AmountItemImpl', -30);
INSERT INTO ops$publ.BLC_ADMIN_PERMISSION_ENTITY(ADMIN_PERMISSION_ENTITY_ID, CEILING_ENTITY, ADMIN_PERMISSION_ID) VALUES (-376, 'org.broadleafcommerce.core.payment.domain.AmountItemImpl', -29);
INSERT INTO ops$publ.BLC_ADMIN_PERMISSION_ENTITY(ADMIN_PERMISSION_ENTITY_ID, CEILING_ENTITY, ADMIN_PERMISSION_ID) VALUES (-375, 'org.broadleafcommerce.core.payment.domain.AmountItemImpl', -28);
INSERT INTO ops$publ.BLC_ADMIN_PERMISSION_ENTITY(ADMIN_PERMISSION_ENTITY_ID, CEILING_ENTITY, ADMIN_PERMISSION_ID) VALUES (-374, 'org.broadleafcommerce.core.payment.domain.AmountItemImpl', -27);
INSERT INTO ops$publ.BLC_ADMIN_PERMISSION_ENTITY(ADMIN_PERMISSION_ENTITY_ID, CEILING_ENTITY, ADMIN_PERMISSION_ID) VALUES (-373, 'org.broadleafcommerce.core.payment.domain.PaymentInfoDetailImpl', -31);
INSERT INTO ops$publ.BLC_ADMIN_PERMISSION_ENTITY(ADMIN_PERMISSION_ENTITY_ID, CEILING_ENTITY, ADMIN_PERMISSION_ID) VALUES (-372, 'org.broadleafcommerce.core.payment.domain.PaymentInfoDetailImpl', -30);
INSERT INTO ops$publ.BLC_ADMIN_PERMISSION_ENTITY(ADMIN_PERMISSION_ENTITY_ID, CEILING_ENTITY, ADMIN_PERMISSION_ID) VALUES (-371, 'org.broadleafcommerce.core.payment.domain.PaymentInfoDetailImpl', -29);
INSERT INTO ops$publ.BLC_ADMIN_PERMISSION_ENTITY(ADMIN_PERMISSION_ENTITY_ID, CEILING_ENTITY, ADMIN_PERMISSION_ID) VALUES (-370, 'org.broadleafcommerce.core.payment.domain.PaymentInfoDetailImpl', -28);
INSERT INTO ops$publ.BLC_ADMIN_PERMISSION_ENTITY(ADMIN_PERMISSION_ENTITY_ID, CEILING_ENTITY, ADMIN_PERMISSION_ID) VALUES (-369, 'org.broadleafcommerce.core.payment.domain.PaymentInfoDetailImpl', -27);
INSERT INTO ops$publ.BLC_ADMIN_PERMISSION_ENTITY(ADMIN_PERMISSION_ENTITY_ID, CEILING_ENTITY, ADMIN_PERMISSION_ID) VALUES (-368, 'org.broadleafcommerce.profile.core.domain.State', -31);
INSERT INTO ops$publ.BLC_ADMIN_PERMISSION_ENTITY(ADMIN_PERMISSION_ENTITY_ID, CEILING_ENTITY, ADMIN_PERMISSION_ID) VALUES (-367, 'org.broadleafcommerce.profile.core.domain.State', -30);
INSERT INTO ops$publ.BLC_ADMIN_PERMISSION_ENTITY(ADMIN_PERMISSION_ENTITY_ID, CEILING_ENTITY, ADMIN_PERMISSION_ID) VALUES (-366, 'org.broadleafcommerce.profile.core.domain.Country', -31);
INSERT INTO ops$publ.BLC_ADMIN_PERMISSION_ENTITY(ADMIN_PERMISSION_ENTITY_ID, CEILING_ENTITY, ADMIN_PERMISSION_ID) VALUES (-365, 'org.broadleafcommerce.profile.core.domain.Country', -30);
INSERT INTO ops$publ.BLC_ADMIN_PERMISSION_ENTITY(ADMIN_PERMISSION_ENTITY_ID, CEILING_ENTITY, ADMIN_PERMISSION_ID) VALUES (-364, 'org.broadleafcommerce.core.payment.domain.PaymentInfo', -31);
INSERT INTO ops$publ.BLC_ADMIN_PERMISSION_ENTITY(ADMIN_PERMISSION_ENTITY_ID, CEILING_ENTITY, ADMIN_PERMISSION_ID) VALUES (-363, 'org.broadleafcommerce.core.payment.domain.PaymentInfo', -30);
INSERT INTO ops$publ.BLC_ADMIN_PERMISSION_ENTITY(ADMIN_PERMISSION_ENTITY_ID, CEILING_ENTITY, ADMIN_PERMISSION_ID) VALUES (-362, 'org.broadleafcommerce.core.payment.domain.PaymentInfo', -29);
INSERT INTO ops$publ.BLC_ADMIN_PERMISSION_ENTITY(ADMIN_PERMISSION_ENTITY_ID, CEILING_ENTITY, ADMIN_PERMISSION_ID) VALUES (-361, 'org.broadleafcommerce.core.payment.domain.PaymentInfo', -28);
INSERT INTO ops$publ.BLC_ADMIN_PERMISSION_ENTITY(ADMIN_PERMISSION_ENTITY_ID, CEILING_ENTITY, ADMIN_PERMISSION_ID) VALUES (-360, 'org.broadleafcommerce.core.payment.domain.PaymentInfo', -27);
INSERT INTO ops$publ.BLC_ADMIN_PERMISSION_ENTITY(ADMIN_PERMISSION_ENTITY_ID, CEILING_ENTITY, ADMIN_PERMISSION_ID) VALUES (-359, 'org.broadleafcommerce.core.offer.domain.OrderAdjustment', -31);
INSERT INTO ops$publ.BLC_ADMIN_PERMISSION_ENTITY(ADMIN_PERMISSION_ENTITY_ID, CEILING_ENTITY, ADMIN_PERMISSION_ID) VALUES (-358, 'org.broadleafcommerce.core.offer.domain.OrderAdjustment', -30);
INSERT INTO ops$publ.BLC_ADMIN_PERMISSION_ENTITY(ADMIN_PERMISSION_ENTITY_ID, CEILING_ENTITY, ADMIN_PERMISSION_ID) VALUES (-357, 'org.broadleafcommerce.core.offer.domain.OrderAdjustment', -29);
INSERT INTO ops$publ.BLC_ADMIN_PERMISSION_ENTITY(ADMIN_PERMISSION_ENTITY_ID, CEILING_ENTITY, ADMIN_PERMISSION_ID) VALUES (-356, 'org.broadleafcommerce.core.offer.domain.OrderAdjustment', -28);
INSERT INTO ops$publ.BLC_ADMIN_PERMISSION_ENTITY(ADMIN_PERMISSION_ENTITY_ID, CEILING_ENTITY, ADMIN_PERMISSION_ID) VALUES (-355, 'org.broadleafcommerce.core.offer.domain.OrderAdjustment', -27);
INSERT INTO ops$publ.BLC_ADMIN_PERMISSION_ENTITY(ADMIN_PERMISSION_ENTITY_ID, CEILING_ENTITY, ADMIN_PERMISSION_ID) VALUES (-354, 'org.broadleafcommerce.core.order.domain.Order', -31);
INSERT INTO ops$publ.BLC_ADMIN_PERMISSION_ENTITY(ADMIN_PERMISSION_ENTITY_ID, CEILING_ENTITY, ADMIN_PERMISSION_ID) VALUES (-353, 'org.broadleafcommerce.core.order.domain.Order', -30);
INSERT INTO ops$publ.BLC_ADMIN_PERMISSION_ENTITY(ADMIN_PERMISSION_ENTITY_ID, CEILING_ENTITY, ADMIN_PERMISSION_ID) VALUES (-352, 'org.broadleafcommerce.core.order.domain.Order', -29);
INSERT INTO ops$publ.BLC_ADMIN_PERMISSION_ENTITY(ADMIN_PERMISSION_ENTITY_ID, CEILING_ENTITY, ADMIN_PERMISSION_ID) VALUES (-351, 'org.broadleafcommerce.core.order.domain.Order', -28);
INSERT INTO ops$publ.BLC_ADMIN_PERMISSION_ENTITY(ADMIN_PERMISSION_ENTITY_ID, CEILING_ENTITY, ADMIN_PERMISSION_ID) VALUES (-350, 'org.broadleafcommerce.core.order.domain.Order', -27);
INSERT INTO ops$publ.BLC_ADMIN_PERMISSION_ENTITY(ADMIN_PERMISSION_ENTITY_ID, CEILING_ENTITY, ADMIN_PERMISSION_ID) VALUES (-314, 'org.broadleafcommerce.core.offer.domain.OfferCode', -26);
INSERT INTO ops$publ.BLC_ADMIN_PERMISSION_ENTITY(ADMIN_PERMISSION_ENTITY_ID, CEILING_ENTITY, ADMIN_PERMISSION_ID) VALUES (-313, 'org.broadleafcommerce.core.offer.domain.OfferCode', -25);
INSERT INTO ops$publ.BLC_ADMIN_PERMISSION_ENTITY(ADMIN_PERMISSION_ENTITY_ID, CEILING_ENTITY, ADMIN_PERMISSION_ID) VALUES (-312, 'org.broadleafcommerce.core.offer.domain.OfferCode', -24);
INSERT INTO ops$publ.BLC_ADMIN_PERMISSION_ENTITY(ADMIN_PERMISSION_ENTITY_ID, CEILING_ENTITY, ADMIN_PERMISSION_ID) VALUES (-311, 'org.broadleafcommerce.core.offer.domain.OfferCode', -23);
INSERT INTO ops$publ.BLC_ADMIN_PERMISSION_ENTITY(ADMIN_PERMISSION_ENTITY_ID, CEILING_ENTITY, ADMIN_PERMISSION_ID) VALUES (-310, 'org.broadleafcommerce.core.offer.domain.OfferCode', -22);
INSERT INTO ops$publ.BLC_ADMIN_PERMISSION_ENTITY(ADMIN_PERMISSION_ENTITY_ID, CEILING_ENTITY, ADMIN_PERMISSION_ID) VALUES (-309, 'org.broadleafcommerce.core.offer.domain.OfferItemCriteria', -26);
INSERT INTO ops$publ.BLC_ADMIN_PERMISSION_ENTITY(ADMIN_PERMISSION_ENTITY_ID, CEILING_ENTITY, ADMIN_PERMISSION_ID) VALUES (-308, 'org.broadleafcommerce.core.offer.domain.OfferItemCriteria', -25);
INSERT INTO ops$publ.BLC_ADMIN_PERMISSION_ENTITY(ADMIN_PERMISSION_ENTITY_ID, CEILING_ENTITY, ADMIN_PERMISSION_ID) VALUES (-307, 'org.broadleafcommerce.core.offer.domain.OfferItemCriteria', -24);
INSERT INTO ops$publ.BLC_ADMIN_PERMISSION_ENTITY(ADMIN_PERMISSION_ENTITY_ID, CEILING_ENTITY, ADMIN_PERMISSION_ID) VALUES (-306, 'org.broadleafcommerce.core.offer.domain.OfferItemCriteria', -23);
INSERT INTO ops$publ.BLC_ADMIN_PERMISSION_ENTITY(ADMIN_PERMISSION_ENTITY_ID, CEILING_ENTITY, ADMIN_PERMISSION_ID) VALUES (-305, 'org.broadleafcommerce.core.offer.domain.OfferItemCriteria', -22);
INSERT INTO ops$publ.BLC_ADMIN_PERMISSION_ENTITY(ADMIN_PERMISSION_ENTITY_ID, CEILING_ENTITY, ADMIN_PERMISSION_ID) VALUES (-304, 'org.broadleafcommerce.core.offer.domain.Offer', -26);
INSERT INTO ops$publ.BLC_ADMIN_PERMISSION_ENTITY(ADMIN_PERMISSION_ENTITY_ID, CEILING_ENTITY, ADMIN_PERMISSION_ID) VALUES (-303, 'org.broadleafcommerce.core.offer.domain.Offer', -25);
INSERT INTO ops$publ.BLC_ADMIN_PERMISSION_ENTITY(ADMIN_PERMISSION_ENTITY_ID, CEILING_ENTITY, ADMIN_PERMISSION_ID) VALUES (-302, 'org.broadleafcommerce.core.offer.domain.Offer', -24);
INSERT INTO ops$publ.BLC_ADMIN_PERMISSION_ENTITY(ADMIN_PERMISSION_ENTITY_ID, CEILING_ENTITY, ADMIN_PERMISSION_ID) VALUES (-301, 'org.broadleafcommerce.core.offer.domain.Offer', -23);
INSERT INTO ops$publ.BLC_ADMIN_PERMISSION_ENTITY(ADMIN_PERMISSION_ENTITY_ID, CEILING_ENTITY, ADMIN_PERMISSION_ID) VALUES (-300, 'org.broadleafcommerce.core.offer.domain.Offer', -22);
INSERT INTO ops$publ.BLC_ADMIN_PERMISSION_ENTITY(ADMIN_PERMISSION_ENTITY_ID, CEILING_ENTITY, ADMIN_PERMISSION_ID) VALUES (-254, 'org.broadleafcommerce.core.catalog.domain.Sku', -21);
INSERT INTO ops$publ.BLC_ADMIN_PERMISSION_ENTITY(ADMIN_PERMISSION_ENTITY_ID, CEILING_ENTITY, ADMIN_PERMISSION_ID) VALUES (-253, 'org.broadleafcommerce.core.catalog.domain.Sku', -20);
INSERT INTO ops$publ.BLC_ADMIN_PERMISSION_ENTITY(ADMIN_PERMISSION_ENTITY_ID, CEILING_ENTITY, ADMIN_PERMISSION_ID) VALUES (-252, 'org.broadleafcommerce.core.catalog.domain.Sku', -19);
INSERT INTO ops$publ.BLC_ADMIN_PERMISSION_ENTITY(ADMIN_PERMISSION_ENTITY_ID, CEILING_ENTITY, ADMIN_PERMISSION_ID) VALUES (-251, 'org.broadleafcommerce.core.catalog.domain.Sku', -18);
INSERT INTO ops$publ.BLC_ADMIN_PERMISSION_ENTITY(ADMIN_PERMISSION_ENTITY_ID, CEILING_ENTITY, ADMIN_PERMISSION_ID) VALUES (-250, 'org.broadleafcommerce.core.catalog.domain.Sku', -17);
INSERT INTO ops$publ.BLC_ADMIN_PERMISSION_ENTITY(ADMIN_PERMISSION_ENTITY_ID, CEILING_ENTITY, ADMIN_PERMISSION_ID) VALUES (-209, 'org.broadleafcommerce.core.catalog.domain.ProductOptionValue', -16);
INSERT INTO ops$publ.BLC_ADMIN_PERMISSION_ENTITY(ADMIN_PERMISSION_ENTITY_ID, CEILING_ENTITY, ADMIN_PERMISSION_ID) VALUES (-208, 'org.broadleafcommerce.core.catalog.domain.ProductOptionValue', -15);
INSERT INTO ops$publ.BLC_ADMIN_PERMISSION_ENTITY(ADMIN_PERMISSION_ENTITY_ID, CEILING_ENTITY, ADMIN_PERMISSION_ID) VALUES (-207, 'org.broadleafcommerce.core.catalog.domain.ProductOptionValue', -14);
INSERT INTO ops$publ.BLC_ADMIN_PERMISSION_ENTITY(ADMIN_PERMISSION_ENTITY_ID, CEILING_ENTITY, ADMIN_PERMISSION_ID) VALUES (-206, 'org.broadleafcommerce.core.catalog.domain.ProductOptionValue', -13);
INSERT INTO ops$publ.BLC_ADMIN_PERMISSION_ENTITY(ADMIN_PERMISSION_ENTITY_ID, CEILING_ENTITY, ADMIN_PERMISSION_ID) VALUES (-205, 'org.broadleafcommerce.core.catalog.domain.ProductOptionValue', -12);
INSERT INTO ops$publ.BLC_ADMIN_PERMISSION_ENTITY(ADMIN_PERMISSION_ENTITY_ID, CEILING_ENTITY, ADMIN_PERMISSION_ID) VALUES (-204, 'org.broadleafcommerce.core.catalog.domain.ProductOption', -16);
INSERT INTO ops$publ.BLC_ADMIN_PERMISSION_ENTITY(ADMIN_PERMISSION_ENTITY_ID, CEILING_ENTITY, ADMIN_PERMISSION_ID) VALUES (-203, 'org.broadleafcommerce.core.catalog.domain.ProductOption', -15);
INSERT INTO ops$publ.BLC_ADMIN_PERMISSION_ENTITY(ADMIN_PERMISSION_ENTITY_ID, CEILING_ENTITY, ADMIN_PERMISSION_ID) VALUES (-202, 'org.broadleafcommerce.core.catalog.domain.ProductOption', -14);
INSERT INTO ops$publ.BLC_ADMIN_PERMISSION_ENTITY(ADMIN_PERMISSION_ENTITY_ID, CEILING_ENTITY, ADMIN_PERMISSION_ID) VALUES (-201, 'org.broadleafcommerce.core.catalog.domain.ProductOption', -13);
INSERT INTO ops$publ.BLC_ADMIN_PERMISSION_ENTITY(ADMIN_PERMISSION_ENTITY_ID, CEILING_ENTITY, ADMIN_PERMISSION_ID) VALUES (-200, 'org.broadleafcommerce.core.catalog.domain.ProductOption', -12);
INSERT INTO ops$publ.BLC_ADMIN_PERMISSION_ENTITY(ADMIN_PERMISSION_ENTITY_ID, CEILING_ENTITY, ADMIN_PERMISSION_ID) VALUES (-119, 'org.broadleafcommerce.core.catalog.domain.SkuBundleItemImpl', -11);
INSERT INTO ops$publ.BLC_ADMIN_PERMISSION_ENTITY(ADMIN_PERMISSION_ENTITY_ID, CEILING_ENTITY, ADMIN_PERMISSION_ID) VALUES (-118, 'org.broadleafcommerce.core.catalog.domain.SkuBundleItemImpl', -10);
INSERT INTO ops$publ.BLC_ADMIN_PERMISSION_ENTITY(ADMIN_PERMISSION_ENTITY_ID, CEILING_ENTITY, ADMIN_PERMISSION_ID) VALUES (-117, 'org.broadleafcommerce.core.catalog.domain.SkuBundleItemImpl', -9);
INSERT INTO ops$publ.BLC_ADMIN_PERMISSION_ENTITY(ADMIN_PERMISSION_ENTITY_ID, CEILING_ENTITY, ADMIN_PERMISSION_ID) VALUES (-116, 'org.broadleafcommerce.core.catalog.domain.SkuBundleItemImpl', -8);
INSERT INTO ops$publ.BLC_ADMIN_PERMISSION_ENTITY(ADMIN_PERMISSION_ENTITY_ID, CEILING_ENTITY, ADMIN_PERMISSION_ID) VALUES (-115, 'org.broadleafcommerce.core.catalog.domain.SkuBundleItemImpl', -7);
INSERT INTO ops$publ.BLC_ADMIN_PERMISSION_ENTITY(ADMIN_PERMISSION_ENTITY_ID, CEILING_ENTITY, ADMIN_PERMISSION_ID) VALUES (-114, 'org.broadleafcommerce.core.catalog.domain.UpSaleProductImpl', -11);
INSERT INTO ops$publ.BLC_ADMIN_PERMISSION_ENTITY(ADMIN_PERMISSION_ENTITY_ID, CEILING_ENTITY, ADMIN_PERMISSION_ID) VALUES (-113, 'org.broadleafcommerce.core.catalog.domain.UpSaleProductImpl', -10);
INSERT INTO ops$publ.BLC_ADMIN_PERMISSION_ENTITY(ADMIN_PERMISSION_ENTITY_ID, CEILING_ENTITY, ADMIN_PERMISSION_ID) VALUES (-112, 'org.broadleafcommerce.core.catalog.domain.UpSaleProductImpl', -9);
INSERT INTO ops$publ.BLC_ADMIN_PERMISSION_ENTITY(ADMIN_PERMISSION_ENTITY_ID, CEILING_ENTITY, ADMIN_PERMISSION_ID) VALUES (-111, 'org.broadleafcommerce.core.catalog.domain.UpSaleProductImpl', -8);
INSERT INTO ops$publ.BLC_ADMIN_PERMISSION_ENTITY(ADMIN_PERMISSION_ENTITY_ID, CEILING_ENTITY, ADMIN_PERMISSION_ID) VALUES (-110, 'org.broadleafcommerce.core.catalog.domain.UpSaleProductImpl', -7);
INSERT INTO ops$publ.BLC_ADMIN_PERMISSION_ENTITY(ADMIN_PERMISSION_ENTITY_ID, CEILING_ENTITY, ADMIN_PERMISSION_ID) VALUES (-109, 'org.broadleafcommerce.core.catalog.domain.ProductAttribute', -11);
INSERT INTO ops$publ.BLC_ADMIN_PERMISSION_ENTITY(ADMIN_PERMISSION_ENTITY_ID, CEILING_ENTITY, ADMIN_PERMISSION_ID) VALUES (-108, 'org.broadleafcommerce.core.catalog.domain.ProductAttribute', -10);
INSERT INTO ops$publ.BLC_ADMIN_PERMISSION_ENTITY(ADMIN_PERMISSION_ENTITY_ID, CEILING_ENTITY, ADMIN_PERMISSION_ID) VALUES (-107, 'org.broadleafcommerce.core.catalog.domain.ProductAttribute', -9);
INSERT INTO ops$publ.BLC_ADMIN_PERMISSION_ENTITY(ADMIN_PERMISSION_ENTITY_ID, CEILING_ENTITY, ADMIN_PERMISSION_ID) VALUES (-106, 'org.broadleafcommerce.core.catalog.domain.ProductAttribute', -8);
INSERT INTO ops$publ.BLC_ADMIN_PERMISSION_ENTITY(ADMIN_PERMISSION_ENTITY_ID, CEILING_ENTITY, ADMIN_PERMISSION_ID) VALUES (-105, 'org.broadleafcommerce.core.catalog.domain.ProductAttribute', -7);
INSERT INTO ops$publ.BLC_ADMIN_PERMISSION_ENTITY(ADMIN_PERMISSION_ENTITY_ID, CEILING_ENTITY, ADMIN_PERMISSION_ID) VALUES (-104, 'org.broadleafcommerce.core.catalog.domain.Product', -11);
INSERT INTO ops$publ.BLC_ADMIN_PERMISSION_ENTITY(ADMIN_PERMISSION_ENTITY_ID, CEILING_ENTITY, ADMIN_PERMISSION_ID) VALUES (-103, 'org.broadleafcommerce.core.catalog.domain.Product', -10);
INSERT INTO ops$publ.BLC_ADMIN_PERMISSION_ENTITY(ADMIN_PERMISSION_ENTITY_ID, CEILING_ENTITY, ADMIN_PERMISSION_ID) VALUES (-102, 'org.broadleafcommerce.core.catalog.domain.Product', -9);
INSERT INTO ops$publ.BLC_ADMIN_PERMISSION_ENTITY(ADMIN_PERMISSION_ENTITY_ID, CEILING_ENTITY, ADMIN_PERMISSION_ID) VALUES (-101, 'org.broadleafcommerce.core.catalog.domain.Product', -8);
INSERT INTO ops$publ.BLC_ADMIN_PERMISSION_ENTITY(ADMIN_PERMISSION_ENTITY_ID, CEILING_ENTITY, ADMIN_PERMISSION_ID) VALUES (-100, 'org.broadleafcommerce.core.catalog.domain.Product', -7);
INSERT INTO ops$publ.BLC_ADMIN_PERMISSION_ENTITY(ADMIN_PERMISSION_ENTITY_ID, CEILING_ENTITY, ADMIN_PERMISSION_ID) VALUES (-37, 'org.broadleafcommerce.core.catalog.domain.UpSaleProductImpl', -6);
INSERT INTO ops$publ.BLC_ADMIN_PERMISSION_ENTITY(ADMIN_PERMISSION_ENTITY_ID, CEILING_ENTITY, ADMIN_PERMISSION_ID) VALUES (-36, 'org.broadleafcommerce.core.catalog.domain.UpSaleProductImpl', -5);
INSERT INTO ops$publ.BLC_ADMIN_PERMISSION_ENTITY(ADMIN_PERMISSION_ENTITY_ID, CEILING_ENTITY, ADMIN_PERMISSION_ID) VALUES (-35, 'org.broadleafcommerce.core.catalog.domain.UpSaleProductImpl', -4);
INSERT INTO ops$publ.BLC_ADMIN_PERMISSION_ENTITY(ADMIN_PERMISSION_ENTITY_ID, CEILING_ENTITY, ADMIN_PERMISSION_ID) VALUES (-34, 'org.broadleafcommerce.core.catalog.domain.UpSaleProductImpl', -3);
INSERT INTO ops$publ.BLC_ADMIN_PERMISSION_ENTITY(ADMIN_PERMISSION_ENTITY_ID, CEILING_ENTITY, ADMIN_PERMISSION_ID) VALUES (-33, 'org.broadleafcommerce.core.catalog.domain.UpSaleProductImpl', -2);
INSERT INTO ops$publ.BLC_ADMIN_PERMISSION_ENTITY(ADMIN_PERMISSION_ENTITY_ID, CEILING_ENTITY, ADMIN_PERMISSION_ID) VALUES (-32, 'org.broadleafcommerce.core.catalog.domain.CrossSaleProductImpl', -6);
INSERT INTO ops$publ.BLC_ADMIN_PERMISSION_ENTITY(ADMIN_PERMISSION_ENTITY_ID, CEILING_ENTITY, ADMIN_PERMISSION_ID) VALUES (-31, 'org.broadleafcommerce.core.catalog.domain.CrossSaleProductImpl', -5);
INSERT INTO ops$publ.BLC_ADMIN_PERMISSION_ENTITY(ADMIN_PERMISSION_ENTITY_ID, CEILING_ENTITY, ADMIN_PERMISSION_ID) VALUES (-30, 'org.broadleafcommerce.core.catalog.domain.CrossSaleProductImpl', -4);
INSERT INTO ops$publ.BLC_ADMIN_PERMISSION_ENTITY(ADMIN_PERMISSION_ENTITY_ID, CEILING_ENTITY, ADMIN_PERMISSION_ID) VALUES (-29, 'org.broadleafcommerce.core.catalog.domain.CrossSaleProductImpl', -3);
INSERT INTO ops$publ.BLC_ADMIN_PERMISSION_ENTITY(ADMIN_PERMISSION_ENTITY_ID, CEILING_ENTITY, ADMIN_PERMISSION_ID) VALUES (-28, 'org.broadleafcommerce.core.catalog.domain.CrossSaleProductImpl', -2);
INSERT INTO ops$publ.BLC_ADMIN_PERMISSION_ENTITY(ADMIN_PERMISSION_ENTITY_ID, CEILING_ENTITY, ADMIN_PERMISSION_ID) VALUES (-27, 'org.broadleafcommerce.core.catalog.domain.FeaturedProductImpl', -6);
INSERT INTO ops$publ.BLC_ADMIN_PERMISSION_ENTITY(ADMIN_PERMISSION_ENTITY_ID, CEILING_ENTITY, ADMIN_PERMISSION_ID) VALUES (-26, 'org.broadleafcommerce.core.catalog.domain.FeaturedProductImpl', -5);
INSERT INTO ops$publ.BLC_ADMIN_PERMISSION_ENTITY(ADMIN_PERMISSION_ENTITY_ID, CEILING_ENTITY, ADMIN_PERMISSION_ID) VALUES (-25, 'org.broadleafcommerce.core.catalog.domain.FeaturedProductImpl', -4);
INSERT INTO ops$publ.BLC_ADMIN_PERMISSION_ENTITY(ADMIN_PERMISSION_ENTITY_ID, CEILING_ENTITY, ADMIN_PERMISSION_ID) VALUES (-24, 'org.broadleafcommerce.core.catalog.domain.FeaturedProductImpl', -3);
INSERT INTO ops$publ.BLC_ADMIN_PERMISSION_ENTITY(ADMIN_PERMISSION_ENTITY_ID, CEILING_ENTITY, ADMIN_PERMISSION_ID) VALUES (-23, 'org.broadleafcommerce.core.catalog.domain.FeaturedProductImpl', -2);
INSERT INTO ops$publ.BLC_ADMIN_PERMISSION_ENTITY(ADMIN_PERMISSION_ENTITY_ID, CEILING_ENTITY, ADMIN_PERMISSION_ID) VALUES (-22, 'org.broadleafcommerce.core.catalog.domain.CategoryXrefImpl', -6);
INSERT INTO ops$publ.BLC_ADMIN_PERMISSION_ENTITY(ADMIN_PERMISSION_ENTITY_ID, CEILING_ENTITY, ADMIN_PERMISSION_ID) VALUES (-21, 'org.broadleafcommerce.core.catalog.domain.CategoryXrefImpl', -5);
INSERT INTO ops$publ.BLC_ADMIN_PERMISSION_ENTITY(ADMIN_PERMISSION_ENTITY_ID, CEILING_ENTITY, ADMIN_PERMISSION_ID) VALUES (-20, 'org.broadleafcommerce.core.catalog.domain.CategoryXrefImpl', -4);
INSERT INTO ops$publ.BLC_ADMIN_PERMISSION_ENTITY(ADMIN_PERMISSION_ENTITY_ID, CEILING_ENTITY, ADMIN_PERMISSION_ID) VALUES (-19, 'org.broadleafcommerce.core.catalog.domain.CategoryXrefImpl', -3);
INSERT INTO ops$publ.BLC_ADMIN_PERMISSION_ENTITY(ADMIN_PERMISSION_ENTITY_ID, CEILING_ENTITY, ADMIN_PERMISSION_ID) VALUES (-18, 'org.broadleafcommerce.core.catalog.domain.CategoryXrefImpl', -2);
INSERT INTO ops$publ.BLC_ADMIN_PERMISSION_ENTITY(ADMIN_PERMISSION_ENTITY_ID, CEILING_ENTITY, ADMIN_PERMISSION_ID) VALUES (-17, 'org.broadleafcommerce.core.catalog.domain.CategoryProductXrefImpl', -6);
INSERT INTO ops$publ.BLC_ADMIN_PERMISSION_ENTITY(ADMIN_PERMISSION_ENTITY_ID, CEILING_ENTITY, ADMIN_PERMISSION_ID) VALUES (-16, 'org.broadleafcommerce.core.catalog.domain.CategoryProductXrefImpl', -5);
INSERT INTO ops$publ.BLC_ADMIN_PERMISSION_ENTITY(ADMIN_PERMISSION_ENTITY_ID, CEILING_ENTITY, ADMIN_PERMISSION_ID) VALUES (-15, 'org.broadleafcommerce.core.catalog.domain.CategoryProductXrefImpl', -4);
INSERT INTO ops$publ.BLC_ADMIN_PERMISSION_ENTITY(ADMIN_PERMISSION_ENTITY_ID, CEILING_ENTITY, ADMIN_PERMISSION_ID) VALUES (-14, 'org.broadleafcommerce.core.catalog.domain.CategoryProductXrefImpl', -3);
INSERT INTO ops$publ.BLC_ADMIN_PERMISSION_ENTITY(ADMIN_PERMISSION_ENTITY_ID, CEILING_ENTITY, ADMIN_PERMISSION_ID) VALUES (-13, 'org.broadleafcommerce.core.catalog.domain.CategoryProductXrefImpl', -2);
INSERT INTO ops$publ.BLC_ADMIN_PERMISSION_ENTITY(ADMIN_PERMISSION_ENTITY_ID, CEILING_ENTITY, ADMIN_PERMISSION_ID) VALUES (-12, 'org.broadleafcommerce.core.catalog.domain.CategoryAttribute', -6);
INSERT INTO ops$publ.BLC_ADMIN_PERMISSION_ENTITY(ADMIN_PERMISSION_ENTITY_ID, CEILING_ENTITY, ADMIN_PERMISSION_ID) VALUES (-11, 'org.broadleafcommerce.core.catalog.domain.CategoryAttribute', -5);
INSERT INTO ops$publ.BLC_ADMIN_PERMISSION_ENTITY(ADMIN_PERMISSION_ENTITY_ID, CEILING_ENTITY, ADMIN_PERMISSION_ID) VALUES (-10, 'org.broadleafcommerce.core.catalog.domain.CategoryAttribute', -4);
INSERT INTO ops$publ.BLC_ADMIN_PERMISSION_ENTITY(ADMIN_PERMISSION_ENTITY_ID, CEILING_ENTITY, ADMIN_PERMISSION_ID) VALUES (-9, 'org.broadleafcommerce.core.catalog.domain.CategoryAttribute', -3);
INSERT INTO ops$publ.BLC_ADMIN_PERMISSION_ENTITY(ADMIN_PERMISSION_ENTITY_ID, CEILING_ENTITY, ADMIN_PERMISSION_ID) VALUES (-8, 'org.broadleafcommerce.core.catalog.domain.CategoryAttribute', -2);
INSERT INTO ops$publ.BLC_ADMIN_PERMISSION_ENTITY(ADMIN_PERMISSION_ENTITY_ID, CEILING_ENTITY, ADMIN_PERMISSION_ID) VALUES (-7, 'org.broadleafcommerce.core.catalog.domain.Category', -6);
INSERT INTO ops$publ.BLC_ADMIN_PERMISSION_ENTITY(ADMIN_PERMISSION_ENTITY_ID, CEILING_ENTITY, ADMIN_PERMISSION_ID) VALUES (-6, 'org.broadleafcommerce.core.catalog.domain.Category', -5);
INSERT INTO ops$publ.BLC_ADMIN_PERMISSION_ENTITY(ADMIN_PERMISSION_ENTITY_ID, CEILING_ENTITY, ADMIN_PERMISSION_ID) VALUES (-4, 'org.broadleafcommerce.core.catalog.domain.Category', -4);
INSERT INTO ops$publ.BLC_ADMIN_PERMISSION_ENTITY(ADMIN_PERMISSION_ENTITY_ID, CEILING_ENTITY, ADMIN_PERMISSION_ID) VALUES (-2, 'org.broadleafcommerce.core.catalog.domain.Category', -3);
INSERT INTO ops$publ.BLC_ADMIN_PERMISSION_ENTITY(ADMIN_PERMISSION_ENTITY_ID, CEILING_ENTITY, ADMIN_PERMISSION_ID) VALUES (-1, 'org.broadleafcommerce.core.catalog.domain.Category', -2);
INSERT INTO ops$publ.BLC_ADMIN_ROLE(ADMIN_ROLE_ID, DESCRIPTION, NAME) VALUES (-6, 'CMS Approver', 'ROLE_CONTENT_APPROVER');
INSERT INTO ops$publ.BLC_ADMIN_ROLE(ADMIN_ROLE_ID, DESCRIPTION, NAME) VALUES (-5, 'CMS Editor', 'ROLE_CONTENT_EDITOR');
INSERT INTO ops$publ.BLC_ADMIN_ROLE(ADMIN_ROLE_ID, DESCRIPTION, NAME) VALUES (-4, 'CSR', 'ROLE_CUSTOMER_SERVICE_REP');
INSERT INTO ops$publ.BLC_ADMIN_ROLE(ADMIN_ROLE_ID, DESCRIPTION, NAME) VALUES (-3, 'Promotion Manager', 'ROLE_PROMOTION_MANAGER');
INSERT INTO ops$publ.BLC_ADMIN_ROLE(ADMIN_ROLE_ID, DESCRIPTION, NAME) VALUES (-2, 'Merchandiser', 'ROLE_MERCHANDISE_MANAGER');
INSERT INTO ops$publ.BLC_ADMIN_ROLE(ADMIN_ROLE_ID, DESCRIPTION, NAME) VALUES (-1, 'Admin Master Access', 'ROLE_ADMIN');
INSERT INTO ops$publ.BLC_ADMIN_ROLE_PERMISSION_XREF(ADMIN_ROLE_ID, ADMIN_PERMISSION_ID) VALUES (-1, -98);
INSERT INTO ops$publ.BLC_ADMIN_ROLE_PERMISSION_XREF(ADMIN_ROLE_ID, ADMIN_PERMISSION_ID) VALUES (-1, -93);
INSERT INTO ops$publ.BLC_ADMIN_ROLE_PERMISSION_XREF(ADMIN_ROLE_ID, ADMIN_PERMISSION_ID) VALUES (-2, -88);
INSERT INTO ops$publ.BLC_ADMIN_ROLE_PERMISSION_XREF(ADMIN_ROLE_ID, ADMIN_PERMISSION_ID) VALUES (-1, -88);
INSERT INTO ops$publ.BLC_ADMIN_ROLE_PERMISSION_XREF(ADMIN_ROLE_ID, ADMIN_PERMISSION_ID) VALUES (-2, -83);
INSERT INTO ops$publ.BLC_ADMIN_ROLE_PERMISSION_XREF(ADMIN_ROLE_ID, ADMIN_PERMISSION_ID) VALUES (-1, -83);
INSERT INTO ops$publ.BLC_ADMIN_ROLE_PERMISSION_XREF(ADMIN_ROLE_ID, ADMIN_PERMISSION_ID) VALUES (-1, -78);
INSERT INTO ops$publ.BLC_ADMIN_ROLE_PERMISSION_XREF(ADMIN_ROLE_ID, ADMIN_PERMISSION_ID) VALUES (-1, -73);
INSERT INTO ops$publ.BLC_ADMIN_ROLE_PERMISSION_XREF(ADMIN_ROLE_ID, ADMIN_PERMISSION_ID) VALUES (-1, -68);
INSERT INTO ops$publ.BLC_ADMIN_ROLE_PERMISSION_XREF(ADMIN_ROLE_ID, ADMIN_PERMISSION_ID) VALUES (-6, -63);
INSERT INTO ops$publ.BLC_ADMIN_ROLE_PERMISSION_XREF(ADMIN_ROLE_ID, ADMIN_PERMISSION_ID) VALUES (-1, -63);
INSERT INTO ops$publ.BLC_ADMIN_ROLE_PERMISSION_XREF(ADMIN_ROLE_ID, ADMIN_PERMISSION_ID) VALUES (-5, -62);
INSERT INTO ops$publ.BLC_ADMIN_ROLE_PERMISSION_XREF(ADMIN_ROLE_ID, ADMIN_PERMISSION_ID) VALUES (-1, -62);
INSERT INTO ops$publ.BLC_ADMIN_ROLE_PERMISSION_XREF(ADMIN_ROLE_ID, ADMIN_PERMISSION_ID) VALUES (-6, -61);
INSERT INTO ops$publ.BLC_ADMIN_ROLE_PERMISSION_XREF(ADMIN_ROLE_ID, ADMIN_PERMISSION_ID) VALUES (-5, -61);
INSERT INTO ops$publ.BLC_ADMIN_ROLE_PERMISSION_XREF(ADMIN_ROLE_ID, ADMIN_PERMISSION_ID) VALUES (-1, -61);
INSERT INTO ops$publ.BLC_ADMIN_ROLE_PERMISSION_XREF(ADMIN_ROLE_ID, ADMIN_PERMISSION_ID) VALUES (-6, -56);
INSERT INTO ops$publ.BLC_ADMIN_ROLE_PERMISSION_XREF(ADMIN_ROLE_ID, ADMIN_PERMISSION_ID) VALUES (-5, -56);
INSERT INTO ops$publ.BLC_ADMIN_ROLE_PERMISSION_XREF(ADMIN_ROLE_ID, ADMIN_PERMISSION_ID) VALUES (-2, -56);
INSERT INTO ops$publ.BLC_ADMIN_ROLE_PERMISSION_XREF(ADMIN_ROLE_ID, ADMIN_PERMISSION_ID) VALUES (-1, -56);
INSERT INTO ops$publ.BLC_ADMIN_ROLE_PERMISSION_XREF(ADMIN_ROLE_ID, ADMIN_PERMISSION_ID) VALUES (-6, -51);
INSERT INTO ops$publ.BLC_ADMIN_ROLE_PERMISSION_XREF(ADMIN_ROLE_ID, ADMIN_PERMISSION_ID) VALUES (-5, -51);
INSERT INTO ops$publ.BLC_ADMIN_ROLE_PERMISSION_XREF(ADMIN_ROLE_ID, ADMIN_PERMISSION_ID) VALUES (-1, -51);
INSERT INTO ops$publ.BLC_ADMIN_ROLE_PERMISSION_XREF(ADMIN_ROLE_ID, ADMIN_PERMISSION_ID) VALUES (-4, -46);
INSERT INTO ops$publ.BLC_ADMIN_ROLE_PERMISSION_XREF(ADMIN_ROLE_ID, ADMIN_PERMISSION_ID) VALUES (-1, -46);
INSERT INTO ops$publ.BLC_ADMIN_ROLE_PERMISSION_XREF(ADMIN_ROLE_ID, ADMIN_PERMISSION_ID) VALUES (-4, -41);
INSERT INTO ops$publ.BLC_ADMIN_ROLE_PERMISSION_XREF(ADMIN_ROLE_ID, ADMIN_PERMISSION_ID) VALUES (-1, -41);
INSERT INTO ops$publ.BLC_ADMIN_ROLE_PERMISSION_XREF(ADMIN_ROLE_ID, ADMIN_PERMISSION_ID) VALUES (-4, -36);
INSERT INTO ops$publ.BLC_ADMIN_ROLE_PERMISSION_XREF(ADMIN_ROLE_ID, ADMIN_PERMISSION_ID) VALUES (-1, -36);
INSERT INTO ops$publ.BLC_ADMIN_ROLE_PERMISSION_XREF(ADMIN_ROLE_ID, ADMIN_PERMISSION_ID) VALUES (-4, -31);
INSERT INTO ops$publ.BLC_ADMIN_ROLE_PERMISSION_XREF(ADMIN_ROLE_ID, ADMIN_PERMISSION_ID) VALUES (-1, -31);
INSERT INTO ops$publ.BLC_ADMIN_ROLE_PERMISSION_XREF(ADMIN_ROLE_ID, ADMIN_PERMISSION_ID) VALUES (-3, -26);
INSERT INTO ops$publ.BLC_ADMIN_ROLE_PERMISSION_XREF(ADMIN_ROLE_ID, ADMIN_PERMISSION_ID) VALUES (-1, -26);
INSERT INTO ops$publ.BLC_ADMIN_ROLE_PERMISSION_XREF(ADMIN_ROLE_ID, ADMIN_PERMISSION_ID) VALUES (-4, -25);
INSERT INTO ops$publ.BLC_ADMIN_ROLE_PERMISSION_XREF(ADMIN_ROLE_ID, ADMIN_PERMISSION_ID) VALUES (-2, -21);
INSERT INTO ops$publ.BLC_ADMIN_ROLE_PERMISSION_XREF(ADMIN_ROLE_ID, ADMIN_PERMISSION_ID) VALUES (-1, -21);
INSERT INTO ops$publ.BLC_ADMIN_ROLE_PERMISSION_XREF(ADMIN_ROLE_ID, ADMIN_PERMISSION_ID) VALUES (-2, -16);
INSERT INTO ops$publ.BLC_ADMIN_ROLE_PERMISSION_XREF(ADMIN_ROLE_ID, ADMIN_PERMISSION_ID) VALUES (-1, -16);
INSERT INTO ops$publ.BLC_ADMIN_ROLE_PERMISSION_XREF(ADMIN_ROLE_ID, ADMIN_PERMISSION_ID) VALUES (-2, -11);
INSERT INTO ops$publ.BLC_ADMIN_ROLE_PERMISSION_XREF(ADMIN_ROLE_ID, ADMIN_PERMISSION_ID) VALUES (-1, -11);
INSERT INTO ops$publ.BLC_ADMIN_ROLE_PERMISSION_XREF(ADMIN_ROLE_ID, ADMIN_PERMISSION_ID) VALUES (-2, -6);
INSERT INTO ops$publ.BLC_ADMIN_ROLE_PERMISSION_XREF(ADMIN_ROLE_ID, ADMIN_PERMISSION_ID) VALUES (-1, -6);
INSERT INTO ops$publ.BLC_ADMIN_ROLE_PERMISSION_XREF(ADMIN_ROLE_ID, ADMIN_PERMISSION_ID) VALUES (-6, -1);
INSERT INTO ops$publ.BLC_ADMIN_ROLE_PERMISSION_XREF(ADMIN_ROLE_ID, ADMIN_PERMISSION_ID) VALUES (-5, -1);
INSERT INTO ops$publ.BLC_ADMIN_ROLE_PERMISSION_XREF(ADMIN_ROLE_ID, ADMIN_PERMISSION_ID) VALUES (-4, -1);
INSERT INTO ops$publ.BLC_ADMIN_ROLE_PERMISSION_XREF(ADMIN_ROLE_ID, ADMIN_PERMISSION_ID) VALUES (-3, -1);
INSERT INTO ops$publ.BLC_ADMIN_ROLE_PERMISSION_XREF(ADMIN_ROLE_ID, ADMIN_PERMISSION_ID) VALUES (-2, -1);
INSERT INTO ops$publ.BLC_ADMIN_ROLE_PERMISSION_XREF(ADMIN_ROLE_ID, ADMIN_PERMISSION_ID) VALUES (-1, -1);
INSERT INTO ops$publ.BLC_ADMIN_SEC_PERM_XREF(ADMIN_SECTION_ID, ADMIN_PERMISSION_ID) VALUES (-1, -2);
INSERT INTO ops$publ.BLC_ADMIN_SEC_PERM_XREF(ADMIN_SECTION_ID, ADMIN_PERMISSION_ID) VALUES (-1, -3);
INSERT INTO ops$publ.BLC_ADMIN_SEC_PERM_XREF(ADMIN_SECTION_ID, ADMIN_PERMISSION_ID) VALUES (-1, -4);
INSERT INTO ops$publ.BLC_ADMIN_SEC_PERM_XREF(ADMIN_SECTION_ID, ADMIN_PERMISSION_ID) VALUES (-1, -5);
INSERT INTO ops$publ.BLC_ADMIN_SEC_PERM_XREF(ADMIN_SECTION_ID, ADMIN_PERMISSION_ID) VALUES (-2, -7);
INSERT INTO ops$publ.BLC_ADMIN_SEC_PERM_XREF(ADMIN_SECTION_ID, ADMIN_PERMISSION_ID) VALUES (-2, -8);
INSERT INTO ops$publ.BLC_ADMIN_SEC_PERM_XREF(ADMIN_SECTION_ID, ADMIN_PERMISSION_ID) VALUES (-2, -9);
INSERT INTO ops$publ.BLC_ADMIN_SEC_PERM_XREF(ADMIN_SECTION_ID, ADMIN_PERMISSION_ID) VALUES (-2, -10);
INSERT INTO ops$publ.BLC_ADMIN_SEC_PERM_XREF(ADMIN_SECTION_ID, ADMIN_PERMISSION_ID) VALUES (-3, -12);
INSERT INTO ops$publ.BLC_ADMIN_SEC_PERM_XREF(ADMIN_SECTION_ID, ADMIN_PERMISSION_ID) VALUES (-3, -13);
INSERT INTO ops$publ.BLC_ADMIN_SEC_PERM_XREF(ADMIN_SECTION_ID, ADMIN_PERMISSION_ID) VALUES (-3, -14);
INSERT INTO ops$publ.BLC_ADMIN_SEC_PERM_XREF(ADMIN_SECTION_ID, ADMIN_PERMISSION_ID) VALUES (-3, -15);
INSERT INTO ops$publ.BLC_ADMIN_SEC_PERM_XREF(ADMIN_SECTION_ID, ADMIN_PERMISSION_ID) VALUES (-4, -22);
INSERT INTO ops$publ.BLC_ADMIN_SEC_PERM_XREF(ADMIN_SECTION_ID, ADMIN_PERMISSION_ID) VALUES (-4, -23);
INSERT INTO ops$publ.BLC_ADMIN_SEC_PERM_XREF(ADMIN_SECTION_ID, ADMIN_PERMISSION_ID) VALUES (-4, -24);
INSERT INTO ops$publ.BLC_ADMIN_SEC_PERM_XREF(ADMIN_SECTION_ID, ADMIN_PERMISSION_ID) VALUES (-4, -25);
INSERT INTO ops$publ.BLC_ADMIN_SEC_PERM_XREF(ADMIN_SECTION_ID, ADMIN_PERMISSION_ID) VALUES (-5, -47);
INSERT INTO ops$publ.BLC_ADMIN_SEC_PERM_XREF(ADMIN_SECTION_ID, ADMIN_PERMISSION_ID) VALUES (-5, -48);
INSERT INTO ops$publ.BLC_ADMIN_SEC_PERM_XREF(ADMIN_SECTION_ID, ADMIN_PERMISSION_ID) VALUES (-5, -49);
INSERT INTO ops$publ.BLC_ADMIN_SEC_PERM_XREF(ADMIN_SECTION_ID, ADMIN_PERMISSION_ID) VALUES (-5, -50);
INSERT INTO ops$publ.BLC_ADMIN_SEC_PERM_XREF(ADMIN_SECTION_ID, ADMIN_PERMISSION_ID) VALUES (-6, -52);
INSERT INTO ops$publ.BLC_ADMIN_SEC_PERM_XREF(ADMIN_SECTION_ID, ADMIN_PERMISSION_ID) VALUES (-6, -53);
INSERT INTO ops$publ.BLC_ADMIN_SEC_PERM_XREF(ADMIN_SECTION_ID, ADMIN_PERMISSION_ID) VALUES (-6, -54);
INSERT INTO ops$publ.BLC_ADMIN_SEC_PERM_XREF(ADMIN_SECTION_ID, ADMIN_PERMISSION_ID) VALUES (-6, -55);
INSERT INTO ops$publ.BLC_ADMIN_SEC_PERM_XREF(ADMIN_SECTION_ID, ADMIN_PERMISSION_ID) VALUES (-7, -57);
INSERT INTO ops$publ.BLC_ADMIN_SEC_PERM_XREF(ADMIN_SECTION_ID, ADMIN_PERMISSION_ID) VALUES (-7, -58);
INSERT INTO ops$publ.BLC_ADMIN_SEC_PERM_XREF(ADMIN_SECTION_ID, ADMIN_PERMISSION_ID) VALUES (-7, -59);
INSERT INTO ops$publ.BLC_ADMIN_SEC_PERM_XREF(ADMIN_SECTION_ID, ADMIN_PERMISSION_ID) VALUES (-7, -60);
INSERT INTO ops$publ.BLC_ADMIN_SEC_PERM_XREF(ADMIN_SECTION_ID, ADMIN_PERMISSION_ID) VALUES (-8, -69);
INSERT INTO ops$publ.BLC_ADMIN_SEC_PERM_XREF(ADMIN_SECTION_ID, ADMIN_PERMISSION_ID) VALUES (-8, -70);
INSERT INTO ops$publ.BLC_ADMIN_SEC_PERM_XREF(ADMIN_SECTION_ID, ADMIN_PERMISSION_ID) VALUES (-8, -71);
INSERT INTO ops$publ.BLC_ADMIN_SEC_PERM_XREF(ADMIN_SECTION_ID, ADMIN_PERMISSION_ID) VALUES (-8, -72);
INSERT INTO ops$publ.BLC_ADMIN_SEC_PERM_XREF(ADMIN_SECTION_ID, ADMIN_PERMISSION_ID) VALUES (-9, -27);
INSERT INTO ops$publ.BLC_ADMIN_SEC_PERM_XREF(ADMIN_SECTION_ID, ADMIN_PERMISSION_ID) VALUES (-9, -28);
INSERT INTO ops$publ.BLC_ADMIN_SEC_PERM_XREF(ADMIN_SECTION_ID, ADMIN_PERMISSION_ID) VALUES (-9, -29);
INSERT INTO ops$publ.BLC_ADMIN_SEC_PERM_XREF(ADMIN_SECTION_ID, ADMIN_PERMISSION_ID) VALUES (-9, -30);
INSERT INTO ops$publ.BLC_ADMIN_SEC_PERM_XREF(ADMIN_SECTION_ID, ADMIN_PERMISSION_ID) VALUES (-10, -42);
INSERT INTO ops$publ.BLC_ADMIN_SEC_PERM_XREF(ADMIN_SECTION_ID, ADMIN_PERMISSION_ID) VALUES (-10, -43);
INSERT INTO ops$publ.BLC_ADMIN_SEC_PERM_XREF(ADMIN_SECTION_ID, ADMIN_PERMISSION_ID) VALUES (-10, -44);
INSERT INTO ops$publ.BLC_ADMIN_SEC_PERM_XREF(ADMIN_SECTION_ID, ADMIN_PERMISSION_ID) VALUES (-10, -45);
INSERT INTO ops$publ.BLC_ADMIN_SEC_PERM_XREF(ADMIN_SECTION_ID, ADMIN_PERMISSION_ID) VALUES (-11, -64);
INSERT INTO ops$publ.BLC_ADMIN_SEC_PERM_XREF(ADMIN_SECTION_ID, ADMIN_PERMISSION_ID) VALUES (-11, -65);
INSERT INTO ops$publ.BLC_ADMIN_SEC_PERM_XREF(ADMIN_SECTION_ID, ADMIN_PERMISSION_ID) VALUES (-11, -66);
INSERT INTO ops$publ.BLC_ADMIN_SEC_PERM_XREF(ADMIN_SECTION_ID, ADMIN_PERMISSION_ID) VALUES (-11, -67);
INSERT INTO ops$publ.BLC_ADMIN_SEC_PERM_XREF(ADMIN_SECTION_ID, ADMIN_PERMISSION_ID) VALUES (-12, -64);
INSERT INTO ops$publ.BLC_ADMIN_SEC_PERM_XREF(ADMIN_SECTION_ID, ADMIN_PERMISSION_ID) VALUES (-12, -65);
INSERT INTO ops$publ.BLC_ADMIN_SEC_PERM_XREF(ADMIN_SECTION_ID, ADMIN_PERMISSION_ID) VALUES (-12, -66);
INSERT INTO ops$publ.BLC_ADMIN_SEC_PERM_XREF(ADMIN_SECTION_ID, ADMIN_PERMISSION_ID) VALUES (-12, -67);
INSERT INTO ops$publ.BLC_ADMIN_SEC_PERM_XREF(ADMIN_SECTION_ID, ADMIN_PERMISSION_ID) VALUES (-13, -89);
INSERT INTO ops$publ.BLC_ADMIN_SEC_PERM_XREF(ADMIN_SECTION_ID, ADMIN_PERMISSION_ID) VALUES (-13, -90);
INSERT INTO ops$publ.BLC_ADMIN_SEC_PERM_XREF(ADMIN_SECTION_ID, ADMIN_PERMISSION_ID) VALUES (-13, -91);
INSERT INTO ops$publ.BLC_ADMIN_SEC_PERM_XREF(ADMIN_SECTION_ID, ADMIN_PERMISSION_ID) VALUES (-13, -92);
INSERT INTO ops$publ.BLC_ADMIN_SEC_PERM_XREF(ADMIN_SECTION_ID, ADMIN_PERMISSION_ID) VALUES (-14, -94);
INSERT INTO ops$publ.BLC_ADMIN_SEC_PERM_XREF(ADMIN_SECTION_ID, ADMIN_PERMISSION_ID) VALUES (-14, -95);
INSERT INTO ops$publ.BLC_ADMIN_SEC_PERM_XREF(ADMIN_SECTION_ID, ADMIN_PERMISSION_ID) VALUES (-14, -96);
INSERT INTO ops$publ.BLC_ADMIN_SEC_PERM_XREF(ADMIN_SECTION_ID, ADMIN_PERMISSION_ID) VALUES (-14, -97);
INSERT INTO ops$publ.BLC_ADMIN_SECTION(ADMIN_SECTION_ID, CEILING_ENTITY, DISPLAY_CONTROLLER, DISPLAY_ORDER, NAME, SECTION_KEY, URL, USE_DEFAULT_HANDLER, ADMIN_MODULE_ID) VALUES (-14, 'org.broadleafcommerce.common.enumeration.domain.DataDrivenEnumeration', null, 1000, 'Enumerations', 'Enumerations', '/enumerations', 0, -6);
INSERT INTO ops$publ.BLC_ADMIN_SECTION(ADMIN_SECTION_ID, CEILING_ENTITY, DISPLAY_CONTROLLER, DISPLAY_ORDER, NAME, SECTION_KEY, URL, USE_DEFAULT_HANDLER, ADMIN_MODULE_ID) VALUES (-13, 'org.broadleafcommerce.common.config.domain.ModuleConfiguration', null, 1000, 'Configuration Management', 'ConfigurationManagement', '/configuration-management', 0, -5);
INSERT INTO ops$publ.BLC_ADMIN_SECTION(ADMIN_SECTION_ID, CEILING_ENTITY, DISPLAY_CONTROLLER, DISPLAY_ORDER, NAME, SECTION_KEY, URL, USE_DEFAULT_HANDLER, ADMIN_MODULE_ID) VALUES (-12, 'org.broadleafcommerce.openadmin.server.security.domain.AdminRole', null, 2000, 'Role Management', 'RoleManagement', '/role-management', 0, -4);
INSERT INTO ops$publ.BLC_ADMIN_SECTION(ADMIN_SECTION_ID, CEILING_ENTITY, DISPLAY_CONTROLLER, DISPLAY_ORDER, NAME, SECTION_KEY, URL, USE_DEFAULT_HANDLER, ADMIN_MODULE_ID) VALUES (-11, 'org.broadleafcommerce.openadmin.server.security.domain.AdminUser', null, 1000, 'User Management', 'UserManagement', '/user-management', 0, -4);
INSERT INTO ops$publ.BLC_ADMIN_SECTION(ADMIN_SECTION_ID, CEILING_ENTITY, DISPLAY_CONTROLLER, DISPLAY_ORDER, NAME, SECTION_KEY, URL, USE_DEFAULT_HANDLER, ADMIN_MODULE_ID) VALUES (-10, 'org.broadleafcommerce.profile.core.domain.Customer', null, 2000, 'Customer', 'Customer', '/customer', 0, -3);
INSERT INTO ops$publ.BLC_ADMIN_SECTION(ADMIN_SECTION_ID, CEILING_ENTITY, DISPLAY_CONTROLLER, DISPLAY_ORDER, NAME, SECTION_KEY, URL, USE_DEFAULT_HANDLER, ADMIN_MODULE_ID) VALUES (-9, 'org.broadleafcommerce.core.order.domain.Order', null, 1000, 'Order', 'Order', '/order', 0, -3);
INSERT INTO ops$publ.BLC_ADMIN_SECTION(ADMIN_SECTION_ID, CEILING_ENTITY, DISPLAY_CONTROLLER, DISPLAY_ORDER, NAME, SECTION_KEY, URL, USE_DEFAULT_HANDLER, ADMIN_MODULE_ID) VALUES (-8, 'org.broadleafcommerce.cms.url.domain.URLHandler', null, 4000, 'Redirect URL', 'RedirectURL', '/redirect-url', 0, -2);
INSERT INTO ops$publ.BLC_ADMIN_SECTION(ADMIN_SECTION_ID, CEILING_ENTITY, DISPLAY_CONTROLLER, DISPLAY_ORDER, NAME, SECTION_KEY, URL, USE_DEFAULT_HANDLER, ADMIN_MODULE_ID) VALUES (-7, 'org.broadleafcommerce.cms.structure.domain.StructuredContent', null, 2000, 'Structured Content', 'StructuredContent', '/structured-content', 0, -2);
INSERT INTO ops$publ.BLC_ADMIN_SECTION(ADMIN_SECTION_ID, CEILING_ENTITY, DISPLAY_CONTROLLER, DISPLAY_ORDER, NAME, SECTION_KEY, URL, USE_DEFAULT_HANDLER, ADMIN_MODULE_ID) VALUES (-6, 'org.broadleafcommerce.cms.file.domain.StaticAsset', null, 3000, 'Assets', 'Assets', '/assets', 0, -2);
INSERT INTO ops$publ.BLC_ADMIN_SECTION(ADMIN_SECTION_ID, CEILING_ENTITY, DISPLAY_CONTROLLER, DISPLAY_ORDER, NAME, SECTION_KEY, URL, USE_DEFAULT_HANDLER, ADMIN_MODULE_ID) VALUES (-5, 'org.broadleafcommerce.cms.page.domain.Page', null, 1000, 'Pages', 'Pages', '/pages', 0, -2);
INSERT INTO ops$publ.BLC_ADMIN_SECTION(ADMIN_SECTION_ID, CEILING_ENTITY, DISPLAY_CONTROLLER, DISPLAY_ORDER, NAME, SECTION_KEY, URL, USE_DEFAULT_HANDLER, ADMIN_MODULE_ID) VALUES (-4, 'org.broadleafcommerce.core.offer.domain.Offer', null, 4000, 'Offer', 'Offer', '/offer', 0, -1);
INSERT INTO ops$publ.BLC_ADMIN_SECTION(ADMIN_SECTION_ID, CEILING_ENTITY, DISPLAY_CONTROLLER, DISPLAY_ORDER, NAME, SECTION_KEY, URL, USE_DEFAULT_HANDLER, ADMIN_MODULE_ID) VALUES (-3, 'org.broadleafcommerce.core.catalog.domain.ProductOption', null, 3000, 'Product Options', 'ProductOptions', '/product-options', 0, -1);
INSERT INTO ops$publ.BLC_ADMIN_SECTION(ADMIN_SECTION_ID, CEILING_ENTITY, DISPLAY_CONTROLLER, DISPLAY_ORDER, NAME, SECTION_KEY, URL, USE_DEFAULT_HANDLER, ADMIN_MODULE_ID) VALUES (-2, 'org.broadleafcommerce.core.catalog.domain.Product', null, 2000, 'Product', 'Product', '/product', 0, -1);
INSERT INTO ops$publ.BLC_ADMIN_SECTION(ADMIN_SECTION_ID, CEILING_ENTITY, DISPLAY_CONTROLLER, DISPLAY_ORDER, NAME, SECTION_KEY, URL, USE_DEFAULT_HANDLER, ADMIN_MODULE_ID) VALUES (-1, 'org.broadleafcommerce.core.catalog.domain.Category', null, 1000, 'Category', 'Category', '/category', 0, -1);
INSERT INTO ops$publ.BLC_ADMIN_USER(ADMIN_USER_ID, ACTIVE_STATUS_FLAG, EMAIL, LOGIN, NAME, PASSWORD, PHONE_NUMBER) VALUES (-6, 1, 'cms_approver@yourdomain.com', 'cmsApprover', 'CMS Approver', 'admin', null);
INSERT INTO ops$publ.BLC_ADMIN_USER(ADMIN_USER_ID, ACTIVE_STATUS_FLAG, EMAIL, LOGIN, NAME, PASSWORD, PHONE_NUMBER) VALUES (-5, 1, 'cms_edit@yourdomain.com', 'cmsEditor', 'CMS Editor', 'admin', null);
INSERT INTO ops$publ.BLC_ADMIN_USER(ADMIN_USER_ID, ACTIVE_STATUS_FLAG, EMAIL, LOGIN, NAME, PASSWORD, PHONE_NUMBER) VALUES (-4, 1, 'csr@yourdomain.com', 'csr', 'CSR', 'admin', null);
INSERT INTO ops$publ.BLC_ADMIN_USER(ADMIN_USER_ID, ACTIVE_STATUS_FLAG, EMAIL, LOGIN, NAME, PASSWORD, PHONE_NUMBER) VALUES (-3, 1, 'promo@yourdomain.com', 'promo', 'Promotion Manager', 'admin', null);
INSERT INTO ops$publ.BLC_ADMIN_USER(ADMIN_USER_ID, ACTIVE_STATUS_FLAG, EMAIL, LOGIN, NAME, PASSWORD, PHONE_NUMBER) VALUES (-2, 1, 'merchandise@yourdomain.com', 'merchandise', 'Merchandise Manager', 'admin', null);
INSERT INTO ops$publ.BLC_ADMIN_USER(ADMIN_USER_ID, ACTIVE_STATUS_FLAG, EMAIL, LOGIN, NAME, PASSWORD, PHONE_NUMBER) VALUES (-1, 1, 'admin@yourdomain.com', 'admin', 'Administrator', 'admin', null);
INSERT INTO ops$publ.BLC_ADMIN_USER_ROLE_XREF(ADMIN_USER_ID, ADMIN_ROLE_ID) VALUES (-6, -6);
INSERT INTO ops$publ.BLC_ADMIN_USER_ROLE_XREF(ADMIN_USER_ID, ADMIN_ROLE_ID) VALUES (-5, -5);
INSERT INTO ops$publ.BLC_ADMIN_USER_ROLE_XREF(ADMIN_USER_ID, ADMIN_ROLE_ID) VALUES (-4, -4);
INSERT INTO ops$publ.BLC_ADMIN_USER_ROLE_XREF(ADMIN_USER_ID, ADMIN_ROLE_ID) VALUES (-3, -3);
INSERT INTO ops$publ.BLC_ADMIN_USER_ROLE_XREF(ADMIN_USER_ID, ADMIN_ROLE_ID) VALUES (-2, -2);
INSERT INTO ops$publ.BLC_ADMIN_USER_ROLE_XREF(ADMIN_USER_ID, ADMIN_ROLE_ID) VALUES (-1, -1);
INSERT INTO ops$publ.BLC_CAT_SEARCH_FACET_XREF(CATEGORY_SEARCH_FACET_ID, SEQUENCE, CATEGORY_ID, SEARCH_FACET_ID) VALUES (1, 1, 2002, 1);
INSERT INTO ops$publ.BLC_CAT_SEARCH_FACET_XREF(CATEGORY_SEARCH_FACET_ID, SEQUENCE, CATEGORY_ID, SEARCH_FACET_ID) VALUES (2, 2, 2002, 2);
INSERT INTO ops$publ.BLC_CAT_SEARCH_FACET_XREF(CATEGORY_SEARCH_FACET_ID, SEQUENCE, CATEGORY_ID, SEARCH_FACET_ID) VALUES (3, 3, 1, 3);
INSERT INTO ops$publ.BLC_CATEGORY(CATEGORY_ID, ACTIVE_END_DATE, ACTIVE_START_DATE, ARCHIVED, DESCRIPTION, DISPLAY_TEMPLATE, FULFILLMENT_TYPE, INVENTORY_TYPE, LONG_DESCRIPTION, NAME, TAX_CODE, URL, URL_KEY, DEFAULT_PARENT_CATEGORY_ID) VALUES (1, null, CURRENT_TIMESTAMP, null, 'Root', null, null, null, null, 'Root', null, null, null, null);
INSERT INTO ops$publ.BLC_CATEGORY(CATEGORY_ID, ACTIVE_END_DATE, ACTIVE_START_DATE, ARCHIVED, DESCRIPTION, DISPLAY_TEMPLATE, FULFILLMENT_TYPE, INVENTORY_TYPE, LONG_DESCRIPTION, NAME, TAX_CODE, URL, URL_KEY, DEFAULT_PARENT_CATEGORY_ID) VALUES (2, null, CURRENT_TIMESTAMP, null, 'Primary Nav', null, null, null, null, 'Primary Nav', null, null, null, 1);
INSERT INTO ops$publ.BLC_CATEGORY(CATEGORY_ID, ACTIVE_END_DATE, ACTIVE_START_DATE, ARCHIVED, DESCRIPTION, DISPLAY_TEMPLATE, FULFILLMENT_TYPE, INVENTORY_TYPE, LONG_DESCRIPTION, NAME, TAX_CODE, URL, URL_KEY, DEFAULT_PARENT_CATEGORY_ID) VALUES (2001, null, CURRENT_TIMESTAMP, null, 'Home', 'layout/home', null, null, null, 'Home', null, '/', null, 2);
INSERT INTO ops$publ.BLC_CATEGORY(CATEGORY_ID, ACTIVE_END_DATE, ACTIVE_START_DATE, ARCHIVED, DESCRIPTION, DISPLAY_TEMPLATE, FULFILLMENT_TYPE, INVENTORY_TYPE, LONG_DESCRIPTION, NAME, TAX_CODE, URL, URL_KEY, DEFAULT_PARENT_CATEGORY_ID) VALUES (2002, null, CURRENT_TIMESTAMP, null, 'Hot Sauces', null, null, null, null, 'Hot Sauces', null, '/hot-sauces', null, 2);
INSERT INTO ops$publ.BLC_CATEGORY(CATEGORY_ID, ACTIVE_END_DATE, ACTIVE_START_DATE, ARCHIVED, DESCRIPTION, DISPLAY_TEMPLATE, FULFILLMENT_TYPE, INVENTORY_TYPE, LONG_DESCRIPTION, NAME, TAX_CODE, URL, URL_KEY, DEFAULT_PARENT_CATEGORY_ID) VALUES (2003, null, CURRENT_TIMESTAMP, null, 'Merchandise', null, null, null, null, 'Merchandise', null, '/merchandise', null, 2);
INSERT INTO ops$publ.BLC_CATEGORY(CATEGORY_ID, ACTIVE_END_DATE, ACTIVE_START_DATE, ARCHIVED, DESCRIPTION, DISPLAY_TEMPLATE, FULFILLMENT_TYPE, INVENTORY_TYPE, LONG_DESCRIPTION, NAME, TAX_CODE, URL, URL_KEY, DEFAULT_PARENT_CATEGORY_ID) VALUES (2004, null, CURRENT_TIMESTAMP, null, 'Clearance', null, null, null, null, 'Clearance', null, '/clearance', null, 2);
INSERT INTO ops$publ.BLC_CATEGORY(CATEGORY_ID, ACTIVE_END_DATE, ACTIVE_START_DATE, ARCHIVED, DESCRIPTION, DISPLAY_TEMPLATE, FULFILLMENT_TYPE, INVENTORY_TYPE, LONG_DESCRIPTION, NAME, TAX_CODE, URL, URL_KEY, DEFAULT_PARENT_CATEGORY_ID) VALUES (2005, null, CURRENT_TIMESTAMP, null, 'New to Hot Sauce?', null, null, null, null, 'New to Hot Sauce?', null, '/new-to-hot-sauce', null, 2);
INSERT INTO ops$publ.BLC_CATEGORY(CATEGORY_ID, ACTIVE_END_DATE, ACTIVE_START_DATE, ARCHIVED, DESCRIPTION, DISPLAY_TEMPLATE, FULFILLMENT_TYPE, INVENTORY_TYPE, LONG_DESCRIPTION, NAME, TAX_CODE, URL, URL_KEY, DEFAULT_PARENT_CATEGORY_ID) VALUES (2006, null, CURRENT_TIMESTAMP, null, 'FAQs', null, null, null, null, 'FAQs', null, '/faq', null, 2);
INSERT INTO ops$publ.BLC_CATEGORY_PRODUCT_XREF(DISPLAY_ORDER, CATEGORY_ID, PRODUCT_ID) VALUES (1, 2001, 3);
INSERT INTO ops$publ.BLC_CATEGORY_PRODUCT_XREF(DISPLAY_ORDER, CATEGORY_ID, PRODUCT_ID) VALUES (2, 2001, 6);
INSERT INTO ops$publ.BLC_CATEGORY_PRODUCT_XREF(DISPLAY_ORDER, CATEGORY_ID, PRODUCT_ID) VALUES (3, 2001, 9);
INSERT INTO ops$publ.BLC_CATEGORY_PRODUCT_XREF(DISPLAY_ORDER, CATEGORY_ID, PRODUCT_ID) VALUES (4, 2001, 12);
INSERT INTO ops$publ.BLC_CATEGORY_PRODUCT_XREF(DISPLAY_ORDER, CATEGORY_ID, PRODUCT_ID) VALUES (1, 2002, 1);
INSERT INTO ops$publ.BLC_CATEGORY_PRODUCT_XREF(DISPLAY_ORDER, CATEGORY_ID, PRODUCT_ID) VALUES (2, 2002, 2);
INSERT INTO ops$publ.BLC_CATEGORY_PRODUCT_XREF(DISPLAY_ORDER, CATEGORY_ID, PRODUCT_ID) VALUES (3, 2002, 3);
INSERT INTO ops$publ.BLC_CATEGORY_PRODUCT_XREF(DISPLAY_ORDER, CATEGORY_ID, PRODUCT_ID) VALUES (4, 2002, 4);
INSERT INTO ops$publ.BLC_CATEGORY_PRODUCT_XREF(DISPLAY_ORDER, CATEGORY_ID, PRODUCT_ID) VALUES (5, 2002, 5);
INSERT INTO ops$publ.BLC_CATEGORY_PRODUCT_XREF(DISPLAY_ORDER, CATEGORY_ID, PRODUCT_ID) VALUES (6, 2002, 6);
INSERT INTO ops$publ.BLC_CATEGORY_PRODUCT_XREF(DISPLAY_ORDER, CATEGORY_ID, PRODUCT_ID) VALUES (7, 2002, 7);
INSERT INTO ops$publ.BLC_CATEGORY_PRODUCT_XREF(DISPLAY_ORDER, CATEGORY_ID, PRODUCT_ID) VALUES (8, 2002, 8);
INSERT INTO ops$publ.BLC_CATEGORY_PRODUCT_XREF(DISPLAY_ORDER, CATEGORY_ID, PRODUCT_ID) VALUES (9, 2002, 9);
INSERT INTO ops$publ.BLC_CATEGORY_PRODUCT_XREF(DISPLAY_ORDER, CATEGORY_ID, PRODUCT_ID) VALUES (10, 2002, 10);
INSERT INTO ops$publ.BLC_CATEGORY_PRODUCT_XREF(DISPLAY_ORDER, CATEGORY_ID, PRODUCT_ID) VALUES (11, 2002, 11);
INSERT INTO ops$publ.BLC_CATEGORY_PRODUCT_XREF(DISPLAY_ORDER, CATEGORY_ID, PRODUCT_ID) VALUES (12, 2002, 12);
INSERT INTO ops$publ.BLC_CATEGORY_PRODUCT_XREF(DISPLAY_ORDER, CATEGORY_ID, PRODUCT_ID) VALUES (13, 2002, 13);
INSERT INTO ops$publ.BLC_CATEGORY_PRODUCT_XREF(DISPLAY_ORDER, CATEGORY_ID, PRODUCT_ID) VALUES (14, 2002, 14);
INSERT INTO ops$publ.BLC_CATEGORY_PRODUCT_XREF(DISPLAY_ORDER, CATEGORY_ID, PRODUCT_ID) VALUES (15, 2002, 15);
INSERT INTO ops$publ.BLC_CATEGORY_PRODUCT_XREF(DISPLAY_ORDER, CATEGORY_ID, PRODUCT_ID) VALUES (16, 2002, 16);
INSERT INTO ops$publ.BLC_CATEGORY_PRODUCT_XREF(DISPLAY_ORDER, CATEGORY_ID, PRODUCT_ID) VALUES (17, 2002, 17);
INSERT INTO ops$publ.BLC_CATEGORY_PRODUCT_XREF(DISPLAY_ORDER, CATEGORY_ID, PRODUCT_ID) VALUES (18, 2002, 18);
INSERT INTO ops$publ.BLC_CATEGORY_PRODUCT_XREF(DISPLAY_ORDER, CATEGORY_ID, PRODUCT_ID) VALUES (19, 2002, 19);
INSERT INTO ops$publ.BLC_CATEGORY_PRODUCT_XREF(DISPLAY_ORDER, CATEGORY_ID, PRODUCT_ID) VALUES (1, 2003, 100);
INSERT INTO ops$publ.BLC_CATEGORY_PRODUCT_XREF(DISPLAY_ORDER, CATEGORY_ID, PRODUCT_ID) VALUES (2, 2003, 200);
INSERT INTO ops$publ.BLC_CATEGORY_PRODUCT_XREF(DISPLAY_ORDER, CATEGORY_ID, PRODUCT_ID) VALUES (3, 2003, 300);
INSERT INTO ops$publ.BLC_CATEGORY_PRODUCT_XREF(DISPLAY_ORDER, CATEGORY_ID, PRODUCT_ID) VALUES (4, 2003, 400);
INSERT INTO ops$publ.BLC_CATEGORY_PRODUCT_XREF(DISPLAY_ORDER, CATEGORY_ID, PRODUCT_ID) VALUES (5, 2003, 500);
INSERT INTO ops$publ.BLC_CATEGORY_PRODUCT_XREF(DISPLAY_ORDER, CATEGORY_ID, PRODUCT_ID) VALUES (6, 2003, 600);
INSERT INTO ops$publ.BLC_CATEGORY_PRODUCT_XREF(DISPLAY_ORDER, CATEGORY_ID, PRODUCT_ID) VALUES (1, 2004, 7);
INSERT INTO ops$publ.BLC_CATEGORY_PRODUCT_XREF(DISPLAY_ORDER, CATEGORY_ID, PRODUCT_ID) VALUES (2, 2004, 8);
INSERT INTO ops$publ.BLC_CATEGORY_PRODUCT_XREF(DISPLAY_ORDER, CATEGORY_ID, PRODUCT_ID) VALUES (3, 2004, 10);
INSERT INTO ops$publ.BLC_CATEGORY_PRODUCT_XREF(DISPLAY_ORDER, CATEGORY_ID, PRODUCT_ID) VALUES (4, 2004, 11);
INSERT INTO ops$publ.BLC_CATEGORY_PRODUCT_XREF(DISPLAY_ORDER, CATEGORY_ID, PRODUCT_ID) VALUES (5, 2004, 18);
INSERT INTO ops$publ.BLC_CATEGORY_XREF(DISPLAY_ORDER, SUB_CATEGORY_ID, CATEGORY_ID) VALUES (1, 2, 1);
INSERT INTO ops$publ.BLC_CATEGORY_XREF(DISPLAY_ORDER, SUB_CATEGORY_ID, CATEGORY_ID) VALUES (1, 2001, 2);
INSERT INTO ops$publ.BLC_CATEGORY_XREF(DISPLAY_ORDER, SUB_CATEGORY_ID, CATEGORY_ID) VALUES (2, 2002, 2);
INSERT INTO ops$publ.BLC_CATEGORY_XREF(DISPLAY_ORDER, SUB_CATEGORY_ID, CATEGORY_ID) VALUES (3, 2003, 2);
INSERT INTO ops$publ.BLC_CATEGORY_XREF(DISPLAY_ORDER, SUB_CATEGORY_ID, CATEGORY_ID) VALUES (4, 2004, 2);
INSERT INTO ops$publ.BLC_CATEGORY_XREF(DISPLAY_ORDER, SUB_CATEGORY_ID, CATEGORY_ID) VALUES (5, 2005, 2);
INSERT INTO ops$publ.BLC_CATEGORY_XREF(DISPLAY_ORDER, SUB_CATEGORY_ID, CATEGORY_ID) VALUES (6, 2006, 2);
INSERT INTO ops$publ.BLC_CHALLENGE_QUESTION(QUESTION_ID, QUESTION) VALUES (1, 'What is your favorite sports team?');
INSERT INTO ops$publ.BLC_CHALLENGE_QUESTION(QUESTION_ID, QUESTION) VALUES (2, 'What was your high school name?');
INSERT INTO ops$publ.BLC_CHALLENGE_QUESTION(QUESTION_ID, QUESTION) VALUES (3, 'What was your childhood nickname?');
INSERT INTO ops$publ.BLC_CHALLENGE_QUESTION(QUESTION_ID, QUESTION) VALUES (4, 'What street did you live on in third grade?');
INSERT INTO ops$publ.BLC_CHALLENGE_QUESTION(QUESTION_ID, QUESTION) VALUES (5, 'What is your oldest sibling''s middle name?');
INSERT INTO ops$publ.BLC_CHALLENGE_QUESTION(QUESTION_ID, QUESTION) VALUES (6, 'What school did you attend for sixth grade?');
INSERT INTO ops$publ.BLC_CHALLENGE_QUESTION(QUESTION_ID, QUESTION) VALUES (7, 'Where does your nearest sibling live?');
INSERT INTO ops$publ.BLC_CHALLENGE_QUESTION(QUESTION_ID, QUESTION) VALUES (8, 'What is your youngest brother''s birthday?');
INSERT INTO ops$publ.BLC_CHALLENGE_QUESTION(QUESTION_ID, QUESTION) VALUES (9, 'In what city or town was your first job?');
INSERT INTO ops$publ.BLC_COUNTRY(ABBREVIATION, NAME) VALUES ('CA', 'Canada');
INSERT INTO ops$publ.BLC_COUNTRY(ABBREVIATION, NAME) VALUES ('MX', 'Mexico');
INSERT INTO ops$publ.BLC_COUNTRY(ABBREVIATION, NAME) VALUES ('US', 'United States');
INSERT INTO ops$publ.BLC_CURRENCY(CURRENCY_CODE, DEFAULT_FLAG, FRIENDLY_NAME) VALUES ('EUR', 0, 'EURO Dollar');
INSERT INTO ops$publ.BLC_CURRENCY(CURRENCY_CODE, DEFAULT_FLAG, FRIENDLY_NAME) VALUES ('GBP', 0, 'GB Pound');
INSERT INTO ops$publ.BLC_CURRENCY(CURRENCY_CODE, DEFAULT_FLAG, FRIENDLY_NAME) VALUES ('MXN', 0, 'Mexican Peso');
INSERT INTO ops$publ.BLC_CURRENCY(CURRENCY_CODE, DEFAULT_FLAG, FRIENDLY_NAME) VALUES ('USD', 1, 'US Dollar');
INSERT INTO ops$publ.BLC_FIELD(FIELD_ID, ABBREVIATION, ENTITY_TYPE, FACET_FIELD_TYPE, PROPERTY_NAME, SEARCHABLE, TRANSLATABLE) VALUES (1, 'mfg', 'PRODUCT', 's', 'manufacturer', 1, null);
INSERT INTO ops$publ.BLC_FIELD(FIELD_ID, ABBREVIATION, ENTITY_TYPE, FACET_FIELD_TYPE, PROPERTY_NAME, SEARCHABLE, TRANSLATABLE) VALUES (2, 'heatRange', 'PRODUCT', 'i', 'productAttributes.heatRange', 0, null);
INSERT INTO ops$publ.BLC_FIELD(FIELD_ID, ABBREVIATION, ENTITY_TYPE, FACET_FIELD_TYPE, PROPERTY_NAME, SEARCHABLE, TRANSLATABLE) VALUES (3, 'price', 'PRODUCT', 'p', 'defaultSku.retailPrice', 0, null);
INSERT INTO ops$publ.BLC_FIELD(FIELD_ID, ABBREVIATION, ENTITY_TYPE, FACET_FIELD_TYPE, PROPERTY_NAME, SEARCHABLE, TRANSLATABLE) VALUES (4, 'name', 'PRODUCT', 's', 'defaultSku.name', 1, 1);
INSERT INTO ops$publ.BLC_FIELD(FIELD_ID, ABBREVIATION, ENTITY_TYPE, FACET_FIELD_TYPE, PROPERTY_NAME, SEARCHABLE, TRANSLATABLE) VALUES (5, 'model', 'PRODUCT', 's', 'model', 1, null);
INSERT INTO ops$publ.BLC_FIELD(FIELD_ID, ABBREVIATION, ENTITY_TYPE, FACET_FIELD_TYPE, PROPERTY_NAME, SEARCHABLE, TRANSLATABLE) VALUES (6, 'desc', 'PRODUCT', null, 'defaultSku.description', 1, 1);
INSERT INTO ops$publ.BLC_FIELD(FIELD_ID, ABBREVIATION, ENTITY_TYPE, FACET_FIELD_TYPE, PROPERTY_NAME, SEARCHABLE, TRANSLATABLE) VALUES (7, 'ldesc', 'PRODUCT', null, 'defaultSku.longDescription', 1, 1);
INSERT INTO ops$publ.BLC_FIELD_SEARCH_TYPES(FIELD_ID, SEARCHABLE_FIELD_TYPE) VALUES (1, 't');
INSERT INTO ops$publ.BLC_FIELD_SEARCH_TYPES(FIELD_ID, SEARCHABLE_FIELD_TYPE) VALUES (4, 't');
INSERT INTO ops$publ.BLC_FIELD_SEARCH_TYPES(FIELD_ID, SEARCHABLE_FIELD_TYPE) VALUES (5, 't');
INSERT INTO ops$publ.BLC_FIELD_SEARCH_TYPES(FIELD_ID, SEARCHABLE_FIELD_TYPE) VALUES (6, 't');
INSERT INTO ops$publ.BLC_FIELD_SEARCH_TYPES(FIELD_ID, SEARCHABLE_FIELD_TYPE) VALUES (7, 't');
INSERT INTO ops$publ.BLC_FLD_DEF(FLD_DEF_ID, ALLOW_MULTIPLES, COLUMN_WIDTH, FLD_ORDER, FLD_TYPE, FRIENDLY_NAME, HIDDEN_FLAG, MAX_LENGTH, NAME, SECURITY_LEVEL, TEXT_AREA_FLAG, VLDTN_ERROR_MSSG_KEY, VLDTN_REGEX, FLD_ENUM_ID, FLD_GROUP_ID) VALUES (2, 0, '*', 1, 'HTML', 'Body', 0, null, 'body', null, 0, null, null, null, 1);
INSERT INTO ops$publ.BLC_FLD_DEF(FLD_DEF_ID, ALLOW_MULTIPLES, COLUMN_WIDTH, FLD_ORDER, FLD_TYPE, FRIENDLY_NAME, HIDDEN_FLAG, MAX_LENGTH, NAME, SECURITY_LEVEL, TEXT_AREA_FLAG, VLDTN_ERROR_MSSG_KEY, VLDTN_REGEX, FLD_ENUM_ID, FLD_GROUP_ID) VALUES (3, 0, '*', 0, 'STRING', 'Title', 0, null, 'title', null, 0, null, null, null, 1);
INSERT INTO ops$publ.BLC_FLD_DEF(FLD_DEF_ID, ALLOW_MULTIPLES, COLUMN_WIDTH, FLD_ORDER, FLD_TYPE, FRIENDLY_NAME, HIDDEN_FLAG, MAX_LENGTH, NAME, SECURITY_LEVEL, TEXT_AREA_FLAG, VLDTN_ERROR_MSSG_KEY, VLDTN_REGEX, FLD_ENUM_ID, FLD_GROUP_ID) VALUES (7, 0, '*', 0, 'STRING', 'Image URL', 0, 150, 'imageUrl', null, 0, null, null, null, 4);
INSERT INTO ops$publ.BLC_FLD_DEF(FLD_DEF_ID, ALLOW_MULTIPLES, COLUMN_WIDTH, FLD_ORDER, FLD_TYPE, FRIENDLY_NAME, HIDDEN_FLAG, MAX_LENGTH, NAME, SECURITY_LEVEL, TEXT_AREA_FLAG, VLDTN_ERROR_MSSG_KEY, VLDTN_REGEX, FLD_ENUM_ID, FLD_GROUP_ID) VALUES (8, 0, '*', 1, 'STRING', 'Target URL', 0, 150, 'targetUrl', null, 0, null, null, null, 4);
INSERT INTO ops$publ.BLC_FLD_DEF(FLD_DEF_ID, ALLOW_MULTIPLES, COLUMN_WIDTH, FLD_ORDER, FLD_TYPE, FRIENDLY_NAME, HIDDEN_FLAG, MAX_LENGTH, NAME, SECURITY_LEVEL, TEXT_AREA_FLAG, VLDTN_ERROR_MSSG_KEY, VLDTN_REGEX, FLD_ENUM_ID, FLD_GROUP_ID) VALUES (9, 0, '*', 0, 'STRING', 'Message Text', 0, 150, 'messageText', null, 0, null, null, null, 6);
INSERT INTO ops$publ.BLC_FLD_DEF(FLD_DEF_ID, ALLOW_MULTIPLES, COLUMN_WIDTH, FLD_ORDER, FLD_TYPE, FRIENDLY_NAME, HIDDEN_FLAG, MAX_LENGTH, NAME, SECURITY_LEVEL, TEXT_AREA_FLAG, VLDTN_ERROR_MSSG_KEY, VLDTN_REGEX, FLD_ENUM_ID, FLD_GROUP_ID) VALUES (10, 0, '*', 0, 'HTML', 'HTML Content', 0, null, 'htmlContent', null, 0, null, null, null, 5);
INSERT INTO ops$publ.BLC_FLD_GROUP(FLD_GROUP_ID, INIT_COLLAPSED_FLAG, NAME) VALUES (1, 0, 'Content');
INSERT INTO ops$publ.BLC_FLD_GROUP(FLD_GROUP_ID, INIT_COLLAPSED_FLAG, NAME) VALUES (4, 0, 'Ad Fields');
INSERT INTO ops$publ.BLC_FLD_GROUP(FLD_GROUP_ID, INIT_COLLAPSED_FLAG, NAME) VALUES (5, 0, 'HTML Fields');
INSERT INTO ops$publ.BLC_FLD_GROUP(FLD_GROUP_ID, INIT_COLLAPSED_FLAG, NAME) VALUES (6, 0, 'Message Fields');
INSERT INTO ops$publ.BLC_FULFILLMENT_OPTION(FULFILLMENT_OPTION_ID, FULFILLMENT_TYPE, LONG_DESCRIPTION, NAME, TAX_CODE, TAXABLE, USE_FLAT_RATES) VALUES (1, 'PHYSICAL_SHIP', '5 - 7 Days', 'Standard', null, null, 0);
INSERT INTO ops$publ.BLC_FULFILLMENT_OPTION(FULFILLMENT_OPTION_ID, FULFILLMENT_TYPE, LONG_DESCRIPTION, NAME, TAX_CODE, TAXABLE, USE_FLAT_RATES) VALUES (2, 'PHYSICAL_SHIP', '3 - 5 Days', 'Priority', null, null, 0);
INSERT INTO ops$publ.BLC_FULFILLMENT_OPTION(FULFILLMENT_OPTION_ID, FULFILLMENT_TYPE, LONG_DESCRIPTION, NAME, TAX_CODE, TAXABLE, USE_FLAT_RATES) VALUES (3, 'PHYSICAL_SHIP', '1 - 2 Days', 'Express', null, null, 0);
INSERT INTO ops$publ.BLC_FULFILLMENT_OPTION_FIXED(PRICE, FULFILLMENT_OPTION_ID, CURRENCY_CODE) VALUES (5.00000, 1, null);
INSERT INTO ops$publ.BLC_FULFILLMENT_OPTION_FIXED(PRICE, FULFILLMENT_OPTION_ID, CURRENCY_CODE) VALUES (10.00000, 2, null);
INSERT INTO ops$publ.BLC_FULFILLMENT_OPTION_FIXED(PRICE, FULFILLMENT_OPTION_ID, CURRENCY_CODE) VALUES (20.00000, 3, null);
INSERT INTO ops$publ.BLC_ID_GENERATION(ID_TYPE, BATCH_SIZE, BATCH_START, ID_MIN, ID_MAX, VERSION) VALUES ('org.broadleafcommerce.profile.core.domain.Customer', 100, 200, null, null, 2);
INSERT INTO ops$publ.BLC_LOCALE(LOCALE_CODE, DEFAULT_FLAG, FRIENDLY_NAME, USE_IN_SEARCH_INDEX, CURRENCY_CODE) VALUES ('en', 0, 'English', null, 'USD');
INSERT INTO ops$publ.BLC_LOCALE(LOCALE_CODE, DEFAULT_FLAG, FRIENDLY_NAME, USE_IN_SEARCH_INDEX, CURRENCY_CODE) VALUES ('en_GB', 0, 'English (United Kingdom)', null, 'GBP');
INSERT INTO ops$publ.BLC_LOCALE(LOCALE_CODE, DEFAULT_FLAG, FRIENDLY_NAME, USE_IN_SEARCH_INDEX, CURRENCY_CODE) VALUES ('en_US', 1, 'English US', null, 'USD');
INSERT INTO ops$publ.BLC_LOCALE(LOCALE_CODE, DEFAULT_FLAG, FRIENDLY_NAME, USE_IN_SEARCH_INDEX, CURRENCY_CODE) VALUES ('es', 0, 'Spanish', null, 'EUR');
INSERT INTO ops$publ.BLC_LOCALE(LOCALE_CODE, DEFAULT_FLAG, FRIENDLY_NAME, USE_IN_SEARCH_INDEX, CURRENCY_CODE) VALUES ('es_ES', 0, 'Spanish (Spain)', null, 'EUR');
INSERT INTO ops$publ.BLC_LOCALE(LOCALE_CODE, DEFAULT_FLAG, FRIENDLY_NAME, USE_IN_SEARCH_INDEX, CURRENCY_CODE) VALUES ('es_MX', 0, 'Spanish (Mexico)', null, 'MXN');
INSERT INTO ops$publ.BLC_LOCALE(LOCALE_CODE, DEFAULT_FLAG, FRIENDLY_NAME, USE_IN_SEARCH_INDEX, CURRENCY_CODE) VALUES ('fr', 0, 'French', null, 'EUR');
INSERT INTO ops$publ.BLC_LOCALE(LOCALE_CODE, DEFAULT_FLAG, FRIENDLY_NAME, USE_IN_SEARCH_INDEX, CURRENCY_CODE) VALUES ('fr_FR', 0, 'French (France)', null, 'EUR');
INSERT INTO ops$publ.BLC_MEDIA(MEDIA_ID, ALT_TEXT, TAGS, TITLE, URL) VALUES (101, 'primary', null, 'Sudden Death Sauce Bottle', '/cmsstatic/img/sauces/Sudden-Death-Sauce-Bottle.jpg');
INSERT INTO ops$publ.BLC_MEDIA(MEDIA_ID, ALT_TEXT, TAGS, TITLE, URL) VALUES (102, 'alt1', null, 'Sudden Death Sauce Close-up', '/cmsstatic/img/sauces/Sudden-Death-Sauce-Close.jpg');
INSERT INTO ops$publ.BLC_MEDIA(MEDIA_ID, ALT_TEXT, TAGS, TITLE, URL) VALUES (201, 'primary', null, 'Sweet Death Sauce Bottle', '/cmsstatic/img/sauces/Sweet-Death-Sauce-Bottle.jpg');
INSERT INTO ops$publ.BLC_MEDIA(MEDIA_ID, ALT_TEXT, TAGS, TITLE, URL) VALUES (202, 'alt1', null, 'Sweet Death Sauce Close-up', '/cmsstatic/img/sauces/Sweet-Death-Sauce-Close.jpg');
INSERT INTO ops$publ.BLC_MEDIA(MEDIA_ID, ALT_TEXT, TAGS, TITLE, URL) VALUES (203, 'alt2', null, 'Sweet Death Sauce Close-up', '/cmsstatic/img/sauces/Sweet-Death-Sauce-Skull.jpg');
INSERT INTO ops$publ.BLC_MEDIA(MEDIA_ID, ALT_TEXT, TAGS, TITLE, URL) VALUES (204, 'alt3', null, 'Sweet Death Sauce Close-up', '/cmsstatic/img/sauces/Sweet-Death-Sauce-Tile.jpg');
INSERT INTO ops$publ.BLC_MEDIA(MEDIA_ID, ALT_TEXT, TAGS, TITLE, URL) VALUES (205, 'alt4', null, 'Sweet Death Sauce Close-up', '/cmsstatic/img/sauces/Sweet-Death-Sauce-Grass.jpg');
INSERT INTO ops$publ.BLC_MEDIA(MEDIA_ID, ALT_TEXT, TAGS, TITLE, URL) VALUES (206, 'alt5', null, 'Sweet Death Sauce Close-up', '/cmsstatic/img/sauces/Sweet-Death-Sauce-Logo.jpg');
INSERT INTO ops$publ.BLC_MEDIA(MEDIA_ID, ALT_TEXT, TAGS, TITLE, URL) VALUES (301, 'primary', null, 'Hoppin Hot Sauce Bottle', '/cmsstatic/img/sauces/Hoppin-Hot-Sauce-Bottle.jpg');
INSERT INTO ops$publ.BLC_MEDIA(MEDIA_ID, ALT_TEXT, TAGS, TITLE, URL) VALUES (302, 'alt1', null, 'Hoppin Hot Sauce Close-up', '/cmsstatic/img/sauces/Hoppin-Hot-Sauce-Close.jpg');
INSERT INTO ops$publ.BLC_MEDIA(MEDIA_ID, ALT_TEXT, TAGS, TITLE, URL) VALUES (401, 'primary', null, 'Day of the Dead Chipotle Hot Sauce Bottle', '/cmsstatic/img/sauces/Day-of-the-Dead-Chipotle-Hot-Sauce-Bottle.jpg');
INSERT INTO ops$publ.BLC_MEDIA(MEDIA_ID, ALT_TEXT, TAGS, TITLE, URL) VALUES (402, 'alt1', null, 'Day of the Dead Chipotle Hot Sauce Close-up', '/cmsstatic/img/sauces/Day-of-the-Dead-Chipotle-Hot-Sauce-Close.jpg');
INSERT INTO ops$publ.BLC_MEDIA(MEDIA_ID, ALT_TEXT, TAGS, TITLE, URL) VALUES (501, 'primary', null, 'Day of the Dead Habanero Hot Sauce Bottle', '/cmsstatic/img/sauces/Day-of-the-Dead-Habanero-Hot-Sauce-Bottle.jpg');
INSERT INTO ops$publ.BLC_MEDIA(MEDIA_ID, ALT_TEXT, TAGS, TITLE, URL) VALUES (502, 'alt1', null, 'Day of the Dead Habanero Hot Sauce Close-up', '/cmsstatic/img/sauces/Day-of-the-Dead-Habanero-Hot-Sauce-Close.jpg');
INSERT INTO ops$publ.BLC_MEDIA(MEDIA_ID, ALT_TEXT, TAGS, TITLE, URL) VALUES (601, 'primary', null, 'Day of the Dead Scotch Bonnet Hot Sauce Bottle', '/cmsstatic/img/sauces/Day-of-the-Dead-Scotch-Bonnet-Hot-Sauce-Bottle.jpg');
INSERT INTO ops$publ.BLC_MEDIA(MEDIA_ID, ALT_TEXT, TAGS, TITLE, URL) VALUES (602, 'alt1', null, 'Day of the Dead Scotch Bonnet Hot Sauce Close-up', '/cmsstatic/img/sauces/Day-of-the-Dead-Scotch-Bonnet-Hot-Sauce-Close.jpg');
INSERT INTO ops$publ.BLC_MEDIA(MEDIA_ID, ALT_TEXT, TAGS, TITLE, URL) VALUES (701, 'primary', null, 'Green Ghost Bottle', '/cmsstatic/img/sauces/Green-Ghost-Bottle.jpg');
INSERT INTO ops$publ.BLC_MEDIA(MEDIA_ID, ALT_TEXT, TAGS, TITLE, URL) VALUES (702, 'alt1', null, 'Green Ghost Close-up', '/cmsstatic/img/sauces/Green-Ghost-Close.jpg');
INSERT INTO ops$publ.BLC_MEDIA(MEDIA_ID, ALT_TEXT, TAGS, TITLE, URL) VALUES (801, 'primary', null, 'Blazin Saddle XXX Hot Habanero Pepper Sauce Bottle', '/cmsstatic/img/sauces/Blazin-Saddle-XXX-Hot-Habanero-Pepper-Sauce-Bottle.jpg');
INSERT INTO ops$publ.BLC_MEDIA(MEDIA_ID, ALT_TEXT, TAGS, TITLE, URL) VALUES (802, 'alt1', null, 'Blazin Saddle XXX Hot Habanero Pepper Sauce Close-up', '/cmsstatic/img/sauces/Blazin-Saddle-XXX-Hot-Habanero-Pepper-Sauce-Close.jpg');
INSERT INTO ops$publ.BLC_MEDIA(MEDIA_ID, ALT_TEXT, TAGS, TITLE, URL) VALUES (901, 'primary', null, 'Armageddon The Hot Sauce To End All Bottle', '/cmsstatic/img/sauces/Armageddon-The-Hot-Sauce-To-End-All-Bottle.jpg');
INSERT INTO ops$publ.BLC_MEDIA(MEDIA_ID, ALT_TEXT, TAGS, TITLE, URL) VALUES (902, 'alt1', null, 'Armageddon The Hot Sauce To End All Close-up', '/cmsstatic/img/sauces/Armageddon-The-Hot-Sauce-To-End-All-Close.jpg');
INSERT INTO ops$publ.BLC_MEDIA(MEDIA_ID, ALT_TEXT, TAGS, TITLE, URL) VALUES (1001, 'primary', null, 'Dr. Chilemeisters Insane Hot Sauce Bottle', '/cmsstatic/img/sauces/Dr.-Chilemeisters-Insane-Hot-Sauce-Bottle.jpg');
INSERT INTO ops$publ.BLC_MEDIA(MEDIA_ID, ALT_TEXT, TAGS, TITLE, URL) VALUES (1002, 'alt1', null, 'Dr. Chilemeisters Insane Hot Sauce Close-up', '/cmsstatic/img/sauces/Dr.-Chilemeisters-Insane-Hot-Sauce-Close.jpg');
INSERT INTO ops$publ.BLC_MEDIA(MEDIA_ID, ALT_TEXT, TAGS, TITLE, URL) VALUES (1101, 'primary', null, 'Bull Snort Cowboy Cayenne Pepper Hot Sauce Bottle', '/cmsstatic/img/sauces/Bull-Snort-Cowboy-Cayenne-Pepper-Hot-Sauce-Bottle.jpg');
INSERT INTO ops$publ.BLC_MEDIA(MEDIA_ID, ALT_TEXT, TAGS, TITLE, URL) VALUES (1102, 'alt1', null, 'Bull Snort Cowboy Cayenne Pepper Hot Sauce Close-up', '/cmsstatic/img/sauces/Bull-Snort-Cowboy-Cayenne-Pepper-Hot-Sauce-Close.jpg');
INSERT INTO ops$publ.BLC_MEDIA(MEDIA_ID, ALT_TEXT, TAGS, TITLE, URL) VALUES (1201, 'primary', null, 'Cafe Louisiane Sweet Cajun Blackening Sauce Bottle', '/cmsstatic/img/sauces/Cafe-Louisiane-Sweet-Cajun-Blackening-Sauce-Bottle.jpg');
INSERT INTO ops$publ.BLC_MEDIA(MEDIA_ID, ALT_TEXT, TAGS, TITLE, URL) VALUES (1202, 'alt1', null, 'Cafe Louisiane Sweet Cajun Blackening Sauce Close-up', '/cmsstatic/img/sauces/Cafe-Louisiane-Sweet-Cajun-Blackening-Sauce-Close.jpg');
INSERT INTO ops$publ.BLC_MEDIA(MEDIA_ID, ALT_TEXT, TAGS, TITLE, URL) VALUES (1301, 'primary', null, 'Bull Snort Smokin Toncils Hot Sauce Bottle', '/cmsstatic/img/sauces/Bull-Snort-Smokin-Toncils-Hot-Sauce-Bottle.jpg');
INSERT INTO ops$publ.BLC_MEDIA(MEDIA_ID, ALT_TEXT, TAGS, TITLE, URL) VALUES (1302, 'alt1', null, 'Bull Snort Smokin Toncils Hot Sauce Close-up', '/cmsstatic/img/sauces/Bull-Snort-Smokin-Toncils-Hot-Sauce-Close.jpg');
INSERT INTO ops$publ.BLC_MEDIA(MEDIA_ID, ALT_TEXT, TAGS, TITLE, URL) VALUES (1401, 'primary', null, 'Cool Cayenne Pepper Hot Sauce Bottle', '/cmsstatic/img/sauces/Cool-Cayenne-Pepper-Hot-Sauce-Bottle.jpg');
INSERT INTO ops$publ.BLC_MEDIA(MEDIA_ID, ALT_TEXT, TAGS, TITLE, URL) VALUES (1402, 'alt1', null, 'Cool Cayenne Pepper Hot Sauce Close-up', '/cmsstatic/img/sauces/Cool-Cayenne-Pepper-Hot-Sauce-Close.jpg');
INSERT INTO ops$publ.BLC_MEDIA(MEDIA_ID, ALT_TEXT, TAGS, TITLE, URL) VALUES (1501, 'primary', null, 'Roasted Garlic Hot Sauce Bottle', '/cmsstatic/img/sauces/Roasted-Garlic-Hot-Sauce-Bottle.jpg');
INSERT INTO ops$publ.BLC_MEDIA(MEDIA_ID, ALT_TEXT, TAGS, TITLE, URL) VALUES (1502, 'alt1', null, 'Roasted Garlic Hot Sauce Close-up', '/cmsstatic/img/sauces/Roasted-Garlic-Hot-Sauce-Close.jpg');
INSERT INTO ops$publ.BLC_MEDIA(MEDIA_ID, ALT_TEXT, TAGS, TITLE, URL) VALUES (1601, 'primary', null, 'Scotch Bonnet Hot Sauce Bottle', '/cmsstatic/img/sauces/Scotch-Bonnet-Hot-Sauce-Bottle.jpg');
INSERT INTO ops$publ.BLC_MEDIA(MEDIA_ID, ALT_TEXT, TAGS, TITLE, URL) VALUES (1602, 'alt1', null, 'Scotch Bonnet Hot Sauce Close-up', '/cmsstatic/img/sauces/Scotch-Bonnet-Hot-Sauce-Close.jpg');
INSERT INTO ops$publ.BLC_MEDIA(MEDIA_ID, ALT_TEXT, TAGS, TITLE, URL) VALUES (1701, 'primary', null, 'Insanity Sauce Bottle', '/cmsstatic/img/sauces/Insanity-Sauce-Bottle.jpg');
INSERT INTO ops$publ.BLC_MEDIA(MEDIA_ID, ALT_TEXT, TAGS, TITLE, URL) VALUES (1702, 'alt1', null, 'Insanity Sauce Close-up', '/cmsstatic/img/sauces/Insanity-Sauce-Close.jpg');
INSERT INTO ops$publ.BLC_MEDIA(MEDIA_ID, ALT_TEXT, TAGS, TITLE, URL) VALUES (1801, 'primary', null, 'Hurtin Jalepeno Hot Sauce Bottle', '/cmsstatic/img/sauces/Hurtin-Jalepeno-Hot-Sauce-Bottle.jpg');
INSERT INTO ops$publ.BLC_MEDIA(MEDIA_ID, ALT_TEXT, TAGS, TITLE, URL) VALUES (1802, 'alt1', null, 'Hurtin Jalepeno Hot Sauce Close-up', '/cmsstatic/img/sauces/Hurtin-Jalepeno-Hot-Sauce-Close.jpg');
INSERT INTO ops$publ.BLC_MEDIA(MEDIA_ID, ALT_TEXT, TAGS, TITLE, URL) VALUES (1901, 'primary', null, 'Roasted Red Pepper and Chipotle Hot Sauce Bottle', '/cmsstatic/img/sauces/Roasted-Red-Pepper-and-Chipotle-Hot-Sauce-Bottle.jpg');
INSERT INTO ops$publ.BLC_MEDIA(MEDIA_ID, ALT_TEXT, TAGS, TITLE, URL) VALUES (1902, 'alt1', null, 'Roasted Red Pepper and Chipotle Hot Sauce Close-up', '/cmsstatic/img/sauces/Roasted-Red-Pepper-and-Chipotle-Hot-Sauce-Close.jpg');
INSERT INTO ops$publ.BLC_MEDIA(MEDIA_ID, ALT_TEXT, TAGS, TITLE, URL) VALUES (10001, 'primary', 'Black', 'Hawt Like a Habanero Men''s Black', '/cmsstatic/img/merch/habanero_mens_black.jpg');
INSERT INTO ops$publ.BLC_MEDIA(MEDIA_ID, ALT_TEXT, TAGS, TITLE, URL) VALUES (10002, 'primary', 'Red', 'Hawt Like a Habanero Men''s Red', '/cmsstatic/img/merch/habanero_mens_red.jpg');
INSERT INTO ops$publ.BLC_MEDIA(MEDIA_ID, ALT_TEXT, TAGS, TITLE, URL) VALUES (10003, 'primary', 'Silver', 'Hawt Like a Habanero Men''s Silver', '/cmsstatic/img/merch/habanero_mens_silver.jpg');
INSERT INTO ops$publ.BLC_MEDIA(MEDIA_ID, ALT_TEXT, TAGS, TITLE, URL) VALUES (20001, 'primary', 'Black', 'Hawt Like a Habanero Women''s Black', '/cmsstatic/img/merch/habanero_womens_black.jpg');
INSERT INTO ops$publ.BLC_MEDIA(MEDIA_ID, ALT_TEXT, TAGS, TITLE, URL) VALUES (20002, 'primary', 'Red', 'Hawt Like a Habanero Women''s Red', '/cmsstatic/img/merch/habanero_womens_red.jpg');
INSERT INTO ops$publ.BLC_MEDIA(MEDIA_ID, ALT_TEXT, TAGS, TITLE, URL) VALUES (20003, 'primary', 'Silver', 'Hawt Like a Habanero Women''s Silver', '/cmsstatic/img/merch/habanero_womens_silver.jpg');
INSERT INTO ops$publ.BLC_MEDIA(MEDIA_ID, ALT_TEXT, TAGS, TITLE, URL) VALUES (30001, 'primary', null, 'Heat Clinic Hand-Drawn Men''s Black', '/cmsstatic/img/merch/heat_clinic_handdrawn_mens_black.jpg');
INSERT INTO ops$publ.BLC_MEDIA(MEDIA_ID, ALT_TEXT, TAGS, TITLE, URL) VALUES (30002, 'primary', null, 'Heat Clinic Hand-Drawn Men''s Red', '/cmsstatic/img/merch/heat_clinic_handdrawn_mens_red.jpg');
INSERT INTO ops$publ.BLC_MEDIA(MEDIA_ID, ALT_TEXT, TAGS, TITLE, URL) VALUES (30003, 'primary', null, 'Heat Clinic Hand-Drawn Men''s Silver', '/cmsstatic/img/merch/heat_clinic_handdrawn_mens_silver.jpg');
INSERT INTO ops$publ.BLC_MEDIA(MEDIA_ID, ALT_TEXT, TAGS, TITLE, URL) VALUES (40001, 'primary', null, 'Heat Clinic Hand-Drawn Women''s Black', '/cmsstatic/img/merch/heat_clinic_handdrawn_womens_black.jpg');
INSERT INTO ops$publ.BLC_MEDIA(MEDIA_ID, ALT_TEXT, TAGS, TITLE, URL) VALUES (40002, 'primary', null, 'Heat Clinic Hand-Drawn Women''s Red', '/cmsstatic/img/merch/heat_clinic_handdrawn_womens_red.jpg');
INSERT INTO ops$publ.BLC_MEDIA(MEDIA_ID, ALT_TEXT, TAGS, TITLE, URL) VALUES (40003, 'primary', null, 'Heat Clinic Hand-Drawn Women''s Silver', '/cmsstatic/img/merch/heat_clinic_handdrawn_womens_silver.jpg');
INSERT INTO ops$publ.BLC_MEDIA(MEDIA_ID, ALT_TEXT, TAGS, TITLE, URL) VALUES (50001, 'primary', null, 'Heat Clinic Mascot Men''s Black', '/cmsstatic/img/merch/heat_clinic_mascot_mens_black.jpg');
INSERT INTO ops$publ.BLC_MEDIA(MEDIA_ID, ALT_TEXT, TAGS, TITLE, URL) VALUES (50002, 'primary', null, 'Heat Clinic Mascot Men''s Red', '/cmsstatic/img/merch/heat_clinic_mascot_mens_red.jpg');
INSERT INTO ops$publ.BLC_MEDIA(MEDIA_ID, ALT_TEXT, TAGS, TITLE, URL) VALUES (50003, 'primary', null, 'Heat Clinic Mascot Men''s Silver', '/cmsstatic/img/merch/heat_clinic_mascot_mens_silver.jpg');
INSERT INTO ops$publ.BLC_MEDIA(MEDIA_ID, ALT_TEXT, TAGS, TITLE, URL) VALUES (60001, 'primary', null, 'Heat Clinic Mascot Women''s Black', '/cmsstatic/img/merch/heat_clinic_mascot_womens_black.jpg');
INSERT INTO ops$publ.BLC_MEDIA(MEDIA_ID, ALT_TEXT, TAGS, TITLE, URL) VALUES (60002, 'primary', null, 'Heat Clinic Mascot Women''s Red', '/cmsstatic/img/merch/heat_clinic_mascot_womens_red.jpg');
INSERT INTO ops$publ.BLC_MEDIA(MEDIA_ID, ALT_TEXT, TAGS, TITLE, URL) VALUES (60003, 'primary', null, 'Heat Clinic Mascot Women''s Silver', '/cmsstatic/img/merch/heat_clinic_mascot_womens_silver.jpg');
INSERT INTO ops$publ.BLC_OFFER(OFFER_ID, APPLIES_WHEN_RULES, APPLIES_TO_RULES, APPLY_OFFER_TO_MARKED_ITEMS, APPLY_TO_SALE_PRICE, ARCHIVED, AUTOMATICALLY_ADDED, COMBINABLE_WITH_OTHER_OFFERS, OFFER_DELIVERY_TYPE, OFFER_DESCRIPTION, OFFER_DISCOUNT_TYPE, END_DATE, MARKETING_MESSASGE, MAX_USES_PER_CUSTOMER, MAX_USES, OFFER_NAME, OFFER_ITEM_QUALIFIER_RULE, OFFER_ITEM_TARGET_RULE, OFFER_PRIORITY, QUALIFYING_ITEM_MIN_TOTAL, STACKABLE, START_DATE, TARGET_SYSTEM, TOTALITARIAN_OFFER, USE_NEW_FORMAT, OFFER_TYPE, USES, OFFER_VALUE) VALUES (1, null, null, 0, 0, null, null, 1, 'AUTOMATIC', null, 'PERCENT_OFF', TO_TIMESTAMP('2020-01-01 00:00:00.000000','YYYY-MM-DD HH24:MI:SS.FF'), null, null, 0, 'Shirts Special', null, null, 10, null, 1, CURRENT_TIMESTAMP, null, null, null, 'ORDER_ITEM', 0, 20.00000);
INSERT INTO ops$publ.BLC_OFFER_ITEM_CRITERIA(OFFER_ITEM_CRITERIA_ID, ORDER_ITEM_MATCH_RULE, QUANTITY) VALUES (1, 'MVEL.eval("toUpperCase()",discreteOrderItem.category.name)==MVEL.eval("toUpperCase()","merchandise")', 1);
INSERT INTO ops$publ.BLC_PAGE(PAGE_ID, ARCHIVED_FLAG, CREATED_BY, DATE_CREATED, DATE_UPDATED, UPDATED_BY, DELETED_FLAG, DESCRIPTION, FULL_URL, LOCKED_FLAG, OFFLINE_FLAG, ORIG_PAGE_ID, PRIORITY, ORIG_SANDBOX_ID, PAGE_TMPLT_ID, SANDBOX_ID) VALUES (1, 0, null, null, null, null, 0, 'About Us', '/about_us', null, null, null, null, null, 1, null);
INSERT INTO ops$publ.BLC_PAGE(PAGE_ID, ARCHIVED_FLAG, CREATED_BY, DATE_CREATED, DATE_UPDATED, UPDATED_BY, DELETED_FLAG, DESCRIPTION, FULL_URL, LOCKED_FLAG, OFFLINE_FLAG, ORIG_PAGE_ID, PRIORITY, ORIG_SANDBOX_ID, PAGE_TMPLT_ID, SANDBOX_ID) VALUES (2, 0, null, null, null, null, 0, 'FAQ', '/faq', null, null, null, null, null, 1, null);
INSERT INTO ops$publ.BLC_PAGE(PAGE_ID, ARCHIVED_FLAG, CREATED_BY, DATE_CREATED, DATE_UPDATED, UPDATED_BY, DELETED_FLAG, DESCRIPTION, FULL_URL, LOCKED_FLAG, OFFLINE_FLAG, ORIG_PAGE_ID, PRIORITY, ORIG_SANDBOX_ID, PAGE_TMPLT_ID, SANDBOX_ID) VALUES (3, 0, null, null, null, null, 0, 'New to Hot Sauce', '/new-to-hot-sauce', null, null, null, null, null, 1, null);
INSERT INTO ops$publ.BLC_PAGE(PAGE_ID, ARCHIVED_FLAG, CREATED_BY, DATE_CREATED, DATE_UPDATED, UPDATED_BY, DELETED_FLAG, DESCRIPTION, FULL_URL, LOCKED_FLAG, OFFLINE_FLAG, ORIG_PAGE_ID, PRIORITY, ORIG_SANDBOX_ID, PAGE_TMPLT_ID, SANDBOX_ID) VALUES (10, 0, null, null, null, null, 0, 'Prueba de Contenido', '/about_us', null, null, null, null, null, 2, null);
INSERT INTO ops$publ.BLC_PAGE(PAGE_ID, ARCHIVED_FLAG, CREATED_BY, DATE_CREATED, DATE_UPDATED, UPDATED_BY, DELETED_FLAG, DESCRIPTION, FULL_URL, LOCKED_FLAG, OFFLINE_FLAG, ORIG_PAGE_ID, PRIORITY, ORIG_SANDBOX_ID, PAGE_TMPLT_ID, SANDBOX_ID) VALUES (11, 0, null, null, null, null, 0, 'FAQ', '/faq', null, null, null, null, null, 2, null);
INSERT INTO ops$publ.BLC_PAGE(PAGE_ID, ARCHIVED_FLAG, CREATED_BY, DATE_CREATED, DATE_UPDATED, UPDATED_BY, DELETED_FLAG, DESCRIPTION, FULL_URL, LOCKED_FLAG, OFFLINE_FLAG, ORIG_PAGE_ID, PRIORITY, ORIG_SANDBOX_ID, PAGE_TMPLT_ID, SANDBOX_ID) VALUES (13, 0, null, null, null, null, 0, 'New to Hot Sauce', '/new-to-hot-sauce', null, null, null, null, null, 2, null);
INSERT INTO ops$publ.BLC_PAGE_FLD(PAGE_FLD_ID, CREATED_BY, DATE_CREATED, DATE_UPDATED, UPDATED_BY, FLD_KEY, LOB_VALUE, "VALUE", PAGE_ID) VALUES (1, null, null, null, null, 'body', null, 'test content', 1);
INSERT INTO ops$publ.BLC_PAGE_FLD(PAGE_FLD_ID, CREATED_BY, DATE_CREATED, DATE_UPDATED, UPDATED_BY, FLD_KEY, LOB_VALUE, "VALUE", PAGE_ID) VALUES (2, null, null, null, null, 'title', null, '', 1);
INSERT INTO ops$publ.BLC_PAGE_FLD(PAGE_FLD_ID, CREATED_BY, DATE_CREATED, DATE_UPDATED, UPDATED_BY, FLD_KEY, LOB_VALUE, "VALUE", PAGE_ID) VALUES (3, null, null, null, null, 'body', null, '<h2 style="text-align:center;">This is an example of a content-managed page.</h2><h4 style="text-align:center;"><a href="http://www.broadleafcommerce.com/features/content">Click Here</a> to see more about Content Management in Broadleaf.</h4>', 2);
INSERT INTO ops$publ.BLC_PAGE_FLD(PAGE_FLD_ID, CREATED_BY, DATE_CREATED, DATE_UPDATED, UPDATED_BY, FLD_KEY, LOB_VALUE, "VALUE", PAGE_ID) VALUES (4, null, null, null, null, 'body', null, '<h2 style="text-align:center;">This is an example of a content-managed page.</h2>', 3);
INSERT INTO ops$publ.BLC_PAGE_FLD(PAGE_FLD_ID, CREATED_BY, DATE_CREATED, DATE_UPDATED, UPDATED_BY, FLD_KEY, LOB_VALUE, "VALUE", PAGE_ID) VALUES (10, null, null, null, null, 'body', null, 'prueba de contenido', 10);
INSERT INTO ops$publ.BLC_PAGE_FLD(PAGE_FLD_ID, CREATED_BY, DATE_CREATED, DATE_UPDATED, UPDATED_BY, FLD_KEY, LOB_VALUE, "VALUE", PAGE_ID) VALUES (11, null, null, null, null, 'title', null, 'Espa&ntilde;ol G&eacute;nerico', 10);
INSERT INTO ops$publ.BLC_PAGE_FLD(PAGE_FLD_ID, CREATED_BY, DATE_CREATED, DATE_UPDATED, UPDATED_BY, FLD_KEY, LOB_VALUE, "VALUE", PAGE_ID) VALUES (12, null, null, null, null, 'body', null, '<h2 style="text-align:center;">Este es un ejemplo de una p&aacute;gina de contenido-manejado.</h2><h4 style="text-align:center;">Haga <a href="http://www.broadleafcommerce.com/features/content">click aqu&iacute;</a> para mas informaci&oacute;n.</h4>', 11);
INSERT INTO ops$publ.BLC_PAGE_FLD(PAGE_FLD_ID, CREATED_BY, DATE_CREATED, DATE_UPDATED, UPDATED_BY, FLD_KEY, LOB_VALUE, "VALUE", PAGE_ID) VALUES (13, null, null, null, null, 'body', null, '<h2 style="text-align:center;">Este es un ejemplo de una p&aacute;gina de contenido-manejado.</h2>', 13);
INSERT INTO ops$publ.BLC_PAGE_FLD_MAP(PAGE_ID, PAGE_FLD_ID, MAP_KEY) VALUES (1, 1, 'body');
INSERT INTO ops$publ.BLC_PAGE_FLD_MAP(PAGE_ID, PAGE_FLD_ID, MAP_KEY) VALUES (1, 2, 'title');
INSERT INTO ops$publ.BLC_PAGE_FLD_MAP(PAGE_ID, PAGE_FLD_ID, MAP_KEY) VALUES (2, 3, 'body');
INSERT INTO ops$publ.BLC_PAGE_FLD_MAP(PAGE_ID, PAGE_FLD_ID, MAP_KEY) VALUES (3, 4, 'body');
INSERT INTO ops$publ.BLC_PAGE_FLD_MAP(PAGE_ID, PAGE_FLD_ID, MAP_KEY) VALUES (10, 10, 'body');
INSERT INTO ops$publ.BLC_PAGE_FLD_MAP(PAGE_ID, PAGE_FLD_ID, MAP_KEY) VALUES (10, 11, 'title');
INSERT INTO ops$publ.BLC_PAGE_FLD_MAP(PAGE_ID, PAGE_FLD_ID, MAP_KEY) VALUES (11, 12, 'body');
INSERT INTO ops$publ.BLC_PAGE_FLD_MAP(PAGE_ID, PAGE_FLD_ID, MAP_KEY) VALUES (13, 13, 'body');
INSERT INTO ops$publ.BLC_PAGE_TMPLT(PAGE_TMPLT_ID, TMPLT_DESCR, TMPLT_NAME, TMPLT_PATH, LOCALE_CODE) VALUES (1, 'This template provides a basic layout with header and footer surrounding the content and title.', 'Basic Template', '/content/default', 'en');
INSERT INTO ops$publ.BLC_PAGE_TMPLT(PAGE_TMPLT_ID, TMPLT_DESCR, TMPLT_NAME, TMPLT_PATH, LOCALE_CODE) VALUES (2, 'This template provides a basic layout with header and footer surrounding the content and title.', 'Basic Spanish Template', '/content/default', 'es');
INSERT INTO ops$publ.BLC_PGTMPLT_FLDGRP_XREF(PAGE_TMPLT_ID, FLD_GROUP_ID, GROUP_ORDER) VALUES (1, 1, 0);
INSERT INTO ops$publ.BLC_PGTMPLT_FLDGRP_XREF(PAGE_TMPLT_ID, FLD_GROUP_ID, GROUP_ORDER) VALUES (2, 1, 0);
INSERT INTO ops$publ.BLC_PRODUCT(PRODUCT_ID, ARCHIVED, CAN_SELL_WITHOUT_OPTIONS, DISPLAY_TEMPLATE, IS_FEATURED_PRODUCT, MANUFACTURE, MODEL, TAX_CODE, URL, URL_KEY, DEFAULT_CATEGORY_ID) VALUES (1, null, null, null, 1, 'Blair''s', null, null, '/hot-sauces/sudden_death_sauce', null, 2002);
INSERT INTO ops$publ.BLC_PRODUCT(PRODUCT_ID, ARCHIVED, CAN_SELL_WITHOUT_OPTIONS, DISPLAY_TEMPLATE, IS_FEATURED_PRODUCT, MANUFACTURE, MODEL, TAX_CODE, URL, URL_KEY, DEFAULT_CATEGORY_ID) VALUES (2, null, null, null, 0, 'Blair''s', null, null, '/hot-sauces/sweet_death_sauce', null, 2002);
INSERT INTO ops$publ.BLC_PRODUCT(PRODUCT_ID, ARCHIVED, CAN_SELL_WITHOUT_OPTIONS, DISPLAY_TEMPLATE, IS_FEATURED_PRODUCT, MANUFACTURE, MODEL, TAX_CODE, URL, URL_KEY, DEFAULT_CATEGORY_ID) VALUES (3, null, null, null, 0, 'Salsa Express', null, null, '/hot-sauces/hoppin_hot_sauce', null, 2002);
INSERT INTO ops$publ.BLC_PRODUCT(PRODUCT_ID, ARCHIVED, CAN_SELL_WITHOUT_OPTIONS, DISPLAY_TEMPLATE, IS_FEATURED_PRODUCT, MANUFACTURE, MODEL, TAX_CODE, URL, URL_KEY, DEFAULT_CATEGORY_ID) VALUES (4, null, null, null, 0, 'Spice Exchange', null, null, '/hot-sauces/day_of_the_dead_chipotle_hot_sauce', null, 2002);
INSERT INTO ops$publ.BLC_PRODUCT(PRODUCT_ID, ARCHIVED, CAN_SELL_WITHOUT_OPTIONS, DISPLAY_TEMPLATE, IS_FEATURED_PRODUCT, MANUFACTURE, MODEL, TAX_CODE, URL, URL_KEY, DEFAULT_CATEGORY_ID) VALUES (5, null, null, null, 0, 'Spice Exchange', null, null, '/hot-sauces/day_of_the_dead_habanero_hot_sauce', null, 2002);
INSERT INTO ops$publ.BLC_PRODUCT(PRODUCT_ID, ARCHIVED, CAN_SELL_WITHOUT_OPTIONS, DISPLAY_TEMPLATE, IS_FEATURED_PRODUCT, MANUFACTURE, MODEL, TAX_CODE, URL, URL_KEY, DEFAULT_CATEGORY_ID) VALUES (6, null, null, null, 0, 'Spice Exchange', null, null, '/hot-sauces/day_of_the_dead_scotch_bonnet_sauce', null, 2002);
INSERT INTO ops$publ.BLC_PRODUCT(PRODUCT_ID, ARCHIVED, CAN_SELL_WITHOUT_OPTIONS, DISPLAY_TEMPLATE, IS_FEATURED_PRODUCT, MANUFACTURE, MODEL, TAX_CODE, URL, URL_KEY, DEFAULT_CATEGORY_ID) VALUES (7, null, null, null, 0, 'Garden Row', null, null, '/hot-sauces/green_ghost', null, 2002);
INSERT INTO ops$publ.BLC_PRODUCT(PRODUCT_ID, ARCHIVED, CAN_SELL_WITHOUT_OPTIONS, DISPLAY_TEMPLATE, IS_FEATURED_PRODUCT, MANUFACTURE, MODEL, TAX_CODE, URL, URL_KEY, DEFAULT_CATEGORY_ID) VALUES (8, null, null, null, 0, 'D. L. Jardine''s', null, null, '/hot-sauces/blazin_saddle_hot_habanero_pepper_sauce', null, 2002);
INSERT INTO ops$publ.BLC_PRODUCT(PRODUCT_ID, ARCHIVED, CAN_SELL_WITHOUT_OPTIONS, DISPLAY_TEMPLATE, IS_FEATURED_PRODUCT, MANUFACTURE, MODEL, TAX_CODE, URL, URL_KEY, DEFAULT_CATEGORY_ID) VALUES (9, null, null, null, 1, 'Figueroa Brothers', null, null, '/hot-sauces/armageddon_hot_sauce_to_end_all', null, 2002);
INSERT INTO ops$publ.BLC_PRODUCT(PRODUCT_ID, ARCHIVED, CAN_SELL_WITHOUT_OPTIONS, DISPLAY_TEMPLATE, IS_FEATURED_PRODUCT, MANUFACTURE, MODEL, TAX_CODE, URL, URL_KEY, DEFAULT_CATEGORY_ID) VALUES (10, null, null, null, 0, 'Figueroa Brothers', null, null, '/hot-sauces/dr_chilemeisters_insane_hot_sauce', null, 2002);
INSERT INTO ops$publ.BLC_PRODUCT(PRODUCT_ID, ARCHIVED, CAN_SELL_WITHOUT_OPTIONS, DISPLAY_TEMPLATE, IS_FEATURED_PRODUCT, MANUFACTURE, MODEL, TAX_CODE, URL, URL_KEY, DEFAULT_CATEGORY_ID) VALUES (11, null, null, null, 0, 'Brazos Legends', null, null, '/hot-sauces/bull_snort_cowboy_cayenne_pepper_hot_sauce', null, 2002);
INSERT INTO ops$publ.BLC_PRODUCT(PRODUCT_ID, ARCHIVED, CAN_SELL_WITHOUT_OPTIONS, DISPLAY_TEMPLATE, IS_FEATURED_PRODUCT, MANUFACTURE, MODEL, TAX_CODE, URL, URL_KEY, DEFAULT_CATEGORY_ID) VALUES (12, null, null, null, 0, 'Garden Row', null, null, '/hot-sauces/cafe_louisiane_sweet_cajun_blackening_sauce', null, 2002);
INSERT INTO ops$publ.BLC_PRODUCT(PRODUCT_ID, ARCHIVED, CAN_SELL_WITHOUT_OPTIONS, DISPLAY_TEMPLATE, IS_FEATURED_PRODUCT, MANUFACTURE, MODEL, TAX_CODE, URL, URL_KEY, DEFAULT_CATEGORY_ID) VALUES (13, null, null, null, 1, 'Brazos Legends', null, null, '/hot-sauces/bull_snort_smokin_toncils_hot_sauce', null, 2002);
INSERT INTO ops$publ.BLC_PRODUCT(PRODUCT_ID, ARCHIVED, CAN_SELL_WITHOUT_OPTIONS, DISPLAY_TEMPLATE, IS_FEATURED_PRODUCT, MANUFACTURE, MODEL, TAX_CODE, URL, URL_KEY, DEFAULT_CATEGORY_ID) VALUES (14, null, null, null, 0, 'Dave''s Gourmet', null, null, '/hot-sauces/cool_cayenne_pepper_hot_sauce', null, 2002);
INSERT INTO ops$publ.BLC_PRODUCT(PRODUCT_ID, ARCHIVED, CAN_SELL_WITHOUT_OPTIONS, DISPLAY_TEMPLATE, IS_FEATURED_PRODUCT, MANUFACTURE, MODEL, TAX_CODE, URL, URL_KEY, DEFAULT_CATEGORY_ID) VALUES (15, null, null, null, 0, 'Dave''s Gourmet', null, null, '/hot-sauces/roasted_garlic_hot_sauce', null, 2002);
INSERT INTO ops$publ.BLC_PRODUCT(PRODUCT_ID, ARCHIVED, CAN_SELL_WITHOUT_OPTIONS, DISPLAY_TEMPLATE, IS_FEATURED_PRODUCT, MANUFACTURE, MODEL, TAX_CODE, URL, URL_KEY, DEFAULT_CATEGORY_ID) VALUES (16, null, null, null, 0, 'Dave''s Gourmet', null, null, '/hot-sauces/scotch_bonnet_hot_sauce', null, 2002);
INSERT INTO ops$publ.BLC_PRODUCT(PRODUCT_ID, ARCHIVED, CAN_SELL_WITHOUT_OPTIONS, DISPLAY_TEMPLATE, IS_FEATURED_PRODUCT, MANUFACTURE, MODEL, TAX_CODE, URL, URL_KEY, DEFAULT_CATEGORY_ID) VALUES (17, null, null, null, 0, 'Dave''s Gourmet', null, null, '/hot-sauces/insanity_sauce', null, 2002);
INSERT INTO ops$publ.BLC_PRODUCT(PRODUCT_ID, ARCHIVED, CAN_SELL_WITHOUT_OPTIONS, DISPLAY_TEMPLATE, IS_FEATURED_PRODUCT, MANUFACTURE, MODEL, TAX_CODE, URL, URL_KEY, DEFAULT_CATEGORY_ID) VALUES (18, null, null, null, 0, 'Dave''s Gourmet', null, null, '/hot-sauces/hurtin_jalepeno_hot_sauce', null, 2002);
INSERT INTO ops$publ.BLC_PRODUCT(PRODUCT_ID, ARCHIVED, CAN_SELL_WITHOUT_OPTIONS, DISPLAY_TEMPLATE, IS_FEATURED_PRODUCT, MANUFACTURE, MODEL, TAX_CODE, URL, URL_KEY, DEFAULT_CATEGORY_ID) VALUES (19, null, null, null, 0, 'Dave''s Gourmet', null, null, '/hot-sauces/roasted_red_pepper_chipotle_hot_sauce', null, 2002);
INSERT INTO ops$publ.BLC_PRODUCT(PRODUCT_ID, ARCHIVED, CAN_SELL_WITHOUT_OPTIONS, DISPLAY_TEMPLATE, IS_FEATURED_PRODUCT, MANUFACTURE, MODEL, TAX_CODE, URL, URL_KEY, DEFAULT_CATEGORY_ID) VALUES (100, null, null, null, 0, 'The Heat Clinic', null, null, '/merchandise/hawt_like_a_habanero_mens', null, 2003);
INSERT INTO ops$publ.BLC_PRODUCT(PRODUCT_ID, ARCHIVED, CAN_SELL_WITHOUT_OPTIONS, DISPLAY_TEMPLATE, IS_FEATURED_PRODUCT, MANUFACTURE, MODEL, TAX_CODE, URL, URL_KEY, DEFAULT_CATEGORY_ID) VALUES (200, null, null, null, 0, 'The Heat Clinic', null, null, '/merchandise/hawt_like_a_habanero_womens', null, 2003);
INSERT INTO ops$publ.BLC_PRODUCT(PRODUCT_ID, ARCHIVED, CAN_SELL_WITHOUT_OPTIONS, DISPLAY_TEMPLATE, IS_FEATURED_PRODUCT, MANUFACTURE, MODEL, TAX_CODE, URL, URL_KEY, DEFAULT_CATEGORY_ID) VALUES (300, null, null, null, 0, 'The Heat Clinic', null, null, '/merchandise/heat_clinic_hand-drawn_mens', null, 2003);
INSERT INTO ops$publ.BLC_PRODUCT(PRODUCT_ID, ARCHIVED, CAN_SELL_WITHOUT_OPTIONS, DISPLAY_TEMPLATE, IS_FEATURED_PRODUCT, MANUFACTURE, MODEL, TAX_CODE, URL, URL_KEY, DEFAULT_CATEGORY_ID) VALUES (400, null, null, null, 0, 'The Heat Clinic', null, null, '/merchandise/heat_clinic_hand-drawn_womens', null, 2003);
INSERT INTO ops$publ.BLC_PRODUCT(PRODUCT_ID, ARCHIVED, CAN_SELL_WITHOUT_OPTIONS, DISPLAY_TEMPLATE, IS_FEATURED_PRODUCT, MANUFACTURE, MODEL, TAX_CODE, URL, URL_KEY, DEFAULT_CATEGORY_ID) VALUES (500, null, null, null, 0, 'The Heat Clinic', null, null, '/merchandise/heat_clinic_mascot_mens', null, 2003);
INSERT INTO ops$publ.BLC_PRODUCT(PRODUCT_ID, ARCHIVED, CAN_SELL_WITHOUT_OPTIONS, DISPLAY_TEMPLATE, IS_FEATURED_PRODUCT, MANUFACTURE, MODEL, TAX_CODE, URL, URL_KEY, DEFAULT_CATEGORY_ID) VALUES (600, null, null, null, 0, 'The Heat Clinic', null, null, '/merchandise/heat_clinic_mascot_womens', null, 2003);
INSERT INTO ops$publ.BLC_PRODUCT(PRODUCT_ID, ARCHIVED, CAN_SELL_WITHOUT_OPTIONS, DISPLAY_TEMPLATE, IS_FEATURED_PRODUCT, MANUFACTURE, MODEL, TAX_CODE, URL, URL_KEY, DEFAULT_CATEGORY_ID) VALUES (992, 'N', 0, null, 0, null, null, null, '/bundle1', null, null);
INSERT INTO ops$publ.BLC_PRODUCT(PRODUCT_ID, ARCHIVED, CAN_SELL_WITHOUT_OPTIONS, DISPLAY_TEMPLATE, IS_FEATURED_PRODUCT, MANUFACTURE, MODEL, TAX_CODE, URL, URL_KEY, DEFAULT_CATEGORY_ID) VALUES (993, 'N', 0, null, 0, null, null, null, '/bundle2', null, null);
INSERT INTO ops$publ.BLC_PRODUCT_ATTRIBUTE(PRODUCT_ATTRIBUTE_ID, NAME, SEARCHABLE, "VALUE", PRODUCT_ID) VALUES (1, 'heatRange', null, '4', 1);
INSERT INTO ops$publ.BLC_PRODUCT_ATTRIBUTE(PRODUCT_ATTRIBUTE_ID, NAME, SEARCHABLE, "VALUE", PRODUCT_ID) VALUES (2, 'heatRange', null, '1', 2);
INSERT INTO ops$publ.BLC_PRODUCT_ATTRIBUTE(PRODUCT_ATTRIBUTE_ID, NAME, SEARCHABLE, "VALUE", PRODUCT_ID) VALUES (3, 'heatRange', null, '2', 3);
INSERT INTO ops$publ.BLC_PRODUCT_ATTRIBUTE(PRODUCT_ATTRIBUTE_ID, NAME, SEARCHABLE, "VALUE", PRODUCT_ID) VALUES (4, 'heatRange', null, '2', 4);
INSERT INTO ops$publ.BLC_PRODUCT_ATTRIBUTE(PRODUCT_ATTRIBUTE_ID, NAME, SEARCHABLE, "VALUE", PRODUCT_ID) VALUES (5, 'heatRange', null, '4', 5);
INSERT INTO ops$publ.BLC_PRODUCT_ATTRIBUTE(PRODUCT_ATTRIBUTE_ID, NAME, SEARCHABLE, "VALUE", PRODUCT_ID) VALUES (6, 'heatRange', null, '4', 6);
INSERT INTO ops$publ.BLC_PRODUCT_ATTRIBUTE(PRODUCT_ATTRIBUTE_ID, NAME, SEARCHABLE, "VALUE", PRODUCT_ID) VALUES (7, 'heatRange', null, '3', 7);
INSERT INTO ops$publ.BLC_PRODUCT_ATTRIBUTE(PRODUCT_ATTRIBUTE_ID, NAME, SEARCHABLE, "VALUE", PRODUCT_ID) VALUES (8, 'heatRange', null, '4', 8);
INSERT INTO ops$publ.BLC_PRODUCT_ATTRIBUTE(PRODUCT_ATTRIBUTE_ID, NAME, SEARCHABLE, "VALUE", PRODUCT_ID) VALUES (9, 'heatRange', null, '5', 9);
INSERT INTO ops$publ.BLC_PRODUCT_ATTRIBUTE(PRODUCT_ATTRIBUTE_ID, NAME, SEARCHABLE, "VALUE", PRODUCT_ID) VALUES (10, 'heatRange', null, '5', 10);
INSERT INTO ops$publ.BLC_PRODUCT_ATTRIBUTE(PRODUCT_ATTRIBUTE_ID, NAME, SEARCHABLE, "VALUE", PRODUCT_ID) VALUES (11, 'heatRange', null, '2', 11);
INSERT INTO ops$publ.BLC_PRODUCT_ATTRIBUTE(PRODUCT_ATTRIBUTE_ID, NAME, SEARCHABLE, "VALUE", PRODUCT_ID) VALUES (12, 'heatRange', null, '1', 12);
INSERT INTO ops$publ.BLC_PRODUCT_ATTRIBUTE(PRODUCT_ATTRIBUTE_ID, NAME, SEARCHABLE, "VALUE", PRODUCT_ID) VALUES (13, 'heatRange', null, '2', 13);
INSERT INTO ops$publ.BLC_PRODUCT_ATTRIBUTE(PRODUCT_ATTRIBUTE_ID, NAME, SEARCHABLE, "VALUE", PRODUCT_ID) VALUES (14, 'heatRange', null, '2', 14);
INSERT INTO ops$publ.BLC_PRODUCT_ATTRIBUTE(PRODUCT_ATTRIBUTE_ID, NAME, SEARCHABLE, "VALUE", PRODUCT_ID) VALUES (15, 'heatRange', null, '1', 15);
INSERT INTO ops$publ.BLC_PRODUCT_ATTRIBUTE(PRODUCT_ATTRIBUTE_ID, NAME, SEARCHABLE, "VALUE", PRODUCT_ID) VALUES (16, 'heatRange', null, '3', 16);
INSERT INTO ops$publ.BLC_PRODUCT_ATTRIBUTE(PRODUCT_ATTRIBUTE_ID, NAME, SEARCHABLE, "VALUE", PRODUCT_ID) VALUES (17, 'heatRange', null, '5', 17);
INSERT INTO ops$publ.BLC_PRODUCT_ATTRIBUTE(PRODUCT_ATTRIBUTE_ID, NAME, SEARCHABLE, "VALUE", PRODUCT_ID) VALUES (18, 'heatRange', null, '3', 18);
INSERT INTO ops$publ.BLC_PRODUCT_ATTRIBUTE(PRODUCT_ATTRIBUTE_ID, NAME, SEARCHABLE, "VALUE", PRODUCT_ID) VALUES (19, 'heatRange', null, '1', 19);
INSERT INTO ops$publ.BLC_PRODUCT_BUNDLE(AUTO_BUNDLE, BUNDLE_PROMOTABLE, ITEMS_PROMOTABLE, PRICING_MODEL, BUNDLE_PRIORITY, PRODUCT_ID) VALUES (0, 0, 0, 'ITEM_SUM', 99, 992);
INSERT INTO ops$publ.BLC_PRODUCT_BUNDLE(AUTO_BUNDLE, BUNDLE_PROMOTABLE, ITEMS_PROMOTABLE, PRICING_MODEL, BUNDLE_PRIORITY, PRODUCT_ID) VALUES (0, 0, 0, 'BUNDLE', 99, 993);
INSERT INTO ops$publ.BLC_PRODUCT_FEATURED(FEATURED_PRODUCT_ID, PROMOTION_MESSAGE, SEQUENCE, CATEGORY_ID, PRODUCT_ID) VALUES (1, null, 1, 1, 18);
INSERT INTO ops$publ.BLC_PRODUCT_FEATURED(FEATURED_PRODUCT_ID, PROMOTION_MESSAGE, SEQUENCE, CATEGORY_ID, PRODUCT_ID) VALUES (2, null, 2, 1, 15);
INSERT INTO ops$publ.BLC_PRODUCT_FEATURED(FEATURED_PRODUCT_ID, PROMOTION_MESSAGE, SEQUENCE, CATEGORY_ID, PRODUCT_ID) VALUES (3, null, 3, 1, 200);
INSERT INTO ops$publ.BLC_PRODUCT_FEATURED(FEATURED_PRODUCT_ID, PROMOTION_MESSAGE, SEQUENCE, CATEGORY_ID, PRODUCT_ID) VALUES (4, null, 4, 1, 100);
INSERT INTO ops$publ.BLC_PRODUCT_FEATURED(FEATURED_PRODUCT_ID, PROMOTION_MESSAGE, SEQUENCE, CATEGORY_ID, PRODUCT_ID) VALUES (5, null, 1, 2003, 4);
INSERT INTO ops$publ.BLC_PRODUCT_FEATURED(FEATURED_PRODUCT_ID, PROMOTION_MESSAGE, SEQUENCE, CATEGORY_ID, PRODUCT_ID) VALUES (8, null, 4, 2002, 500);
INSERT INTO ops$publ.BLC_PRODUCT_FEATURED(FEATURED_PRODUCT_ID, PROMOTION_MESSAGE, SEQUENCE, CATEGORY_ID, PRODUCT_ID) VALUES (9, null, 4, 2002, 200);
INSERT INTO ops$publ.BLC_PRODUCT_FEATURED(FEATURED_PRODUCT_ID, PROMOTION_MESSAGE, SEQUENCE, CATEGORY_ID, PRODUCT_ID) VALUES (10, null, 4, 2002, 300);
INSERT INTO ops$publ.BLC_PRODUCT_OPTION(PRODUCT_OPTION_ID, ATTRIBUTE_NAME, DISPLAY_ORDER, ERROR_CODE, ERROR_MESSAGE, LABEL, VALIDATION_TYPE, REQUIRED, OPTION_TYPE, USE_IN_SKU_GENERATION, VALIDATION_STRING) VALUES (1, 'COLOR', null, null, null, 'Shirt Color', null, 1, 'COLOR', null, null);
INSERT INTO ops$publ.BLC_PRODUCT_OPTION(PRODUCT_OPTION_ID, ATTRIBUTE_NAME, DISPLAY_ORDER, ERROR_CODE, ERROR_MESSAGE, LABEL, VALIDATION_TYPE, REQUIRED, OPTION_TYPE, USE_IN_SKU_GENERATION, VALIDATION_STRING) VALUES (2, 'SIZE', null, null, null, 'Shirt Size', null, 1, 'SIZE', null, null);
INSERT INTO ops$publ.BLC_PRODUCT_OPTION(PRODUCT_OPTION_ID, ATTRIBUTE_NAME, DISPLAY_ORDER, ERROR_CODE, ERROR_MESSAGE, LABEL, VALIDATION_TYPE, REQUIRED, OPTION_TYPE, USE_IN_SKU_GENERATION, VALIDATION_STRING) VALUES (3, 'NAME', null, 'INVALID_NAME', 'Name must be less than 30 characters, with only letters and spaces', 'Personalized Name', 'REGEX', 0, 'TEXT', 0, '[a-zA-Z ]{3,30}');
INSERT INTO ops$publ.BLC_PRODUCT_OPTION_VALUE(PRODUCT_OPTION_VALUE_ID, ATTRIBUTE_VALUE, DISPLAY_ORDER, PRICE_ADJUSTMENT, PRODUCT_OPTION_ID) VALUES (1, 'Black', 1, null, 1);
INSERT INTO ops$publ.BLC_PRODUCT_OPTION_VALUE(PRODUCT_OPTION_VALUE_ID, ATTRIBUTE_VALUE, DISPLAY_ORDER, PRICE_ADJUSTMENT, PRODUCT_OPTION_ID) VALUES (2, 'Red', 2, null, 1);
INSERT INTO ops$publ.BLC_PRODUCT_OPTION_VALUE(PRODUCT_OPTION_VALUE_ID, ATTRIBUTE_VALUE, DISPLAY_ORDER, PRICE_ADJUSTMENT, PRODUCT_OPTION_ID) VALUES (3, 'Silver', 3, null, 1);
INSERT INTO ops$publ.BLC_PRODUCT_OPTION_VALUE(PRODUCT_OPTION_VALUE_ID, ATTRIBUTE_VALUE, DISPLAY_ORDER, PRICE_ADJUSTMENT, PRODUCT_OPTION_ID) VALUES (11, 'S', 1, null, 2);
INSERT INTO ops$publ.BLC_PRODUCT_OPTION_VALUE(PRODUCT_OPTION_VALUE_ID, ATTRIBUTE_VALUE, DISPLAY_ORDER, PRICE_ADJUSTMENT, PRODUCT_OPTION_ID) VALUES (12, 'M', 2, null, 2);
INSERT INTO ops$publ.BLC_PRODUCT_OPTION_VALUE(PRODUCT_OPTION_VALUE_ID, ATTRIBUTE_VALUE, DISPLAY_ORDER, PRICE_ADJUSTMENT, PRODUCT_OPTION_ID) VALUES (13, 'L', 3, null, 2);
INSERT INTO ops$publ.BLC_PRODUCT_OPTION_VALUE(PRODUCT_OPTION_VALUE_ID, ATTRIBUTE_VALUE, DISPLAY_ORDER, PRICE_ADJUSTMENT, PRODUCT_OPTION_ID) VALUES (14, 'XL', 4, null, 2);
INSERT INTO ops$publ.BLC_PRODUCT_OPTION_XREF(PRODUCT_OPTION_ID, PRODUCT_ID) VALUES (1, 100);
INSERT INTO ops$publ.BLC_PRODUCT_OPTION_XREF(PRODUCT_OPTION_ID, PRODUCT_ID) VALUES (1, 200);
INSERT INTO ops$publ.BLC_PRODUCT_OPTION_XREF(PRODUCT_OPTION_ID, PRODUCT_ID) VALUES (1, 300);
INSERT INTO ops$publ.BLC_PRODUCT_OPTION_XREF(PRODUCT_OPTION_ID, PRODUCT_ID) VALUES (1, 400);
INSERT INTO ops$publ.BLC_PRODUCT_OPTION_XREF(PRODUCT_OPTION_ID, PRODUCT_ID) VALUES (1, 500);
INSERT INTO ops$publ.BLC_PRODUCT_OPTION_XREF(PRODUCT_OPTION_ID, PRODUCT_ID) VALUES (1, 600);
INSERT INTO ops$publ.BLC_PRODUCT_OPTION_XREF(PRODUCT_OPTION_ID, PRODUCT_ID) VALUES (2, 100);
INSERT INTO ops$publ.BLC_PRODUCT_OPTION_XREF(PRODUCT_OPTION_ID, PRODUCT_ID) VALUES (2, 200);
INSERT INTO ops$publ.BLC_PRODUCT_OPTION_XREF(PRODUCT_OPTION_ID, PRODUCT_ID) VALUES (2, 300);
INSERT INTO ops$publ.BLC_PRODUCT_OPTION_XREF(PRODUCT_OPTION_ID, PRODUCT_ID) VALUES (2, 400);
INSERT INTO ops$publ.BLC_PRODUCT_OPTION_XREF(PRODUCT_OPTION_ID, PRODUCT_ID) VALUES (2, 500);
INSERT INTO ops$publ.BLC_PRODUCT_OPTION_XREF(PRODUCT_OPTION_ID, PRODUCT_ID) VALUES (2, 600);
INSERT INTO ops$publ.BLC_PRODUCT_OPTION_XREF(PRODUCT_OPTION_ID, PRODUCT_ID) VALUES (3, 100);
INSERT INTO ops$publ.BLC_PRODUCT_SKU_XREF(PRODUCT_ID, SKU_ID) VALUES (100, 111);
INSERT INTO ops$publ.BLC_PRODUCT_SKU_XREF(PRODUCT_ID, SKU_ID) VALUES (100, 112);
INSERT INTO ops$publ.BLC_PRODUCT_SKU_XREF(PRODUCT_ID, SKU_ID) VALUES (100, 113);
INSERT INTO ops$publ.BLC_PRODUCT_SKU_XREF(PRODUCT_ID, SKU_ID) VALUES (100, 114);
INSERT INTO ops$publ.BLC_PRODUCT_SKU_XREF(PRODUCT_ID, SKU_ID) VALUES (100, 121);
INSERT INTO ops$publ.BLC_PRODUCT_SKU_XREF(PRODUCT_ID, SKU_ID) VALUES (100, 122);
INSERT INTO ops$publ.BLC_PRODUCT_SKU_XREF(PRODUCT_ID, SKU_ID) VALUES (100, 123);
INSERT INTO ops$publ.BLC_PRODUCT_SKU_XREF(PRODUCT_ID, SKU_ID) VALUES (100, 124);
INSERT INTO ops$publ.BLC_PRODUCT_SKU_XREF(PRODUCT_ID, SKU_ID) VALUES (100, 131);
INSERT INTO ops$publ.BLC_PRODUCT_SKU_XREF(PRODUCT_ID, SKU_ID) VALUES (100, 132);
INSERT INTO ops$publ.BLC_PRODUCT_SKU_XREF(PRODUCT_ID, SKU_ID) VALUES (100, 133);
INSERT INTO ops$publ.BLC_PRODUCT_SKU_XREF(PRODUCT_ID, SKU_ID) VALUES (100, 134);
INSERT INTO ops$publ.BLC_PRODUCT_SKU_XREF(PRODUCT_ID, SKU_ID) VALUES (200, 211);
INSERT INTO ops$publ.BLC_PRODUCT_SKU_XREF(PRODUCT_ID, SKU_ID) VALUES (200, 212);
INSERT INTO ops$publ.BLC_PRODUCT_SKU_XREF(PRODUCT_ID, SKU_ID) VALUES (200, 213);
INSERT INTO ops$publ.BLC_PRODUCT_SKU_XREF(PRODUCT_ID, SKU_ID) VALUES (200, 214);
INSERT INTO ops$publ.BLC_PRODUCT_SKU_XREF(PRODUCT_ID, SKU_ID) VALUES (200, 221);
INSERT INTO ops$publ.BLC_PRODUCT_SKU_XREF(PRODUCT_ID, SKU_ID) VALUES (200, 222);
INSERT INTO ops$publ.BLC_PRODUCT_SKU_XREF(PRODUCT_ID, SKU_ID) VALUES (200, 223);
INSERT INTO ops$publ.BLC_PRODUCT_SKU_XREF(PRODUCT_ID, SKU_ID) VALUES (200, 224);
INSERT INTO ops$publ.BLC_PRODUCT_SKU_XREF(PRODUCT_ID, SKU_ID) VALUES (200, 231);
INSERT INTO ops$publ.BLC_PRODUCT_SKU_XREF(PRODUCT_ID, SKU_ID) VALUES (200, 232);
INSERT INTO ops$publ.BLC_PRODUCT_SKU_XREF(PRODUCT_ID, SKU_ID) VALUES (200, 233);
INSERT INTO ops$publ.BLC_PRODUCT_SKU_XREF(PRODUCT_ID, SKU_ID) VALUES (200, 234);
INSERT INTO ops$publ.BLC_PRODUCT_SKU_XREF(PRODUCT_ID, SKU_ID) VALUES (300, 311);
INSERT INTO ops$publ.BLC_PRODUCT_SKU_XREF(PRODUCT_ID, SKU_ID) VALUES (300, 312);
INSERT INTO ops$publ.BLC_PRODUCT_SKU_XREF(PRODUCT_ID, SKU_ID) VALUES (300, 313);
INSERT INTO ops$publ.BLC_PRODUCT_SKU_XREF(PRODUCT_ID, SKU_ID) VALUES (300, 314);
INSERT INTO ops$publ.BLC_PRODUCT_SKU_XREF(PRODUCT_ID, SKU_ID) VALUES (300, 321);
INSERT INTO ops$publ.BLC_PRODUCT_SKU_XREF(PRODUCT_ID, SKU_ID) VALUES (300, 322);
INSERT INTO ops$publ.BLC_PRODUCT_SKU_XREF(PRODUCT_ID, SKU_ID) VALUES (300, 323);
INSERT INTO ops$publ.BLC_PRODUCT_SKU_XREF(PRODUCT_ID, SKU_ID) VALUES (300, 324);
INSERT INTO ops$publ.BLC_PRODUCT_SKU_XREF(PRODUCT_ID, SKU_ID) VALUES (300, 331);
INSERT INTO ops$publ.BLC_PRODUCT_SKU_XREF(PRODUCT_ID, SKU_ID) VALUES (300, 332);
INSERT INTO ops$publ.BLC_PRODUCT_SKU_XREF(PRODUCT_ID, SKU_ID) VALUES (300, 333);
INSERT INTO ops$publ.BLC_PRODUCT_SKU_XREF(PRODUCT_ID, SKU_ID) VALUES (300, 334);
INSERT INTO ops$publ.BLC_PRODUCT_SKU_XREF(PRODUCT_ID, SKU_ID) VALUES (400, 411);
INSERT INTO ops$publ.BLC_PRODUCT_SKU_XREF(PRODUCT_ID, SKU_ID) VALUES (400, 412);
INSERT INTO ops$publ.BLC_PRODUCT_SKU_XREF(PRODUCT_ID, SKU_ID) VALUES (400, 413);
INSERT INTO ops$publ.BLC_PRODUCT_SKU_XREF(PRODUCT_ID, SKU_ID) VALUES (400, 414);
INSERT INTO ops$publ.BLC_PRODUCT_SKU_XREF(PRODUCT_ID, SKU_ID) VALUES (400, 421);
INSERT INTO ops$publ.BLC_PRODUCT_SKU_XREF(PRODUCT_ID, SKU_ID) VALUES (400, 422);
INSERT INTO ops$publ.BLC_PRODUCT_SKU_XREF(PRODUCT_ID, SKU_ID) VALUES (400, 423);
INSERT INTO ops$publ.BLC_PRODUCT_SKU_XREF(PRODUCT_ID, SKU_ID) VALUES (400, 424);
INSERT INTO ops$publ.BLC_PRODUCT_SKU_XREF(PRODUCT_ID, SKU_ID) VALUES (400, 431);
INSERT INTO ops$publ.BLC_PRODUCT_SKU_XREF(PRODUCT_ID, SKU_ID) VALUES (400, 432);
INSERT INTO ops$publ.BLC_PRODUCT_SKU_XREF(PRODUCT_ID, SKU_ID) VALUES (400, 433);
INSERT INTO ops$publ.BLC_PRODUCT_SKU_XREF(PRODUCT_ID, SKU_ID) VALUES (400, 434);
INSERT INTO ops$publ.BLC_PRODUCT_SKU_XREF(PRODUCT_ID, SKU_ID) VALUES (500, 511);
INSERT INTO ops$publ.BLC_PRODUCT_SKU_XREF(PRODUCT_ID, SKU_ID) VALUES (500, 512);
INSERT INTO ops$publ.BLC_PRODUCT_SKU_XREF(PRODUCT_ID, SKU_ID) VALUES (500, 513);
INSERT INTO ops$publ.BLC_PRODUCT_SKU_XREF(PRODUCT_ID, SKU_ID) VALUES (500, 514);
INSERT INTO ops$publ.BLC_PRODUCT_SKU_XREF(PRODUCT_ID, SKU_ID) VALUES (500, 521);
INSERT INTO ops$publ.BLC_PRODUCT_SKU_XREF(PRODUCT_ID, SKU_ID) VALUES (500, 522);
INSERT INTO ops$publ.BLC_PRODUCT_SKU_XREF(PRODUCT_ID, SKU_ID) VALUES (500, 523);
INSERT INTO ops$publ.BLC_PRODUCT_SKU_XREF(PRODUCT_ID, SKU_ID) VALUES (500, 524);
INSERT INTO ops$publ.BLC_PRODUCT_SKU_XREF(PRODUCT_ID, SKU_ID) VALUES (500, 531);
INSERT INTO ops$publ.BLC_PRODUCT_SKU_XREF(PRODUCT_ID, SKU_ID) VALUES (500, 532);
INSERT INTO ops$publ.BLC_PRODUCT_SKU_XREF(PRODUCT_ID, SKU_ID) VALUES (500, 533);
INSERT INTO ops$publ.BLC_PRODUCT_SKU_XREF(PRODUCT_ID, SKU_ID) VALUES (500, 534);
INSERT INTO ops$publ.BLC_PRODUCT_SKU_XREF(PRODUCT_ID, SKU_ID) VALUES (600, 611);
INSERT INTO ops$publ.BLC_PRODUCT_SKU_XREF(PRODUCT_ID, SKU_ID) VALUES (600, 612);
INSERT INTO ops$publ.BLC_PRODUCT_SKU_XREF(PRODUCT_ID, SKU_ID) VALUES (600, 613);
INSERT INTO ops$publ.BLC_PRODUCT_SKU_XREF(PRODUCT_ID, SKU_ID) VALUES (600, 614);
INSERT INTO ops$publ.BLC_PRODUCT_SKU_XREF(PRODUCT_ID, SKU_ID) VALUES (600, 621);
INSERT INTO ops$publ.BLC_PRODUCT_SKU_XREF(PRODUCT_ID, SKU_ID) VALUES (600, 622);
INSERT INTO ops$publ.BLC_PRODUCT_SKU_XREF(PRODUCT_ID, SKU_ID) VALUES (600, 623);
INSERT INTO ops$publ.BLC_PRODUCT_SKU_XREF(PRODUCT_ID, SKU_ID) VALUES (600, 624);
INSERT INTO ops$publ.BLC_PRODUCT_SKU_XREF(PRODUCT_ID, SKU_ID) VALUES (600, 631);
INSERT INTO ops$publ.BLC_PRODUCT_SKU_XREF(PRODUCT_ID, SKU_ID) VALUES (600, 632);
INSERT INTO ops$publ.BLC_PRODUCT_SKU_XREF(PRODUCT_ID, SKU_ID) VALUES (600, 633);
INSERT INTO ops$publ.BLC_PRODUCT_SKU_XREF(PRODUCT_ID, SKU_ID) VALUES (600, 634);
INSERT INTO ops$publ.BLC_ROLE(ROLE_ID, ROLE_NAME) VALUES (1, 'ROLE_USER');
INSERT INTO ops$publ.BLC_SC(SC_ID, ARCHIVED_FLAG, CREATED_BY, DATE_CREATED, DATE_UPDATED, UPDATED_BY, CONTENT_NAME, DELETED_FLAG, LOCKED_FLAG, OFFLINE_FLAG, ORIG_ITEM_ID, PRIORITY, LOCALE_CODE, ORIG_SANDBOX_ID, SANDBOX_ID, SC_TYPE_ID) VALUES (100, 0, 1, CURRENT_TIMESTAMP, CURRENT_TIMESTAMP, 1, 'Buy One Get One - Twice the Burn', 0, null, 0, null, 5, 'en', null, null, 1);
INSERT INTO ops$publ.BLC_SC(SC_ID, ARCHIVED_FLAG, CREATED_BY, DATE_CREATED, DATE_UPDATED, UPDATED_BY, CONTENT_NAME, DELETED_FLAG, LOCKED_FLAG, OFFLINE_FLAG, ORIG_ITEM_ID, PRIORITY, LOCALE_CODE, ORIG_SANDBOX_ID, SANDBOX_ID, SC_TYPE_ID) VALUES (101, 0, 1, CURRENT_TIMESTAMP, CURRENT_TIMESTAMP, 1, 'Shirt Special - 20% off all shirts', 0, null, 0, null, 1, 'en', null, null, 1);
INSERT INTO ops$publ.BLC_SC(SC_ID, ARCHIVED_FLAG, CREATED_BY, DATE_CREATED, DATE_UPDATED, UPDATED_BY, CONTENT_NAME, DELETED_FLAG, LOCKED_FLAG, OFFLINE_FLAG, ORIG_ITEM_ID, PRIORITY, LOCALE_CODE, ORIG_SANDBOX_ID, SANDBOX_ID, SC_TYPE_ID) VALUES (102, 0, 1, CURRENT_TIMESTAMP, CURRENT_TIMESTAMP, 1, 'Member Special - $10 off next order over $50', 0, null, 0, null, 5, 'en', null, null, 1);
INSERT INTO ops$publ.BLC_SC(SC_ID, ARCHIVED_FLAG, CREATED_BY, DATE_CREATED, DATE_UPDATED, UPDATED_BY, CONTENT_NAME, DELETED_FLAG, LOCKED_FLAG, OFFLINE_FLAG, ORIG_ITEM_ID, PRIORITY, LOCALE_CODE, ORIG_SANDBOX_ID, SANDBOX_ID, SC_TYPE_ID) VALUES (110, 0, 1, CURRENT_TIMESTAMP, CURRENT_TIMESTAMP, 1, 'Home Page Snippet - Aficionado', 0, null, 0, null, 5, 'en', null, null, 2);
INSERT INTO ops$publ.BLC_SC(SC_ID, ARCHIVED_FLAG, CREATED_BY, DATE_CREATED, DATE_UPDATED, UPDATED_BY, CONTENT_NAME, DELETED_FLAG, LOCKED_FLAG, OFFLINE_FLAG, ORIG_ITEM_ID, PRIORITY, LOCALE_CODE, ORIG_SANDBOX_ID, SANDBOX_ID, SC_TYPE_ID) VALUES (130, 0, 1, CURRENT_TIMESTAMP, CURRENT_TIMESTAMP, 1, 'Home Page Featured Products Title', 0, null, 0, null, 5, 'en', null, null, 3);
INSERT INTO ops$publ.BLC_SC(SC_ID, ARCHIVED_FLAG, CREATED_BY, DATE_CREATED, DATE_UPDATED, UPDATED_BY, CONTENT_NAME, DELETED_FLAG, LOCKED_FLAG, OFFLINE_FLAG, ORIG_ITEM_ID, PRIORITY, LOCALE_CODE, ORIG_SANDBOX_ID, SANDBOX_ID, SC_TYPE_ID) VALUES (140, 0, 1, CURRENT_TIMESTAMP, CURRENT_TIMESTAMP, 1, 'RHS - The Essentials Collection', 0, null, 0, null, 5, 'en', null, null, 4);
INSERT INTO ops$publ.BLC_SC(SC_ID, ARCHIVED_FLAG, CREATED_BY, DATE_CREATED, DATE_UPDATED, UPDATED_BY, CONTENT_NAME, DELETED_FLAG, LOCKED_FLAG, OFFLINE_FLAG, ORIG_ITEM_ID, PRIORITY, LOCALE_CODE, ORIG_SANDBOX_ID, SANDBOX_ID, SC_TYPE_ID) VALUES (151, 0, 1, CURRENT_TIMESTAMP, CURRENT_TIMESTAMP, 1, 'Promocion - 20% de descuento en todas las camisas', 0, null, 0, null, 1, 'es', null, null, 1);
INSERT INTO ops$publ.BLC_SC(SC_ID, ARCHIVED_FLAG, CREATED_BY, DATE_CREATED, DATE_UPDATED, UPDATED_BY, CONTENT_NAME, DELETED_FLAG, LOCKED_FLAG, OFFLINE_FLAG, ORIG_ITEM_ID, PRIORITY, LOCALE_CODE, ORIG_SANDBOX_ID, SANDBOX_ID, SC_TYPE_ID) VALUES (152, 0, 1, CURRENT_TIMESTAMP, CURRENT_TIMESTAMP, 1, 'Promocion - 20% de descuento en todas las camisas', 0, null, 0, null, 1, 'fr', null, null, 1);
INSERT INTO ops$publ.BLC_SC(SC_ID, ARCHIVED_FLAG, CREATED_BY, DATE_CREATED, DATE_UPDATED, UPDATED_BY, CONTENT_NAME, DELETED_FLAG, LOCKED_FLAG, OFFLINE_FLAG, ORIG_ITEM_ID, PRIORITY, LOCALE_CODE, ORIG_SANDBOX_ID, SANDBOX_ID, SC_TYPE_ID) VALUES (153, 0, 1, CURRENT_TIMESTAMP, CURRENT_TIMESTAMP, 1, 'Home Page Snippet (es) - Aficionado', 0, null, 0, null, 5, 'es', null, null, 2);
INSERT INTO ops$publ.BLC_SC(SC_ID, ARCHIVED_FLAG, CREATED_BY, DATE_CREATED, DATE_UPDATED, UPDATED_BY, CONTENT_NAME, DELETED_FLAG, LOCKED_FLAG, OFFLINE_FLAG, ORIG_ITEM_ID, PRIORITY, LOCALE_CODE, ORIG_SANDBOX_ID, SANDBOX_ID, SC_TYPE_ID) VALUES (154, 0, 1, CURRENT_TIMESTAMP, CURRENT_TIMESTAMP, 1, 'Home Page Snippet (es) - Aficionado', 0, null, 0, null, 5, 'fr', null, null, 2);
INSERT INTO ops$publ.BLC_SC(SC_ID, ARCHIVED_FLAG, CREATED_BY, DATE_CREATED, DATE_UPDATED, UPDATED_BY, CONTENT_NAME, DELETED_FLAG, LOCKED_FLAG, OFFLINE_FLAG, ORIG_ITEM_ID, PRIORITY, LOCALE_CODE, ORIG_SANDBOX_ID, SANDBOX_ID, SC_TYPE_ID) VALUES (155, 0, 1, CURRENT_TIMESTAMP, CURRENT_TIMESTAMP, 1, 'Home Page Featured Products Title', 0, null, 0, null, 5, 'es', null, null, 3);
INSERT INTO ops$publ.BLC_SC(SC_ID, ARCHIVED_FLAG, CREATED_BY, DATE_CREATED, DATE_UPDATED, UPDATED_BY, CONTENT_NAME, DELETED_FLAG, LOCKED_FLAG, OFFLINE_FLAG, ORIG_ITEM_ID, PRIORITY, LOCALE_CODE, ORIG_SANDBOX_ID, SANDBOX_ID, SC_TYPE_ID) VALUES (156, 0, 1, CURRENT_TIMESTAMP, CURRENT_TIMESTAMP, 1, 'Home Page Featured Products Title', 0, null, 0, null, 5, 'fr', null, null, 3);
INSERT INTO ops$publ.BLC_SC_FLD(SC_FLD_ID, CREATED_BY, DATE_CREATED, DATE_UPDATED, UPDATED_BY, FLD_KEY, LOB_VALUE, "VALUE", SC_ID) VALUES (1, 1, CURRENT_TIMESTAMP, null, null, 'imageUrl', null, '/img/banners/buy-one-get-one-home-banner.jpg', 100);
INSERT INTO ops$publ.BLC_SC_FLD(SC_FLD_ID, CREATED_BY, DATE_CREATED, DATE_UPDATED, UPDATED_BY, FLD_KEY, LOB_VALUE, "VALUE", SC_ID) VALUES (2, 1, CURRENT_TIMESTAMP, null, null, 'targetUrl', null, '/hot-sauces', 100);
INSERT INTO ops$publ.BLC_SC_FLD(SC_FLD_ID, CREATED_BY, DATE_CREATED, DATE_UPDATED, UPDATED_BY, FLD_KEY, LOB_VALUE, "VALUE", SC_ID) VALUES (3, 1, CURRENT_TIMESTAMP, null, null, 'imageUrl', null, '/img/banners/shirt-special.jpg', 101);
INSERT INTO ops$publ.BLC_SC_FLD(SC_FLD_ID, CREATED_BY, DATE_CREATED, DATE_UPDATED, UPDATED_BY, FLD_KEY, LOB_VALUE, "VALUE", SC_ID) VALUES (4, 1, CURRENT_TIMESTAMP, null, null, 'targetUrl', null, '/merchandise', 101);
INSERT INTO ops$publ.BLC_SC_FLD(SC_FLD_ID, CREATED_BY, DATE_CREATED, DATE_UPDATED, UPDATED_BY, FLD_KEY, LOB_VALUE, "VALUE", SC_ID) VALUES (5, 1, CURRENT_TIMESTAMP, null, null, 'imageUrl', null, '/img/banners/member-special.jpg', 102);
INSERT INTO ops$publ.BLC_SC_FLD(SC_FLD_ID, CREATED_BY, DATE_CREATED, DATE_UPDATED, UPDATED_BY, FLD_KEY, LOB_VALUE, "VALUE", SC_ID) VALUES (6, 1, CURRENT_TIMESTAMP, null, null, 'targetUrl', null, '/register', 102);
INSERT INTO ops$publ.BLC_SC_FLD(SC_FLD_ID, CREATED_BY, DATE_CREATED, DATE_UPDATED, UPDATED_BY, FLD_KEY, LOB_VALUE, "VALUE", SC_ID) VALUES (9, 1, CURRENT_TIMESTAMP, null, null, 'htmlContent', null, '<h2>HOT SAUCE AFICIONADO?</h2> Click to join our Heat Clinic Frequent Care Program. The place to get all the deals on burn treatment.', 110);
INSERT INTO ops$publ.BLC_SC_FLD(SC_FLD_ID, CREATED_BY, DATE_CREATED, DATE_UPDATED, UPDATED_BY, FLD_KEY, LOB_VALUE, "VALUE", SC_ID) VALUES (11, 1, CURRENT_TIMESTAMP, null, null, 'messageText', null, 'The Heat Clinic''s Top Selling Sauces', 130);
INSERT INTO ops$publ.BLC_SC_FLD(SC_FLD_ID, CREATED_BY, DATE_CREATED, DATE_UPDATED, UPDATED_BY, FLD_KEY, LOB_VALUE, "VALUE", SC_ID) VALUES (12, 1, CURRENT_TIMESTAMP, null, null, 'imageUrl', null, '/img/rhs-ad.jpg', 140);
INSERT INTO ops$publ.BLC_SC_FLD(SC_FLD_ID, CREATED_BY, DATE_CREATED, DATE_UPDATED, UPDATED_BY, FLD_KEY, LOB_VALUE, "VALUE", SC_ID) VALUES (13, 1, CURRENT_TIMESTAMP, null, null, 'targetUrl', null, '/hot-sauces', 140);
INSERT INTO ops$publ.BLC_SC_FLD(SC_FLD_ID, CREATED_BY, DATE_CREATED, DATE_UPDATED, UPDATED_BY, FLD_KEY, LOB_VALUE, "VALUE", SC_ID) VALUES (51, 1, CURRENT_TIMESTAMP, null, null, 'imageUrl', null, '/img/banners/promocion-camisas.jpg', 151);
INSERT INTO ops$publ.BLC_SC_FLD(SC_FLD_ID, CREATED_BY, DATE_CREATED, DATE_UPDATED, UPDATED_BY, FLD_KEY, LOB_VALUE, "VALUE", SC_ID) VALUES (52, 1, CURRENT_TIMESTAMP, null, null, 'targetUrl', null, '/merchandise', 151);
INSERT INTO ops$publ.BLC_SC_FLD(SC_FLD_ID, CREATED_BY, DATE_CREATED, DATE_UPDATED, UPDATED_BY, FLD_KEY, LOB_VALUE, "VALUE", SC_ID) VALUES (53, 1, CURRENT_TIMESTAMP, null, null, 'imageUrl', null, '/img/banners/shirts-speciale.jpg', 152);
INSERT INTO ops$publ.BLC_SC_FLD(SC_FLD_ID, CREATED_BY, DATE_CREATED, DATE_UPDATED, UPDATED_BY, FLD_KEY, LOB_VALUE, "VALUE", SC_ID) VALUES (54, 1, CURRENT_TIMESTAMP, null, null, 'targetUrl', null, '/merchandise', 152);
INSERT INTO ops$publ.BLC_SC_FLD(SC_FLD_ID, CREATED_BY, DATE_CREATED, DATE_UPDATED, UPDATED_BY, FLD_KEY, LOB_VALUE, "VALUE", SC_ID) VALUES (55, 1, CURRENT_TIMESTAMP, null, null, 'htmlContent', null, '<h2>AFICIONADO DE SALSAS PICANTES?</h2> Haga click para unirse a nuerto programa de Cuidades Intensivos de Heat Clinic. El lugar para conseguir las mejores ofertas.', 153);
INSERT INTO ops$publ.BLC_SC_FLD(SC_FLD_ID, CREATED_BY, DATE_CREATED, DATE_UPDATED, UPDATED_BY, FLD_KEY, LOB_VALUE, "VALUE", SC_ID) VALUES (56, 1, CURRENT_TIMESTAMP, null, null, 'htmlContent', null, '<h2>AFICIONADO SAUCE PIQUANTE?</h2> Cliquez ici pour vous joindre &agrave; notre clinique de chaleur du Programme de soins fr&eacute;quents. L&#39;endroit pour obtenir toutes les offres sur le traitement des br&ucirc;lures.', 154);
INSERT INTO ops$publ.BLC_SC_FLD(SC_FLD_ID, CREATED_BY, DATE_CREATED, DATE_UPDATED, UPDATED_BY, FLD_KEY, LOB_VALUE, "VALUE", SC_ID) VALUES (57, 1, CURRENT_TIMESTAMP, null, null, 'messageText', null, 'Las Salsas M&aacute;s vendidas de Heat Clinic', 155);
INSERT INTO ops$publ.BLC_SC_FLD(SC_FLD_ID, CREATED_BY, DATE_CREATED, DATE_UPDATED, UPDATED_BY, FLD_KEY, LOB_VALUE, "VALUE", SC_ID) VALUES (58, 1, CURRENT_TIMESTAMP, null, null, 'messageText', null, 'La Clinique Heat Sauces Meilleures Ventes', 156);
INSERT INTO ops$publ.BLC_SC_FLD_MAP(SC_ID, SC_FLD_ID, MAP_KEY) VALUES (100, 1, 'imageUrl');
INSERT INTO ops$publ.BLC_SC_FLD_MAP(SC_ID, SC_FLD_ID, MAP_KEY) VALUES (100, 2, 'targetUrl');
INSERT INTO ops$publ.BLC_SC_FLD_MAP(SC_ID, SC_FLD_ID, MAP_KEY) VALUES (101, 3, 'imageUrl');
INSERT INTO ops$publ.BLC_SC_FLD_MAP(SC_ID, SC_FLD_ID, MAP_KEY) VALUES (101, 4, 'targetUrl');
INSERT INTO ops$publ.BLC_SC_FLD_MAP(SC_ID, SC_FLD_ID, MAP_KEY) VALUES (102, 5, 'imageUrl');
INSERT INTO ops$publ.BLC_SC_FLD_MAP(SC_ID, SC_FLD_ID, MAP_KEY) VALUES (102, 6, 'targetUrl');
INSERT INTO ops$publ.BLC_SC_FLD_MAP(SC_ID, SC_FLD_ID, MAP_KEY) VALUES (110, 9, 'htmlContent');
INSERT INTO ops$publ.BLC_SC_FLD_MAP(SC_ID, SC_FLD_ID, MAP_KEY) VALUES (130, 11, 'messageText');
INSERT INTO ops$publ.BLC_SC_FLD_MAP(SC_ID, SC_FLD_ID, MAP_KEY) VALUES (140, 12, 'imageUrl');
INSERT INTO ops$publ.BLC_SC_FLD_MAP(SC_ID, SC_FLD_ID, MAP_KEY) VALUES (140, 13, 'targetUrl');
INSERT INTO ops$publ.BLC_SC_FLD_MAP(SC_ID, SC_FLD_ID, MAP_KEY) VALUES (151, 51, 'imageUrl');
INSERT INTO ops$publ.BLC_SC_FLD_MAP(SC_ID, SC_FLD_ID, MAP_KEY) VALUES (151, 52, 'targetUrl');
INSERT INTO ops$publ.BLC_SC_FLD_MAP(SC_ID, SC_FLD_ID, MAP_KEY) VALUES (152, 53, 'imageUrl');
INSERT INTO ops$publ.BLC_SC_FLD_MAP(SC_ID, SC_FLD_ID, MAP_KEY) VALUES (152, 54, 'targetUrl');
INSERT INTO ops$publ.BLC_SC_FLD_MAP(SC_ID, SC_FLD_ID, MAP_KEY) VALUES (153, 55, 'htmlContent');
INSERT INTO ops$publ.BLC_SC_FLD_MAP(SC_ID, SC_FLD_ID, MAP_KEY) VALUES (154, 56, 'htmlContent');
INSERT INTO ops$publ.BLC_SC_FLD_MAP(SC_ID, SC_FLD_ID, MAP_KEY) VALUES (155, 57, 'messageText');
INSERT INTO ops$publ.BLC_SC_FLD_MAP(SC_ID, SC_FLD_ID, MAP_KEY) VALUES (156, 58, 'messageText');
INSERT INTO ops$publ.BLC_SC_FLD_TMPLT(SC_FLD_TMPLT_ID, NAME) VALUES (1, 'Ad Template');
INSERT INTO ops$publ.BLC_SC_FLD_TMPLT(SC_FLD_TMPLT_ID, NAME) VALUES (2, 'HTML Template');
INSERT INTO ops$publ.BLC_SC_FLD_TMPLT(SC_FLD_TMPLT_ID, NAME) VALUES (3, 'Message Template');
INSERT INTO ops$publ.BLC_SC_FLDGRP_XREF(SC_FLD_TMPLT_ID, FLD_GROUP_ID, GROUP_ORDER) VALUES (1, 4, 0);
INSERT INTO ops$publ.BLC_SC_FLDGRP_XREF(SC_FLD_TMPLT_ID, FLD_GROUP_ID, GROUP_ORDER) VALUES (2, 5, 0);
INSERT INTO ops$publ.BLC_SC_FLDGRP_XREF(SC_FLD_TMPLT_ID, FLD_GROUP_ID, GROUP_ORDER) VALUES (3, 6, 0);
INSERT INTO ops$publ.BLC_SC_TYPE(SC_TYPE_ID, DESCRIPTION, NAME, SC_FLD_TMPLT_ID) VALUES (1, null, 'Homepage Banner Ad', 1);
INSERT INTO ops$publ.BLC_SC_TYPE(SC_TYPE_ID, DESCRIPTION, NAME, SC_FLD_TMPLT_ID) VALUES (2, null, 'Homepage Middle Promo Snippet', 2);
INSERT INTO ops$publ.BLC_SC_TYPE(SC_TYPE_ID, DESCRIPTION, NAME, SC_FLD_TMPLT_ID) VALUES (3, null, 'Homepage Featured Products Title', 3);
INSERT INTO ops$publ.BLC_SC_TYPE(SC_TYPE_ID, DESCRIPTION, NAME, SC_FLD_TMPLT_ID) VALUES (4, null, 'Right Hand Side Banner Ad', 1);
INSERT INTO ops$publ.BLC_SEARCH_FACET(SEARCH_FACET_ID, MULTISELECT, LABEL, REQUIRES_ALL_DEPENDENT, SEARCH_DISPLAY_PRIORITY, SHOW_ON_SEARCH, FIELD_ID) VALUES (1, 1, 'Manufacturer', null, 0, 0, 1);
INSERT INTO ops$publ.BLC_SEARCH_FACET(SEARCH_FACET_ID, MULTISELECT, LABEL, REQUIRES_ALL_DEPENDENT, SEARCH_DISPLAY_PRIORITY, SHOW_ON_SEARCH, FIELD_ID) VALUES (2, 1, 'Heat Range', null, 0, 0, 2);
INSERT INTO ops$publ.BLC_SEARCH_FACET(SEARCH_FACET_ID, MULTISELECT, LABEL, REQUIRES_ALL_DEPENDENT, SEARCH_DISPLAY_PRIORITY, SHOW_ON_SEARCH, FIELD_ID) VALUES (3, 1, 'Price', null, 1, 1, 3);
INSERT INTO ops$publ.BLC_SEARCH_FACET_RANGE(SEARCH_FACET_RANGE_ID, MAX_VALUE, MIN_VALUE, SEARCH_FACET_ID) VALUES (1, 5.00000, 0.00000, 3);
INSERT INTO ops$publ.BLC_SEARCH_FACET_RANGE(SEARCH_FACET_RANGE_ID, MAX_VALUE, MIN_VALUE, SEARCH_FACET_ID) VALUES (2, 10.00000, 5.00000, 3);
INSERT INTO ops$publ.BLC_SEARCH_FACET_RANGE(SEARCH_FACET_RANGE_ID, MAX_VALUE, MIN_VALUE, SEARCH_FACET_ID) VALUES (3, 15.00000, 10.00000, 3);
INSERT INTO ops$publ.BLC_SEARCH_FACET_RANGE(SEARCH_FACET_RANGE_ID, MAX_VALUE, MIN_VALUE, SEARCH_FACET_ID) VALUES (4, null, 15.00000, 3);
INSERT INTO ops$publ.BLC_SEARCH_INTERCEPT(SEARCH_REDIRECT_ID, ACTIVE_END_DATE, ACTIVE_START_DATE, PRIORITY, SEARCH_TERM, URL) VALUES (1, null, null, 1, 'insanity', '/hot-sauces/insanity_sauce');
INSERT INTO ops$publ.BLC_SEARCH_INTERCEPT(SEARCH_REDIRECT_ID, ACTIVE_END_DATE, ACTIVE_START_DATE, PRIORITY, SEARCH_TERM, URL) VALUES (2, TO_TIMESTAMP('1999-10-15 21:28:36.000000','YYYY-MM-DD HH24:MI:SS.FF'), TO_TIMESTAMP('1992-10-15 14:28:36.000000','YYYY-MM-DD HH24:MI:SS.FF'), -10, 'new york', '/search?q=pace picante');
INSERT INTO ops$publ.BLC_SKU(SKU_ID, ACTIVE_END_DATE, ACTIVE_START_DATE, AVAILABLE_FLAG, DESCRIPTION, CONTAINER_SHAPE, DEPTH, DIMENSION_UNIT_OF_MEASURE, GIRTH, HEIGHT, CONTAINER_SIZE, WIDTH, DISCOUNTABLE_FLAG, FULFILLMENT_TYPE, INVENTORY_TYPE, IS_MACHINE_SORTABLE, LONG_DESCRIPTION, NAME, RETAIL_PRICE, SALE_PRICE, TAX_CODE, TAXABLE_FLAG, WEIGHT, WEIGHT_UNIT_OF_MEASURE, CURRENCY_CODE, DEFAULT_PRODUCT_ID) VALUES (1, null, CURRENT_TIMESTAMP, null, null, null, null, null, null, null, null, null, 'Y', null, 'BASIC', null, 'As my Chilipals know, I am never one to be satisfied. Hence, the creation of Sudden Death. When you need to go beyond... Sudden Death will deliver! ', 'Sudden Death Sauce', 10.99000, null, null, 'Y', null, null, null, 1);
INSERT INTO ops$publ.BLC_SKU(SKU_ID, ACTIVE_END_DATE, ACTIVE_START_DATE, AVAILABLE_FLAG, DESCRIPTION, CONTAINER_SHAPE, DEPTH, DIMENSION_UNIT_OF_MEASURE, GIRTH, HEIGHT, CONTAINER_SIZE, WIDTH, DISCOUNTABLE_FLAG, FULFILLMENT_TYPE, INVENTORY_TYPE, IS_MACHINE_SORTABLE, LONG_DESCRIPTION, NAME, RETAIL_PRICE, SALE_PRICE, TAX_CODE, TAXABLE_FLAG, WEIGHT, WEIGHT_UNIT_OF_MEASURE, CURRENCY_CODE, DEFAULT_PRODUCT_ID) VALUES (2, null, CURRENT_TIMESTAMP, null, null, null, null, null, null, null, null, null, 'Y', null, 'BASIC', null, 'The perfect topper for chicken, fish, burgers or pizza. A great blend of Habanero, Mango, Passion Fruit and more make this Death Sauce an amazing tropical treat.', 'Sweet Death Sauce', 10.99000, null, null, 'Y', null, null, null, 2);
INSERT INTO ops$publ.BLC_SKU(SKU_ID, ACTIVE_END_DATE, ACTIVE_START_DATE, AVAILABLE_FLAG, DESCRIPTION, CONTAINER_SHAPE, DEPTH, DIMENSION_UNIT_OF_MEASURE, GIRTH, HEIGHT, CONTAINER_SIZE, WIDTH, DISCOUNTABLE_FLAG, FULFILLMENT_TYPE, INVENTORY_TYPE, IS_MACHINE_SORTABLE, LONG_DESCRIPTION, NAME, RETAIL_PRICE, SALE_PRICE, TAX_CODE, TAXABLE_FLAG, WEIGHT, WEIGHT_UNIT_OF_MEASURE, CURRENCY_CODE, DEFAULT_PRODUCT_ID) VALUES (3, null, CURRENT_TIMESTAMP, null, null, null, null, null, null, null, null, null, 'Y', null, null, null, 'Tangy, ripe cayenne peppes flow together with garlic, onion, tomato paste and a hint of cane sugar to make this a smooth sauce with a bite.  Wonderful on eggs, poultry, pork, or fish, this sauce blends to make rich marinades and soups.', 'Hoppin'' Hot Sauce', 4.99000, null, null, 'Y', null, null, null, 3);
INSERT INTO ops$publ.BLC_SKU(SKU_ID, ACTIVE_END_DATE, ACTIVE_START_DATE, AVAILABLE_FLAG, DESCRIPTION, CONTAINER_SHAPE, DEPTH, DIMENSION_UNIT_OF_MEASURE, GIRTH, HEIGHT, CONTAINER_SIZE, WIDTH, DISCOUNTABLE_FLAG, FULFILLMENT_TYPE, INVENTORY_TYPE, IS_MACHINE_SORTABLE, LONG_DESCRIPTION, NAME, RETAIL_PRICE, SALE_PRICE, TAX_CODE, TAXABLE_FLAG, WEIGHT, WEIGHT_UNIT_OF_MEASURE, CURRENCY_CODE, DEFAULT_PRODUCT_ID) VALUES (4, null, CURRENT_TIMESTAMP, null, null, null, null, null, null, null, null, null, 'Y', null, null, null, 'When any pepper is dried and smoked, it is referred to as a Chipotle. Usually with a wrinkled, drak brown appearance, the Chipotle delivers a smokey, sweet flavor which is generally used for adding a smokey, roasted flavor to salsas, stews and marinades.', 'Day of the Dead Chipotle Hot Sauce', 6.99000, null, null, 'Y', null, null, null, 4);
INSERT INTO ops$publ.BLC_SKU(SKU_ID, ACTIVE_END_DATE, ACTIVE_START_DATE, AVAILABLE_FLAG, DESCRIPTION, CONTAINER_SHAPE, DEPTH, DIMENSION_UNIT_OF_MEASURE, GIRTH, HEIGHT, CONTAINER_SIZE, WIDTH, DISCOUNTABLE_FLAG, FULFILLMENT_TYPE, INVENTORY_TYPE, IS_MACHINE_SORTABLE, LONG_DESCRIPTION, NAME, RETAIL_PRICE, SALE_PRICE, TAX_CODE, TAXABLE_FLAG, WEIGHT, WEIGHT_UNIT_OF_MEASURE, CURRENCY_CODE, DEFAULT_PRODUCT_ID) VALUES (5, null, CURRENT_TIMESTAMP, null, null, null, null, null, null, null, null, null, 'Y', null, null, null, 'If you want hot, this is the chile to choose. Native to the Carribean, Yucatan and Northern Coast of South America, the Habanero presents itself in a variety of colors ranging from light green to a bright red. The Habanero''s bold heat, unique flavor and aroma has made it the favorite of chile lovers.', 'Day of the Dead Habanero Hot Sauce', 6.99000, null, null, 'Y', null, null, null, 5);
INSERT INTO ops$publ.BLC_SKU(SKU_ID, ACTIVE_END_DATE, ACTIVE_START_DATE, AVAILABLE_FLAG, DESCRIPTION, CONTAINER_SHAPE, DEPTH, DIMENSION_UNIT_OF_MEASURE, GIRTH, HEIGHT, CONTAINER_SIZE, WIDTH, DISCOUNTABLE_FLAG, FULFILLMENT_TYPE, INVENTORY_TYPE, IS_MACHINE_SORTABLE, LONG_DESCRIPTION, NAME, RETAIL_PRICE, SALE_PRICE, TAX_CODE, TAXABLE_FLAG, WEIGHT, WEIGHT_UNIT_OF_MEASURE, CURRENCY_CODE, DEFAULT_PRODUCT_ID) VALUES (6, null, CURRENT_TIMESTAMP, null, null, null, null, null, null, null, null, null, 'Y', null, null, null, 'Often mistaken for the Habanero, the Scotch Bonnet has a deeply inverted tip as opposed to the pointed end of the Habanero. Ranging in many colors from green to yellow-orange, the Scotch Bonnet is a staple in West Indies and Barbados style pepper sauces.', 'Day of the Dead Scotch Bonnet Hot Sauce', 6.99000, null, null, 'Y', null, null, null, 6);
INSERT INTO ops$publ.BLC_SKU(SKU_ID, ACTIVE_END_DATE, ACTIVE_START_DATE, AVAILABLE_FLAG, DESCRIPTION, CONTAINER_SHAPE, DEPTH, DIMENSION_UNIT_OF_MEASURE, GIRTH, HEIGHT, CONTAINER_SIZE, WIDTH, DISCOUNTABLE_FLAG, FULFILLMENT_TYPE, INVENTORY_TYPE, IS_MACHINE_SORTABLE, LONG_DESCRIPTION, NAME, RETAIL_PRICE, SALE_PRICE, TAX_CODE, TAXABLE_FLAG, WEIGHT, WEIGHT_UNIT_OF_MEASURE, CURRENCY_CODE, DEFAULT_PRODUCT_ID) VALUES (7, null, CURRENT_TIMESTAMP, null, null, null, null, null, null, null, null, null, 'Y', null, null, null, 'Made with Naga Bhut Jolokia, the World''s Hottest pepper.', 'Green Ghost', 11.99000, null, null, 'Y', null, null, null, 7);
INSERT INTO ops$publ.BLC_SKU(SKU_ID, ACTIVE_END_DATE, ACTIVE_START_DATE, AVAILABLE_FLAG, DESCRIPTION, CONTAINER_SHAPE, DEPTH, DIMENSION_UNIT_OF_MEASURE, GIRTH, HEIGHT, CONTAINER_SIZE, WIDTH, DISCOUNTABLE_FLAG, FULFILLMENT_TYPE, INVENTORY_TYPE, IS_MACHINE_SORTABLE, LONG_DESCRIPTION, NAME, RETAIL_PRICE, SALE_PRICE, TAX_CODE, TAXABLE_FLAG, WEIGHT, WEIGHT_UNIT_OF_MEASURE, CURRENCY_CODE, DEFAULT_PRODUCT_ID) VALUES (8, null, CURRENT_TIMESTAMP, null, null, null, null, null, null, null, null, null, 'Y', null, null, null, 'You bet your boots, this hot sauce earned its name from folks that appreciate an outstanding hot sauce. What you''ll find here is a truly original zesty flavor, not an overpowering pungency that is found in those ordinary Tabasco pepper sauces - even though the pepper used in this product was tested at 285,000 Scoville units. So, saddle up for a ride to remember. To make sure we brought you only the finest Habanero pepper sauce, we went to the foothills of the Mayan mountains in Belize, Central America. This product is prepared entirely by hand using only fresh vegetables and all natural ingredients.', 'Blazin'' Saddle XXX Hot Habanero Pepper Sauce', 4.99000, null, null, 'Y', null, null, null, 8);
INSERT INTO ops$publ.BLC_SKU(SKU_ID, ACTIVE_END_DATE, ACTIVE_START_DATE, AVAILABLE_FLAG, DESCRIPTION, CONTAINER_SHAPE, DEPTH, DIMENSION_UNIT_OF_MEASURE, GIRTH, HEIGHT, CONTAINER_SIZE, WIDTH, DISCOUNTABLE_FLAG, FULFILLMENT_TYPE, INVENTORY_TYPE, IS_MACHINE_SORTABLE, LONG_DESCRIPTION, NAME, RETAIL_PRICE, SALE_PRICE, TAX_CODE, TAXABLE_FLAG, WEIGHT, WEIGHT_UNIT_OF_MEASURE, CURRENCY_CODE, DEFAULT_PRODUCT_ID) VALUES (9, null, CURRENT_TIMESTAMP, null, null, null, null, null, null, null, null, null, 'Y', null, null, null, 'All Hell is breaking loose, fire &amp; brimstone rain down? prepare to meet your maker.', 'Armageddon The Hot Sauce To End All', 12.99000, null, null, 'Y', null, null, null, 9);
INSERT INTO ops$publ.BLC_SKU(SKU_ID, ACTIVE_END_DATE, ACTIVE_START_DATE, AVAILABLE_FLAG, DESCRIPTION, CONTAINER_SHAPE, DEPTH, DIMENSION_UNIT_OF_MEASURE, GIRTH, HEIGHT, CONTAINER_SIZE, WIDTH, DISCOUNTABLE_FLAG, FULFILLMENT_TYPE, INVENTORY_TYPE, IS_MACHINE_SORTABLE, LONG_DESCRIPTION, NAME, RETAIL_PRICE, SALE_PRICE, TAX_CODE, TAXABLE_FLAG, WEIGHT, WEIGHT_UNIT_OF_MEASURE, CURRENCY_CODE, DEFAULT_PRODUCT_ID) VALUES (10, null, CURRENT_TIMESTAMP, null, null, null, null, null, null, null, null, null, 'Y', null, null, null, 'Here is the Prescription for those who enjoy intolerable heat. Dr. Chilemeister''s sick and evil deadly brew should be used with caution. Pain can become addictive!', 'Dr. Chilemeister''s Insane Hot Sauce', 12.99000, null, null, 'Y', null, null, null, 10);
INSERT INTO ops$publ.BLC_SKU(SKU_ID, ACTIVE_END_DATE, ACTIVE_START_DATE, AVAILABLE_FLAG, DESCRIPTION, CONTAINER_SHAPE, DEPTH, DIMENSION_UNIT_OF_MEASURE, GIRTH, HEIGHT, CONTAINER_SIZE, WIDTH, DISCOUNTABLE_FLAG, FULFILLMENT_TYPE, INVENTORY_TYPE, IS_MACHINE_SORTABLE, LONG_DESCRIPTION, NAME, RETAIL_PRICE, SALE_PRICE, TAX_CODE, TAXABLE_FLAG, WEIGHT, WEIGHT_UNIT_OF_MEASURE, CURRENCY_CODE, DEFAULT_PRODUCT_ID) VALUES (11, null, CURRENT_TIMESTAMP, null, null, null, null, null, null, null, null, null, 'Y', null, null, null, 'Been there, roped that. Hotter than a buckin'' mare in heat! Sprinkle on meat entrees, seafood and vegetables. Use as additive in barbecue sauce or any food that needs a spicy flavor. Start with a few drops and work up to the desired flavor.', 'Bull Snort Cowboy Cayenne Pepper Hot Sauce', 3.99000, null, null, 'Y', null, null, null, 11);
INSERT INTO ops$publ.BLC_SKU(SKU_ID, ACTIVE_END_DATE, ACTIVE_START_DATE, AVAILABLE_FLAG, DESCRIPTION, CONTAINER_SHAPE, DEPTH, DIMENSION_UNIT_OF_MEASURE, GIRTH, HEIGHT, CONTAINER_SIZE, WIDTH, DISCOUNTABLE_FLAG, FULFILLMENT_TYPE, INVENTORY_TYPE, IS_MACHINE_SORTABLE, LONG_DESCRIPTION, NAME, RETAIL_PRICE, SALE_PRICE, TAX_CODE, TAXABLE_FLAG, WEIGHT, WEIGHT_UNIT_OF_MEASURE, CURRENCY_CODE, DEFAULT_PRODUCT_ID) VALUES (12, null, CURRENT_TIMESTAMP, null, null, null, null, null, null, null, null, null, 'Y', null, null, null, 'One of the more unusual sauces we sell. The original was an old style Cajun sauce and this is it''s updated blackening version. It''s sweet but you get a great hit of cinnamon and cloves with a nice kick of cayenne heat. Use on all foods to give that Cajun flair!', 'Cafe Louisiane Sweet Cajun Blackening Sauce', 4.99000, null, null, 'Y', null, null, null, 12);
INSERT INTO ops$publ.BLC_SKU(SKU_ID, ACTIVE_END_DATE, ACTIVE_START_DATE, AVAILABLE_FLAG, DESCRIPTION, CONTAINER_SHAPE, DEPTH, DIMENSION_UNIT_OF_MEASURE, GIRTH, HEIGHT, CONTAINER_SIZE, WIDTH, DISCOUNTABLE_FLAG, FULFILLMENT_TYPE, INVENTORY_TYPE, IS_MACHINE_SORTABLE, LONG_DESCRIPTION, NAME, RETAIL_PRICE, SALE_PRICE, TAX_CODE, TAXABLE_FLAG, WEIGHT, WEIGHT_UNIT_OF_MEASURE, CURRENCY_CODE, DEFAULT_PRODUCT_ID) VALUES (13, null, CURRENT_TIMESTAMP, null, null, null, null, null, null, null, null, null, 'Y', null, null, null, 'Everything is bigger in Texas, even the burn of a Bull Snortin'' Hot Sauce! shower on that Texas sized steak they call the Ole 96er or your plane Jane vegetables. If you are a fan on making BBQ sauce from scratch like I am, you can use Bull Snort Smokin'' Tonsils Hot Sauce as an additive. Red hot habaneros and cayenne peppers give this tonsil tingler it''s famous flavor and red hot heat. Bull Snort Smokin'' Tonsils Hot Sauce''ll have your bowels buckin'' with just a drop!', 'Bull Snort Smokin'' Toncils Hot Sauce', 3.99000, null, null, 'Y', null, null, null, 13);
INSERT INTO ops$publ.BLC_SKU(SKU_ID, ACTIVE_END_DATE, ACTIVE_START_DATE, AVAILABLE_FLAG, DESCRIPTION, CONTAINER_SHAPE, DEPTH, DIMENSION_UNIT_OF_MEASURE, GIRTH, HEIGHT, CONTAINER_SIZE, WIDTH, DISCOUNTABLE_FLAG, FULFILLMENT_TYPE, INVENTORY_TYPE, IS_MACHINE_SORTABLE, LONG_DESCRIPTION, NAME, RETAIL_PRICE, SALE_PRICE, TAX_CODE, TAXABLE_FLAG, WEIGHT, WEIGHT_UNIT_OF_MEASURE, CURRENCY_CODE, DEFAULT_PRODUCT_ID) VALUES (14, null, CURRENT_TIMESTAMP, null, null, null, null, null, null, null, null, null, 'Y', null, null, null, 'This sauce gets its great flavor from aged peppers and cane vinegar. It will enhance the flavor of most any meal.', 'Cool Cayenne Pepper Hot Sauce', 5.99000, null, null, 'Y', null, null, null, 14);
INSERT INTO ops$publ.BLC_SKU(SKU_ID, ACTIVE_END_DATE, ACTIVE_START_DATE, AVAILABLE_FLAG, DESCRIPTION, CONTAINER_SHAPE, DEPTH, DIMENSION_UNIT_OF_MEASURE, GIRTH, HEIGHT, CONTAINER_SIZE, WIDTH, DISCOUNTABLE_FLAG, FULFILLMENT_TYPE, INVENTORY_TYPE, IS_MACHINE_SORTABLE, LONG_DESCRIPTION, NAME, RETAIL_PRICE, SALE_PRICE, TAX_CODE, TAXABLE_FLAG, WEIGHT, WEIGHT_UNIT_OF_MEASURE, CURRENCY_CODE, DEFAULT_PRODUCT_ID) VALUES (15, null, CURRENT_TIMESTAMP, null, null, null, null, null, null, null, null, null, 'Y', null, null, null, 'This sauce gets its great flavor from aged peppers and cane vinegar. It will enhance the flavor of most any meal.', 'Roasted Garlic Hot Sauce', 5.99000, null, null, 'Y', null, null, null, 15);
INSERT INTO ops$publ.BLC_SKU(SKU_ID, ACTIVE_END_DATE, ACTIVE_START_DATE, AVAILABLE_FLAG, DESCRIPTION, CONTAINER_SHAPE, DEPTH, DIMENSION_UNIT_OF_MEASURE, GIRTH, HEIGHT, CONTAINER_SIZE, WIDTH, DISCOUNTABLE_FLAG, FULFILLMENT_TYPE, INVENTORY_TYPE, IS_MACHINE_SORTABLE, LONG_DESCRIPTION, NAME, RETAIL_PRICE, SALE_PRICE, TAX_CODE, TAXABLE_FLAG, WEIGHT, WEIGHT_UNIT_OF_MEASURE, CURRENCY_CODE, DEFAULT_PRODUCT_ID) VALUES (16, null, CURRENT_TIMESTAMP, null, null, null, null, null, null, null, null, null, 'Y', null, null, null, 'This sauce gets its great flavor from aged peppers and cane vinegar. It will enhance the flavor of most any meal.', 'Scotch Bonnet Hot Sauce', 5.99000, null, null, 'Y', null, null, null, 16);
INSERT INTO ops$publ.BLC_SKU(SKU_ID, ACTIVE_END_DATE, ACTIVE_START_DATE, AVAILABLE_FLAG, DESCRIPTION, CONTAINER_SHAPE, DEPTH, DIMENSION_UNIT_OF_MEASURE, GIRTH, HEIGHT, CONTAINER_SIZE, WIDTH, DISCOUNTABLE_FLAG, FULFILLMENT_TYPE, INVENTORY_TYPE, IS_MACHINE_SORTABLE, LONG_DESCRIPTION, NAME, RETAIL_PRICE, SALE_PRICE, TAX_CODE, TAXABLE_FLAG, WEIGHT, WEIGHT_UNIT_OF_MEASURE, CURRENCY_CODE, DEFAULT_PRODUCT_ID) VALUES (17, null, CURRENT_TIMESTAMP, null, null, null, null, null, null, null, null, null, 'Y', null, null, null, 'This sauce gets its great flavor from aged peppers and cane vinegar. It will enhance the flavor of most any meal.', 'Insanity Sauce', 5.99000, 4.99000, null, 'Y', null, null, null, 17);
INSERT INTO ops$publ.BLC_SKU(SKU_ID, ACTIVE_END_DATE, ACTIVE_START_DATE, AVAILABLE_FLAG, DESCRIPTION, CONTAINER_SHAPE, DEPTH, DIMENSION_UNIT_OF_MEASURE, GIRTH, HEIGHT, CONTAINER_SIZE, WIDTH, DISCOUNTABLE_FLAG, FULFILLMENT_TYPE, INVENTORY_TYPE, IS_MACHINE_SORTABLE, LONG_DESCRIPTION, NAME, RETAIL_PRICE, SALE_PRICE, TAX_CODE, TAXABLE_FLAG, WEIGHT, WEIGHT_UNIT_OF_MEASURE, CURRENCY_CODE, DEFAULT_PRODUCT_ID) VALUES (18, null, CURRENT_TIMESTAMP, null, null, null, null, null, null, null, null, null, 'Y', null, null, null, 'This sauce gets its great flavor from aged peppers and cane vinegar. It will enhance the flavor of most any meal.', 'Hurtin'' Jalepeno Hot Sauce', 5.99000, 4.49000, null, 'Y', null, null, null, 18);
INSERT INTO ops$publ.BLC_SKU(SKU_ID, ACTIVE_END_DATE, ACTIVE_START_DATE, AVAILABLE_FLAG, DESCRIPTION, CONTAINER_SHAPE, DEPTH, DIMENSION_UNIT_OF_MEASURE, GIRTH, HEIGHT, CONTAINER_SIZE, WIDTH, DISCOUNTABLE_FLAG, FULFILLMENT_TYPE, INVENTORY_TYPE, IS_MACHINE_SORTABLE, LONG_DESCRIPTION, NAME, RETAIL_PRICE, SALE_PRICE, TAX_CODE, TAXABLE_FLAG, WEIGHT, WEIGHT_UNIT_OF_MEASURE, CURRENCY_CODE, DEFAULT_PRODUCT_ID) VALUES (19, null, CURRENT_TIMESTAMP, null, null, null, null, null, null, null, null, null, 'Y', null, null, null, 'This sauce gets its great flavor from aged peppers and cane vinegar. It will enhance the flavor of most any meal.', 'Roasted Red Pepper & Chipotle Hot Sauce', 5.99000, 4.09000, null, 'Y', null, null, null, 19);
INSERT INTO ops$publ.BLC_SKU(SKU_ID, ACTIVE_END_DATE, ACTIVE_START_DATE, AVAILABLE_FLAG, DESCRIPTION, CONTAINER_SHAPE, DEPTH, DIMENSION_UNIT_OF_MEASURE, GIRTH, HEIGHT, CONTAINER_SIZE, WIDTH, DISCOUNTABLE_FLAG, FULFILLMENT_TYPE, INVENTORY_TYPE, IS_MACHINE_SORTABLE, LONG_DESCRIPTION, NAME, RETAIL_PRICE, SALE_PRICE, TAX_CODE, TAXABLE_FLAG, WEIGHT, WEIGHT_UNIT_OF_MEASURE, CURRENCY_CODE, DEFAULT_PRODUCT_ID) VALUES (100, null, CURRENT_TIMESTAMP, null, null, null, null, null, null, null, null, null, 'Y', null, null, null, 'Men''s Habanero collection standard short sleeve screen-printed tee shirt in soft 30 singles cotton in regular fit.', 'Hawt Like a Habanero Shirt (Men''s)', 14.99000, null, null, 'Y', null, null, null, 100);
INSERT INTO ops$publ.BLC_SKU(SKU_ID, ACTIVE_END_DATE, ACTIVE_START_DATE, AVAILABLE_FLAG, DESCRIPTION, CONTAINER_SHAPE, DEPTH, DIMENSION_UNIT_OF_MEASURE, GIRTH, HEIGHT, CONTAINER_SIZE, WIDTH, DISCOUNTABLE_FLAG, FULFILLMENT_TYPE, INVENTORY_TYPE, IS_MACHINE_SORTABLE, LONG_DESCRIPTION, NAME, RETAIL_PRICE, SALE_PRICE, TAX_CODE, TAXABLE_FLAG, WEIGHT, WEIGHT_UNIT_OF_MEASURE, CURRENCY_CODE, DEFAULT_PRODUCT_ID) VALUES (111, null, null, null, null, null, null, null, null, null, null, null, 'Y', null, null, null, null, null, null, null, null, null, null, null, null, null);
INSERT INTO ops$publ.BLC_SKU(SKU_ID, ACTIVE_END_DATE, ACTIVE_START_DATE, AVAILABLE_FLAG, DESCRIPTION, CONTAINER_SHAPE, DEPTH, DIMENSION_UNIT_OF_MEASURE, GIRTH, HEIGHT, CONTAINER_SIZE, WIDTH, DISCOUNTABLE_FLAG, FULFILLMENT_TYPE, INVENTORY_TYPE, IS_MACHINE_SORTABLE, LONG_DESCRIPTION, NAME, RETAIL_PRICE, SALE_PRICE, TAX_CODE, TAXABLE_FLAG, WEIGHT, WEIGHT_UNIT_OF_MEASURE, CURRENCY_CODE, DEFAULT_PRODUCT_ID) VALUES (112, null, null, null, null, null, null, null, null, null, null, null, 'Y', null, null, null, null, null, null, null, null, null, null, null, null, null);
INSERT INTO ops$publ.BLC_SKU(SKU_ID, ACTIVE_END_DATE, ACTIVE_START_DATE, AVAILABLE_FLAG, DESCRIPTION, CONTAINER_SHAPE, DEPTH, DIMENSION_UNIT_OF_MEASURE, GIRTH, HEIGHT, CONTAINER_SIZE, WIDTH, DISCOUNTABLE_FLAG, FULFILLMENT_TYPE, INVENTORY_TYPE, IS_MACHINE_SORTABLE, LONG_DESCRIPTION, NAME, RETAIL_PRICE, SALE_PRICE, TAX_CODE, TAXABLE_FLAG, WEIGHT, WEIGHT_UNIT_OF_MEASURE, CURRENCY_CODE, DEFAULT_PRODUCT_ID) VALUES (113, null, null, null, null, null, null, null, null, null, null, null, 'Y', null, null, null, null, null, null, null, null, null, null, null, null, null);
INSERT INTO ops$publ.BLC_SKU(SKU_ID, ACTIVE_END_DATE, ACTIVE_START_DATE, AVAILABLE_FLAG, DESCRIPTION, CONTAINER_SHAPE, DEPTH, DIMENSION_UNIT_OF_MEASURE, GIRTH, HEIGHT, CONTAINER_SIZE, WIDTH, DISCOUNTABLE_FLAG, FULFILLMENT_TYPE, INVENTORY_TYPE, IS_MACHINE_SORTABLE, LONG_DESCRIPTION, NAME, RETAIL_PRICE, SALE_PRICE, TAX_CODE, TAXABLE_FLAG, WEIGHT, WEIGHT_UNIT_OF_MEASURE, CURRENCY_CODE, DEFAULT_PRODUCT_ID) VALUES (114, null, null, null, null, null, null, null, null, null, null, null, 'Y', null, null, null, null, null, 16.99000, null, null, null, null, null, null, null);
INSERT INTO ops$publ.BLC_SKU(SKU_ID, ACTIVE_END_DATE, ACTIVE_START_DATE, AVAILABLE_FLAG, DESCRIPTION, CONTAINER_SHAPE, DEPTH, DIMENSION_UNIT_OF_MEASURE, GIRTH, HEIGHT, CONTAINER_SIZE, WIDTH, DISCOUNTABLE_FLAG, FULFILLMENT_TYPE, INVENTORY_TYPE, IS_MACHINE_SORTABLE, LONG_DESCRIPTION, NAME, RETAIL_PRICE, SALE_PRICE, TAX_CODE, TAXABLE_FLAG, WEIGHT, WEIGHT_UNIT_OF_MEASURE, CURRENCY_CODE, DEFAULT_PRODUCT_ID) VALUES (121, null, null, null, null, null, null, null, null, null, null, null, 'Y', null, null, null, null, null, null, null, null, null, null, null, null, null);
INSERT INTO ops$publ.BLC_SKU(SKU_ID, ACTIVE_END_DATE, ACTIVE_START_DATE, AVAILABLE_FLAG, DESCRIPTION, CONTAINER_SHAPE, DEPTH, DIMENSION_UNIT_OF_MEASURE, GIRTH, HEIGHT, CONTAINER_SIZE, WIDTH, DISCOUNTABLE_FLAG, FULFILLMENT_TYPE, INVENTORY_TYPE, IS_MACHINE_SORTABLE, LONG_DESCRIPTION, NAME, RETAIL_PRICE, SALE_PRICE, TAX_CODE, TAXABLE_FLAG, WEIGHT, WEIGHT_UNIT_OF_MEASURE, CURRENCY_CODE, DEFAULT_PRODUCT_ID) VALUES (122, null, null, null, null, null, null, null, null, null, null, null, 'Y', null, null, null, null, null, null, null, null, null, null, null, null, null);
INSERT INTO ops$publ.BLC_SKU(SKU_ID, ACTIVE_END_DATE, ACTIVE_START_DATE, AVAILABLE_FLAG, DESCRIPTION, CONTAINER_SHAPE, DEPTH, DIMENSION_UNIT_OF_MEASURE, GIRTH, HEIGHT, CONTAINER_SIZE, WIDTH, DISCOUNTABLE_FLAG, FULFILLMENT_TYPE, INVENTORY_TYPE, IS_MACHINE_SORTABLE, LONG_DESCRIPTION, NAME, RETAIL_PRICE, SALE_PRICE, TAX_CODE, TAXABLE_FLAG, WEIGHT, WEIGHT_UNIT_OF_MEASURE, CURRENCY_CODE, DEFAULT_PRODUCT_ID) VALUES (123, null, null, null, null, null, null, null, null, null, null, null, 'Y', null, null, null, null, null, null, null, null, null, null, null, null, null);
INSERT INTO ops$publ.BLC_SKU(SKU_ID, ACTIVE_END_DATE, ACTIVE_START_DATE, AVAILABLE_FLAG, DESCRIPTION, CONTAINER_SHAPE, DEPTH, DIMENSION_UNIT_OF_MEASURE, GIRTH, HEIGHT, CONTAINER_SIZE, WIDTH, DISCOUNTABLE_FLAG, FULFILLMENT_TYPE, INVENTORY_TYPE, IS_MACHINE_SORTABLE, LONG_DESCRIPTION, NAME, RETAIL_PRICE, SALE_PRICE, TAX_CODE, TAXABLE_FLAG, WEIGHT, WEIGHT_UNIT_OF_MEASURE, CURRENCY_CODE, DEFAULT_PRODUCT_ID) VALUES (124, null, null, null, null, null, null, null, null, null, null, null, 'Y', null, null, null, null, null, 16.99000, null, null, null, null, null, null, null);
INSERT INTO ops$publ.BLC_SKU(SKU_ID, ACTIVE_END_DATE, ACTIVE_START_DATE, AVAILABLE_FLAG, DESCRIPTION, CONTAINER_SHAPE, DEPTH, DIMENSION_UNIT_OF_MEASURE, GIRTH, HEIGHT, CONTAINER_SIZE, WIDTH, DISCOUNTABLE_FLAG, FULFILLMENT_TYPE, INVENTORY_TYPE, IS_MACHINE_SORTABLE, LONG_DESCRIPTION, NAME, RETAIL_PRICE, SALE_PRICE, TAX_CODE, TAXABLE_FLAG, WEIGHT, WEIGHT_UNIT_OF_MEASURE, CURRENCY_CODE, DEFAULT_PRODUCT_ID) VALUES (131, null, null, null, null, null, null, null, null, null, null, null, 'Y', null, null, null, null, null, null, null, null, null, null, null, null, null);
INSERT INTO ops$publ.BLC_SKU(SKU_ID, ACTIVE_END_DATE, ACTIVE_START_DATE, AVAILABLE_FLAG, DESCRIPTION, CONTAINER_SHAPE, DEPTH, DIMENSION_UNIT_OF_MEASURE, GIRTH, HEIGHT, CONTAINER_SIZE, WIDTH, DISCOUNTABLE_FLAG, FULFILLMENT_TYPE, INVENTORY_TYPE, IS_MACHINE_SORTABLE, LONG_DESCRIPTION, NAME, RETAIL_PRICE, SALE_PRICE, TAX_CODE, TAXABLE_FLAG, WEIGHT, WEIGHT_UNIT_OF_MEASURE, CURRENCY_CODE, DEFAULT_PRODUCT_ID) VALUES (132, null, null, null, null, null, null, null, null, null, null, null, 'Y', null, null, null, null, null, null, null, null, null, null, null, null, null);
INSERT INTO ops$publ.BLC_SKU(SKU_ID, ACTIVE_END_DATE, ACTIVE_START_DATE, AVAILABLE_FLAG, DESCRIPTION, CONTAINER_SHAPE, DEPTH, DIMENSION_UNIT_OF_MEASURE, GIRTH, HEIGHT, CONTAINER_SIZE, WIDTH, DISCOUNTABLE_FLAG, FULFILLMENT_TYPE, INVENTORY_TYPE, IS_MACHINE_SORTABLE, LONG_DESCRIPTION, NAME, RETAIL_PRICE, SALE_PRICE, TAX_CODE, TAXABLE_FLAG, WEIGHT, WEIGHT_UNIT_OF_MEASURE, CURRENCY_CODE, DEFAULT_PRODUCT_ID) VALUES (133, null, null, null, null, null, null, null, null, null, null, null, 'Y', null, null, null, null, null, null, null, null, null, null, null, null, null);
INSERT INTO ops$publ.BLC_SKU(SKU_ID, ACTIVE_END_DATE, ACTIVE_START_DATE, AVAILABLE_FLAG, DESCRIPTION, CONTAINER_SHAPE, DEPTH, DIMENSION_UNIT_OF_MEASURE, GIRTH, HEIGHT, CONTAINER_SIZE, WIDTH, DISCOUNTABLE_FLAG, FULFILLMENT_TYPE, INVENTORY_TYPE, IS_MACHINE_SORTABLE, LONG_DESCRIPTION, NAME, RETAIL_PRICE, SALE_PRICE, TAX_CODE, TAXABLE_FLAG, WEIGHT, WEIGHT_UNIT_OF_MEASURE, CURRENCY_CODE, DEFAULT_PRODUCT_ID) VALUES (134, null, null, null, null, null, null, null, null, null, null, null, 'Y', null, null, null, null, null, 16.99000, null, null, null, null, null, null, null);
INSERT INTO ops$publ.BLC_SKU(SKU_ID, ACTIVE_END_DATE, ACTIVE_START_DATE, AVAILABLE_FLAG, DESCRIPTION, CONTAINER_SHAPE, DEPTH, DIMENSION_UNIT_OF_MEASURE, GIRTH, HEIGHT, CONTAINER_SIZE, WIDTH, DISCOUNTABLE_FLAG, FULFILLMENT_TYPE, INVENTORY_TYPE, IS_MACHINE_SORTABLE, LONG_DESCRIPTION, NAME, RETAIL_PRICE, SALE_PRICE, TAX_CODE, TAXABLE_FLAG, WEIGHT, WEIGHT_UNIT_OF_MEASURE, CURRENCY_CODE, DEFAULT_PRODUCT_ID) VALUES (200, null, CURRENT_TIMESTAMP, null, null, null, null, null, null, null, null, null, 'Y', null, null, null, 'Women''s Habanero collection standard short sleeve screen-printed tee shirt in soft 30 singles cotton in regular fit.', 'Hawt Like a Habanero Shirt (Women''s)', 14.99000, null, null, 'Y', null, null, null, 200);
INSERT INTO ops$publ.BLC_SKU(SKU_ID, ACTIVE_END_DATE, ACTIVE_START_DATE, AVAILABLE_FLAG, DESCRIPTION, CONTAINER_SHAPE, DEPTH, DIMENSION_UNIT_OF_MEASURE, GIRTH, HEIGHT, CONTAINER_SIZE, WIDTH, DISCOUNTABLE_FLAG, FULFILLMENT_TYPE, INVENTORY_TYPE, IS_MACHINE_SORTABLE, LONG_DESCRIPTION, NAME, RETAIL_PRICE, SALE_PRICE, TAX_CODE, TAXABLE_FLAG, WEIGHT, WEIGHT_UNIT_OF_MEASURE, CURRENCY_CODE, DEFAULT_PRODUCT_ID) VALUES (211, null, null, null, null, null, null, null, null, null, null, null, 'Y', null, null, null, null, null, null, null, null, null, null, null, null, null);
INSERT INTO ops$publ.BLC_SKU(SKU_ID, ACTIVE_END_DATE, ACTIVE_START_DATE, AVAILABLE_FLAG, DESCRIPTION, CONTAINER_SHAPE, DEPTH, DIMENSION_UNIT_OF_MEASURE, GIRTH, HEIGHT, CONTAINER_SIZE, WIDTH, DISCOUNTABLE_FLAG, FULFILLMENT_TYPE, INVENTORY_TYPE, IS_MACHINE_SORTABLE, LONG_DESCRIPTION, NAME, RETAIL_PRICE, SALE_PRICE, TAX_CODE, TAXABLE_FLAG, WEIGHT, WEIGHT_UNIT_OF_MEASURE, CURRENCY_CODE, DEFAULT_PRODUCT_ID) VALUES (212, null, null, null, null, null, null, null, null, null, null, null, 'Y', null, null, null, null, null, null, null, null, null, null, null, null, null);
INSERT INTO ops$publ.BLC_SKU(SKU_ID, ACTIVE_END_DATE, ACTIVE_START_DATE, AVAILABLE_FLAG, DESCRIPTION, CONTAINER_SHAPE, DEPTH, DIMENSION_UNIT_OF_MEASURE, GIRTH, HEIGHT, CONTAINER_SIZE, WIDTH, DISCOUNTABLE_FLAG, FULFILLMENT_TYPE, INVENTORY_TYPE, IS_MACHINE_SORTABLE, LONG_DESCRIPTION, NAME, RETAIL_PRICE, SALE_PRICE, TAX_CODE, TAXABLE_FLAG, WEIGHT, WEIGHT_UNIT_OF_MEASURE, CURRENCY_CODE, DEFAULT_PRODUCT_ID) VALUES (213, null, null, null, null, null, null, null, null, null, null, null, 'Y', null, null, null, null, null, null, null, null, null, null, null, null, null);
INSERT INTO ops$publ.BLC_SKU(SKU_ID, ACTIVE_END_DATE, ACTIVE_START_DATE, AVAILABLE_FLAG, DESCRIPTION, CONTAINER_SHAPE, DEPTH, DIMENSION_UNIT_OF_MEASURE, GIRTH, HEIGHT, CONTAINER_SIZE, WIDTH, DISCOUNTABLE_FLAG, FULFILLMENT_TYPE, INVENTORY_TYPE, IS_MACHINE_SORTABLE, LONG_DESCRIPTION, NAME, RETAIL_PRICE, SALE_PRICE, TAX_CODE, TAXABLE_FLAG, WEIGHT, WEIGHT_UNIT_OF_MEASURE, CURRENCY_CODE, DEFAULT_PRODUCT_ID) VALUES (214, null, null, null, null, null, null, null, null, null, null, null, 'Y', null, null, null, null, null, 16.99000, null, null, null, null, null, null, null);
INSERT INTO ops$publ.BLC_SKU(SKU_ID, ACTIVE_END_DATE, ACTIVE_START_DATE, AVAILABLE_FLAG, DESCRIPTION, CONTAINER_SHAPE, DEPTH, DIMENSION_UNIT_OF_MEASURE, GIRTH, HEIGHT, CONTAINER_SIZE, WIDTH, DISCOUNTABLE_FLAG, FULFILLMENT_TYPE, INVENTORY_TYPE, IS_MACHINE_SORTABLE, LONG_DESCRIPTION, NAME, RETAIL_PRICE, SALE_PRICE, TAX_CODE, TAXABLE_FLAG, WEIGHT, WEIGHT_UNIT_OF_MEASURE, CURRENCY_CODE, DEFAULT_PRODUCT_ID) VALUES (221, null, null, null, null, null, null, null, null, null, null, null, 'Y', null, null, null, null, null, null, null, null, null, null, null, null, null);
INSERT INTO ops$publ.BLC_SKU(SKU_ID, ACTIVE_END_DATE, ACTIVE_START_DATE, AVAILABLE_FLAG, DESCRIPTION, CONTAINER_SHAPE, DEPTH, DIMENSION_UNIT_OF_MEASURE, GIRTH, HEIGHT, CONTAINER_SIZE, WIDTH, DISCOUNTABLE_FLAG, FULFILLMENT_TYPE, INVENTORY_TYPE, IS_MACHINE_SORTABLE, LONG_DESCRIPTION, NAME, RETAIL_PRICE, SALE_PRICE, TAX_CODE, TAXABLE_FLAG, WEIGHT, WEIGHT_UNIT_OF_MEASURE, CURRENCY_CODE, DEFAULT_PRODUCT_ID) VALUES (222, null, null, null, null, null, null, null, null, null, null, null, 'Y', null, null, null, null, null, null, null, null, null, null, null, null, null);
INSERT INTO ops$publ.BLC_SKU(SKU_ID, ACTIVE_END_DATE, ACTIVE_START_DATE, AVAILABLE_FLAG, DESCRIPTION, CONTAINER_SHAPE, DEPTH, DIMENSION_UNIT_OF_MEASURE, GIRTH, HEIGHT, CONTAINER_SIZE, WIDTH, DISCOUNTABLE_FLAG, FULFILLMENT_TYPE, INVENTORY_TYPE, IS_MACHINE_SORTABLE, LONG_DESCRIPTION, NAME, RETAIL_PRICE, SALE_PRICE, TAX_CODE, TAXABLE_FLAG, WEIGHT, WEIGHT_UNIT_OF_MEASURE, CURRENCY_CODE, DEFAULT_PRODUCT_ID) VALUES (223, null, null, null, null, null, null, null, null, null, null, null, 'Y', null, null, null, null, null, null, null, null, null, null, null, null, null);
INSERT INTO ops$publ.BLC_SKU(SKU_ID, ACTIVE_END_DATE, ACTIVE_START_DATE, AVAILABLE_FLAG, DESCRIPTION, CONTAINER_SHAPE, DEPTH, DIMENSION_UNIT_OF_MEASURE, GIRTH, HEIGHT, CONTAINER_SIZE, WIDTH, DISCOUNTABLE_FLAG, FULFILLMENT_TYPE, INVENTORY_TYPE, IS_MACHINE_SORTABLE, LONG_DESCRIPTION, NAME, RETAIL_PRICE, SALE_PRICE, TAX_CODE, TAXABLE_FLAG, WEIGHT, WEIGHT_UNIT_OF_MEASURE, CURRENCY_CODE, DEFAULT_PRODUCT_ID) VALUES (224, null, null, null, null, null, null, null, null, null, null, null, 'Y', null, null, null, null, null, 16.99000, null, null, null, null, null, null, null);
INSERT INTO ops$publ.BLC_SKU(SKU_ID, ACTIVE_END_DATE, ACTIVE_START_DATE, AVAILABLE_FLAG, DESCRIPTION, CONTAINER_SHAPE, DEPTH, DIMENSION_UNIT_OF_MEASURE, GIRTH, HEIGHT, CONTAINER_SIZE, WIDTH, DISCOUNTABLE_FLAG, FULFILLMENT_TYPE, INVENTORY_TYPE, IS_MACHINE_SORTABLE, LONG_DESCRIPTION, NAME, RETAIL_PRICE, SALE_PRICE, TAX_CODE, TAXABLE_FLAG, WEIGHT, WEIGHT_UNIT_OF_MEASURE, CURRENCY_CODE, DEFAULT_PRODUCT_ID) VALUES (231, null, null, null, null, null, null, null, null, null, null, null, 'Y', null, null, null, null, null, null, null, null, null, null, null, null, null);
INSERT INTO ops$publ.BLC_SKU(SKU_ID, ACTIVE_END_DATE, ACTIVE_START_DATE, AVAILABLE_FLAG, DESCRIPTION, CONTAINER_SHAPE, DEPTH, DIMENSION_UNIT_OF_MEASURE, GIRTH, HEIGHT, CONTAINER_SIZE, WIDTH, DISCOUNTABLE_FLAG, FULFILLMENT_TYPE, INVENTORY_TYPE, IS_MACHINE_SORTABLE, LONG_DESCRIPTION, NAME, RETAIL_PRICE, SALE_PRICE, TAX_CODE, TAXABLE_FLAG, WEIGHT, WEIGHT_UNIT_OF_MEASURE, CURRENCY_CODE, DEFAULT_PRODUCT_ID) VALUES (232, null, null, null, null, null, null, null, null, null, null, null, 'Y', null, null, null, null, null, null, null, null, null, null, null, null, null);
INSERT INTO ops$publ.BLC_SKU(SKU_ID, ACTIVE_END_DATE, ACTIVE_START_DATE, AVAILABLE_FLAG, DESCRIPTION, CONTAINER_SHAPE, DEPTH, DIMENSION_UNIT_OF_MEASURE, GIRTH, HEIGHT, CONTAINER_SIZE, WIDTH, DISCOUNTABLE_FLAG, FULFILLMENT_TYPE, INVENTORY_TYPE, IS_MACHINE_SORTABLE, LONG_DESCRIPTION, NAME, RETAIL_PRICE, SALE_PRICE, TAX_CODE, TAXABLE_FLAG, WEIGHT, WEIGHT_UNIT_OF_MEASURE, CURRENCY_CODE, DEFAULT_PRODUCT_ID) VALUES (233, null, null, null, null, null, null, null, null, null, null, null, 'Y', null, null, null, null, null, null, null, null, null, null, null, null, null);
INSERT INTO ops$publ.BLC_SKU(SKU_ID, ACTIVE_END_DATE, ACTIVE_START_DATE, AVAILABLE_FLAG, DESCRIPTION, CONTAINER_SHAPE, DEPTH, DIMENSION_UNIT_OF_MEASURE, GIRTH, HEIGHT, CONTAINER_SIZE, WIDTH, DISCOUNTABLE_FLAG, FULFILLMENT_TYPE, INVENTORY_TYPE, IS_MACHINE_SORTABLE, LONG_DESCRIPTION, NAME, RETAIL_PRICE, SALE_PRICE, TAX_CODE, TAXABLE_FLAG, WEIGHT, WEIGHT_UNIT_OF_MEASURE, CURRENCY_CODE, DEFAULT_PRODUCT_ID) VALUES (234, null, null, null, null, null, null, null, null, null, null, null, 'Y', null, null, null, null, null, 16.99000, null, null, null, null, null, null, null);
INSERT INTO ops$publ.BLC_SKU(SKU_ID, ACTIVE_END_DATE, ACTIVE_START_DATE, AVAILABLE_FLAG, DESCRIPTION, CONTAINER_SHAPE, DEPTH, DIMENSION_UNIT_OF_MEASURE, GIRTH, HEIGHT, CONTAINER_SIZE, WIDTH, DISCOUNTABLE_FLAG, FULFILLMENT_TYPE, INVENTORY_TYPE, IS_MACHINE_SORTABLE, LONG_DESCRIPTION, NAME, RETAIL_PRICE, SALE_PRICE, TAX_CODE, TAXABLE_FLAG, WEIGHT, WEIGHT_UNIT_OF_MEASURE, CURRENCY_CODE, DEFAULT_PRODUCT_ID) VALUES (300, null, CURRENT_TIMESTAMP, null, null, null, null, null, null, null, null, null, 'Y', null, null, null, 'This hand-drawn logo shirt for men features a regular fit in three different colors', 'Heat Clinic Hand-Drawn (Men''s)', 15.99000, null, null, 'Y', null, null, null, 300);
INSERT INTO ops$publ.BLC_SKU(SKU_ID, ACTIVE_END_DATE, ACTIVE_START_DATE, AVAILABLE_FLAG, DESCRIPTION, CONTAINER_SHAPE, DEPTH, DIMENSION_UNIT_OF_MEASURE, GIRTH, HEIGHT, CONTAINER_SIZE, WIDTH, DISCOUNTABLE_FLAG, FULFILLMENT_TYPE, INVENTORY_TYPE, IS_MACHINE_SORTABLE, LONG_DESCRIPTION, NAME, RETAIL_PRICE, SALE_PRICE, TAX_CODE, TAXABLE_FLAG, WEIGHT, WEIGHT_UNIT_OF_MEASURE, CURRENCY_CODE, DEFAULT_PRODUCT_ID) VALUES (311, null, null, null, null, null, null, null, null, null, null, null, 'Y', null, null, null, null, null, null, null, null, null, null, null, null, null);
INSERT INTO ops$publ.BLC_SKU(SKU_ID, ACTIVE_END_DATE, ACTIVE_START_DATE, AVAILABLE_FLAG, DESCRIPTION, CONTAINER_SHAPE, DEPTH, DIMENSION_UNIT_OF_MEASURE, GIRTH, HEIGHT, CONTAINER_SIZE, WIDTH, DISCOUNTABLE_FLAG, FULFILLMENT_TYPE, INVENTORY_TYPE, IS_MACHINE_SORTABLE, LONG_DESCRIPTION, NAME, RETAIL_PRICE, SALE_PRICE, TAX_CODE, TAXABLE_FLAG, WEIGHT, WEIGHT_UNIT_OF_MEASURE, CURRENCY_CODE, DEFAULT_PRODUCT_ID) VALUES (312, null, null, null, null, null, null, null, null, null, null, null, 'Y', null, null, null, null, null, null, null, null, null, null, null, null, null);
INSERT INTO ops$publ.BLC_SKU(SKU_ID, ACTIVE_END_DATE, ACTIVE_START_DATE, AVAILABLE_FLAG, DESCRIPTION, CONTAINER_SHAPE, DEPTH, DIMENSION_UNIT_OF_MEASURE, GIRTH, HEIGHT, CONTAINER_SIZE, WIDTH, DISCOUNTABLE_FLAG, FULFILLMENT_TYPE, INVENTORY_TYPE, IS_MACHINE_SORTABLE, LONG_DESCRIPTION, NAME, RETAIL_PRICE, SALE_PRICE, TAX_CODE, TAXABLE_FLAG, WEIGHT, WEIGHT_UNIT_OF_MEASURE, CURRENCY_CODE, DEFAULT_PRODUCT_ID) VALUES (313, null, null, null, null, null, null, null, null, null, null, null, 'Y', null, null, null, null, null, null, null, null, null, null, null, null, null);
INSERT INTO ops$publ.BLC_SKU(SKU_ID, ACTIVE_END_DATE, ACTIVE_START_DATE, AVAILABLE_FLAG, DESCRIPTION, CONTAINER_SHAPE, DEPTH, DIMENSION_UNIT_OF_MEASURE, GIRTH, HEIGHT, CONTAINER_SIZE, WIDTH, DISCOUNTABLE_FLAG, FULFILLMENT_TYPE, INVENTORY_TYPE, IS_MACHINE_SORTABLE, LONG_DESCRIPTION, NAME, RETAIL_PRICE, SALE_PRICE, TAX_CODE, TAXABLE_FLAG, WEIGHT, WEIGHT_UNIT_OF_MEASURE, CURRENCY_CODE, DEFAULT_PRODUCT_ID) VALUES (314, null, null, null, null, null, null, null, null, null, null, null, 'Y', null, null, null, null, null, 16.99000, null, null, null, null, null, null, null);
INSERT INTO ops$publ.BLC_SKU(SKU_ID, ACTIVE_END_DATE, ACTIVE_START_DATE, AVAILABLE_FLAG, DESCRIPTION, CONTAINER_SHAPE, DEPTH, DIMENSION_UNIT_OF_MEASURE, GIRTH, HEIGHT, CONTAINER_SIZE, WIDTH, DISCOUNTABLE_FLAG, FULFILLMENT_TYPE, INVENTORY_TYPE, IS_MACHINE_SORTABLE, LONG_DESCRIPTION, NAME, RETAIL_PRICE, SALE_PRICE, TAX_CODE, TAXABLE_FLAG, WEIGHT, WEIGHT_UNIT_OF_MEASURE, CURRENCY_CODE, DEFAULT_PRODUCT_ID) VALUES (321, null, null, null, null, null, null, null, null, null, null, null, 'Y', null, null, null, null, null, null, null, null, null, null, null, null, null);
INSERT INTO ops$publ.BLC_SKU(SKU_ID, ACTIVE_END_DATE, ACTIVE_START_DATE, AVAILABLE_FLAG, DESCRIPTION, CONTAINER_SHAPE, DEPTH, DIMENSION_UNIT_OF_MEASURE, GIRTH, HEIGHT, CONTAINER_SIZE, WIDTH, DISCOUNTABLE_FLAG, FULFILLMENT_TYPE, INVENTORY_TYPE, IS_MACHINE_SORTABLE, LONG_DESCRIPTION, NAME, RETAIL_PRICE, SALE_PRICE, TAX_CODE, TAXABLE_FLAG, WEIGHT, WEIGHT_UNIT_OF_MEASURE, CURRENCY_CODE, DEFAULT_PRODUCT_ID) VALUES (322, null, null, null, null, null, null, null, null, null, null, null, 'Y', null, null, null, null, null, null, null, null, null, null, null, null, null);
INSERT INTO ops$publ.BLC_SKU(SKU_ID, ACTIVE_END_DATE, ACTIVE_START_DATE, AVAILABLE_FLAG, DESCRIPTION, CONTAINER_SHAPE, DEPTH, DIMENSION_UNIT_OF_MEASURE, GIRTH, HEIGHT, CONTAINER_SIZE, WIDTH, DISCOUNTABLE_FLAG, FULFILLMENT_TYPE, INVENTORY_TYPE, IS_MACHINE_SORTABLE, LONG_DESCRIPTION, NAME, RETAIL_PRICE, SALE_PRICE, TAX_CODE, TAXABLE_FLAG, WEIGHT, WEIGHT_UNIT_OF_MEASURE, CURRENCY_CODE, DEFAULT_PRODUCT_ID) VALUES (323, null, null, null, null, null, null, null, null, null, null, null, 'Y', null, null, null, null, null, null, null, null, null, null, null, null, null);
INSERT INTO ops$publ.BLC_SKU(SKU_ID, ACTIVE_END_DATE, ACTIVE_START_DATE, AVAILABLE_FLAG, DESCRIPTION, CONTAINER_SHAPE, DEPTH, DIMENSION_UNIT_OF_MEASURE, GIRTH, HEIGHT, CONTAINER_SIZE, WIDTH, DISCOUNTABLE_FLAG, FULFILLMENT_TYPE, INVENTORY_TYPE, IS_MACHINE_SORTABLE, LONG_DESCRIPTION, NAME, RETAIL_PRICE, SALE_PRICE, TAX_CODE, TAXABLE_FLAG, WEIGHT, WEIGHT_UNIT_OF_MEASURE, CURRENCY_CODE, DEFAULT_PRODUCT_ID) VALUES (324, null, null, null, null, null, null, null, null, null, null, null, 'Y', null, null, null, null, null, 16.99000, null, null, null, null, null, null, null);
INSERT INTO ops$publ.BLC_SKU(SKU_ID, ACTIVE_END_DATE, ACTIVE_START_DATE, AVAILABLE_FLAG, DESCRIPTION, CONTAINER_SHAPE, DEPTH, DIMENSION_UNIT_OF_MEASURE, GIRTH, HEIGHT, CONTAINER_SIZE, WIDTH, DISCOUNTABLE_FLAG, FULFILLMENT_TYPE, INVENTORY_TYPE, IS_MACHINE_SORTABLE, LONG_DESCRIPTION, NAME, RETAIL_PRICE, SALE_PRICE, TAX_CODE, TAXABLE_FLAG, WEIGHT, WEIGHT_UNIT_OF_MEASURE, CURRENCY_CODE, DEFAULT_PRODUCT_ID) VALUES (331, null, null, null, null, null, null, null, null, null, null, null, 'Y', null, null, null, null, null, null, null, null, null, null, null, null, null);
INSERT INTO ops$publ.BLC_SKU(SKU_ID, ACTIVE_END_DATE, ACTIVE_START_DATE, AVAILABLE_FLAG, DESCRIPTION, CONTAINER_SHAPE, DEPTH, DIMENSION_UNIT_OF_MEASURE, GIRTH, HEIGHT, CONTAINER_SIZE, WIDTH, DISCOUNTABLE_FLAG, FULFILLMENT_TYPE, INVENTORY_TYPE, IS_MACHINE_SORTABLE, LONG_DESCRIPTION, NAME, RETAIL_PRICE, SALE_PRICE, TAX_CODE, TAXABLE_FLAG, WEIGHT, WEIGHT_UNIT_OF_MEASURE, CURRENCY_CODE, DEFAULT_PRODUCT_ID) VALUES (332, null, null, null, null, null, null, null, null, null, null, null, 'Y', null, null, null, null, null, null, null, null, null, null, null, null, null);
INSERT INTO ops$publ.BLC_SKU(SKU_ID, ACTIVE_END_DATE, ACTIVE_START_DATE, AVAILABLE_FLAG, DESCRIPTION, CONTAINER_SHAPE, DEPTH, DIMENSION_UNIT_OF_MEASURE, GIRTH, HEIGHT, CONTAINER_SIZE, WIDTH, DISCOUNTABLE_FLAG, FULFILLMENT_TYPE, INVENTORY_TYPE, IS_MACHINE_SORTABLE, LONG_DESCRIPTION, NAME, RETAIL_PRICE, SALE_PRICE, TAX_CODE, TAXABLE_FLAG, WEIGHT, WEIGHT_UNIT_OF_MEASURE, CURRENCY_CODE, DEFAULT_PRODUCT_ID) VALUES (333, null, null, null, null, null, null, null, null, null, null, null, 'Y', null, null, null, null, null, null, null, null, null, null, null, null, null);
INSERT INTO ops$publ.BLC_SKU(SKU_ID, ACTIVE_END_DATE, ACTIVE_START_DATE, AVAILABLE_FLAG, DESCRIPTION, CONTAINER_SHAPE, DEPTH, DIMENSION_UNIT_OF_MEASURE, GIRTH, HEIGHT, CONTAINER_SIZE, WIDTH, DISCOUNTABLE_FLAG, FULFILLMENT_TYPE, INVENTORY_TYPE, IS_MACHINE_SORTABLE, LONG_DESCRIPTION, NAME, RETAIL_PRICE, SALE_PRICE, TAX_CODE, TAXABLE_FLAG, WEIGHT, WEIGHT_UNIT_OF_MEASURE, CURRENCY_CODE, DEFAULT_PRODUCT_ID) VALUES (334, null, null, null, null, null, null, null, null, null, null, null, 'Y', null, null, null, null, null, 16.99000, null, null, null, null, null, null, null);
INSERT INTO ops$publ.BLC_SKU(SKU_ID, ACTIVE_END_DATE, ACTIVE_START_DATE, AVAILABLE_FLAG, DESCRIPTION, CONTAINER_SHAPE, DEPTH, DIMENSION_UNIT_OF_MEASURE, GIRTH, HEIGHT, CONTAINER_SIZE, WIDTH, DISCOUNTABLE_FLAG, FULFILLMENT_TYPE, INVENTORY_TYPE, IS_MACHINE_SORTABLE, LONG_DESCRIPTION, NAME, RETAIL_PRICE, SALE_PRICE, TAX_CODE, TAXABLE_FLAG, WEIGHT, WEIGHT_UNIT_OF_MEASURE, CURRENCY_CODE, DEFAULT_PRODUCT_ID) VALUES (400, null, CURRENT_TIMESTAMP, null, null, null, null, null, null, null, null, null, 'Y', null, null, null, 'This hand-drawn logo shirt for women features a regular fit in three different colors', 'Heat Clinic Hand-Drawn (Women''s)', 15.99000, null, null, 'Y', null, null, null, 400);
INSERT INTO ops$publ.BLC_SKU(SKU_ID, ACTIVE_END_DATE, ACTIVE_START_DATE, AVAILABLE_FLAG, DESCRIPTION, CONTAINER_SHAPE, DEPTH, DIMENSION_UNIT_OF_MEASURE, GIRTH, HEIGHT, CONTAINER_SIZE, WIDTH, DISCOUNTABLE_FLAG, FULFILLMENT_TYPE, INVENTORY_TYPE, IS_MACHINE_SORTABLE, LONG_DESCRIPTION, NAME, RETAIL_PRICE, SALE_PRICE, TAX_CODE, TAXABLE_FLAG, WEIGHT, WEIGHT_UNIT_OF_MEASURE, CURRENCY_CODE, DEFAULT_PRODUCT_ID) VALUES (411, null, null, null, null, null, null, null, null, null, null, null, 'Y', null, null, null, null, null, null, null, null, null, null, null, null, null);
INSERT INTO ops$publ.BLC_SKU(SKU_ID, ACTIVE_END_DATE, ACTIVE_START_DATE, AVAILABLE_FLAG, DESCRIPTION, CONTAINER_SHAPE, DEPTH, DIMENSION_UNIT_OF_MEASURE, GIRTH, HEIGHT, CONTAINER_SIZE, WIDTH, DISCOUNTABLE_FLAG, FULFILLMENT_TYPE, INVENTORY_TYPE, IS_MACHINE_SORTABLE, LONG_DESCRIPTION, NAME, RETAIL_PRICE, SALE_PRICE, TAX_CODE, TAXABLE_FLAG, WEIGHT, WEIGHT_UNIT_OF_MEASURE, CURRENCY_CODE, DEFAULT_PRODUCT_ID) VALUES (412, null, null, null, null, null, null, null, null, null, null, null, 'Y', null, null, null, null, null, null, null, null, null, null, null, null, null);
INSERT INTO ops$publ.BLC_SKU(SKU_ID, ACTIVE_END_DATE, ACTIVE_START_DATE, AVAILABLE_FLAG, DESCRIPTION, CONTAINER_SHAPE, DEPTH, DIMENSION_UNIT_OF_MEASURE, GIRTH, HEIGHT, CONTAINER_SIZE, WIDTH, DISCOUNTABLE_FLAG, FULFILLMENT_TYPE, INVENTORY_TYPE, IS_MACHINE_SORTABLE, LONG_DESCRIPTION, NAME, RETAIL_PRICE, SALE_PRICE, TAX_CODE, TAXABLE_FLAG, WEIGHT, WEIGHT_UNIT_OF_MEASURE, CURRENCY_CODE, DEFAULT_PRODUCT_ID) VALUES (413, null, null, null, null, null, null, null, null, null, null, null, 'Y', null, null, null, null, null, null, null, null, null, null, null, null, null);
INSERT INTO ops$publ.BLC_SKU(SKU_ID, ACTIVE_END_DATE, ACTIVE_START_DATE, AVAILABLE_FLAG, DESCRIPTION, CONTAINER_SHAPE, DEPTH, DIMENSION_UNIT_OF_MEASURE, GIRTH, HEIGHT, CONTAINER_SIZE, WIDTH, DISCOUNTABLE_FLAG, FULFILLMENT_TYPE, INVENTORY_TYPE, IS_MACHINE_SORTABLE, LONG_DESCRIPTION, NAME, RETAIL_PRICE, SALE_PRICE, TAX_CODE, TAXABLE_FLAG, WEIGHT, WEIGHT_UNIT_OF_MEASURE, CURRENCY_CODE, DEFAULT_PRODUCT_ID) VALUES (414, null, null, null, null, null, null, null, null, null, null, null, 'Y', null, null, null, null, null, 16.99000, null, null, null, null, null, null, null);
INSERT INTO ops$publ.BLC_SKU(SKU_ID, ACTIVE_END_DATE, ACTIVE_START_DATE, AVAILABLE_FLAG, DESCRIPTION, CONTAINER_SHAPE, DEPTH, DIMENSION_UNIT_OF_MEASURE, GIRTH, HEIGHT, CONTAINER_SIZE, WIDTH, DISCOUNTABLE_FLAG, FULFILLMENT_TYPE, INVENTORY_TYPE, IS_MACHINE_SORTABLE, LONG_DESCRIPTION, NAME, RETAIL_PRICE, SALE_PRICE, TAX_CODE, TAXABLE_FLAG, WEIGHT, WEIGHT_UNIT_OF_MEASURE, CURRENCY_CODE, DEFAULT_PRODUCT_ID) VALUES (421, null, null, null, null, null, null, null, null, null, null, null, 'Y', null, null, null, null, null, null, null, null, null, null, null, null, null);
INSERT INTO ops$publ.BLC_SKU(SKU_ID, ACTIVE_END_DATE, ACTIVE_START_DATE, AVAILABLE_FLAG, DESCRIPTION, CONTAINER_SHAPE, DEPTH, DIMENSION_UNIT_OF_MEASURE, GIRTH, HEIGHT, CONTAINER_SIZE, WIDTH, DISCOUNTABLE_FLAG, FULFILLMENT_TYPE, INVENTORY_TYPE, IS_MACHINE_SORTABLE, LONG_DESCRIPTION, NAME, RETAIL_PRICE, SALE_PRICE, TAX_CODE, TAXABLE_FLAG, WEIGHT, WEIGHT_UNIT_OF_MEASURE, CURRENCY_CODE, DEFAULT_PRODUCT_ID) VALUES (422, null, null, null, null, null, null, null, null, null, null, null, 'Y', null, null, null, null, null, null, null, null, null, null, null, null, null);
INSERT INTO ops$publ.BLC_SKU(SKU_ID, ACTIVE_END_DATE, ACTIVE_START_DATE, AVAILABLE_FLAG, DESCRIPTION, CONTAINER_SHAPE, DEPTH, DIMENSION_UNIT_OF_MEASURE, GIRTH, HEIGHT, CONTAINER_SIZE, WIDTH, DISCOUNTABLE_FLAG, FULFILLMENT_TYPE, INVENTORY_TYPE, IS_MACHINE_SORTABLE, LONG_DESCRIPTION, NAME, RETAIL_PRICE, SALE_PRICE, TAX_CODE, TAXABLE_FLAG, WEIGHT, WEIGHT_UNIT_OF_MEASURE, CURRENCY_CODE, DEFAULT_PRODUCT_ID) VALUES (423, null, null, null, null, null, null, null, null, null, null, null, 'Y', null, null, null, null, null, null, null, null, null, null, null, null, null);
INSERT INTO ops$publ.BLC_SKU(SKU_ID, ACTIVE_END_DATE, ACTIVE_START_DATE, AVAILABLE_FLAG, DESCRIPTION, CONTAINER_SHAPE, DEPTH, DIMENSION_UNIT_OF_MEASURE, GIRTH, HEIGHT, CONTAINER_SIZE, WIDTH, DISCOUNTABLE_FLAG, FULFILLMENT_TYPE, INVENTORY_TYPE, IS_MACHINE_SORTABLE, LONG_DESCRIPTION, NAME, RETAIL_PRICE, SALE_PRICE, TAX_CODE, TAXABLE_FLAG, WEIGHT, WEIGHT_UNIT_OF_MEASURE, CURRENCY_CODE, DEFAULT_PRODUCT_ID) VALUES (424, null, null, null, null, null, null, null, null, null, null, null, 'Y', null, null, null, null, null, 16.99000, null, null, null, null, null, null, null);
INSERT INTO ops$publ.BLC_SKU(SKU_ID, ACTIVE_END_DATE, ACTIVE_START_DATE, AVAILABLE_FLAG, DESCRIPTION, CONTAINER_SHAPE, DEPTH, DIMENSION_UNIT_OF_MEASURE, GIRTH, HEIGHT, CONTAINER_SIZE, WIDTH, DISCOUNTABLE_FLAG, FULFILLMENT_TYPE, INVENTORY_TYPE, IS_MACHINE_SORTABLE, LONG_DESCRIPTION, NAME, RETAIL_PRICE, SALE_PRICE, TAX_CODE, TAXABLE_FLAG, WEIGHT, WEIGHT_UNIT_OF_MEASURE, CURRENCY_CODE, DEFAULT_PRODUCT_ID) VALUES (431, null, null, null, null, null, null, null, null, null, null, null, 'Y', null, null, null, null, null, null, null, null, null, null, null, null, null);
INSERT INTO ops$publ.BLC_SKU(SKU_ID, ACTIVE_END_DATE, ACTIVE_START_DATE, AVAILABLE_FLAG, DESCRIPTION, CONTAINER_SHAPE, DEPTH, DIMENSION_UNIT_OF_MEASURE, GIRTH, HEIGHT, CONTAINER_SIZE, WIDTH, DISCOUNTABLE_FLAG, FULFILLMENT_TYPE, INVENTORY_TYPE, IS_MACHINE_SORTABLE, LONG_DESCRIPTION, NAME, RETAIL_PRICE, SALE_PRICE, TAX_CODE, TAXABLE_FLAG, WEIGHT, WEIGHT_UNIT_OF_MEASURE, CURRENCY_CODE, DEFAULT_PRODUCT_ID) VALUES (432, null, null, null, null, null, null, null, null, null, null, null, 'Y', null, null, null, null, null, null, null, null, null, null, null, null, null);
INSERT INTO ops$publ.BLC_SKU(SKU_ID, ACTIVE_END_DATE, ACTIVE_START_DATE, AVAILABLE_FLAG, DESCRIPTION, CONTAINER_SHAPE, DEPTH, DIMENSION_UNIT_OF_MEASURE, GIRTH, HEIGHT, CONTAINER_SIZE, WIDTH, DISCOUNTABLE_FLAG, FULFILLMENT_TYPE, INVENTORY_TYPE, IS_MACHINE_SORTABLE, LONG_DESCRIPTION, NAME, RETAIL_PRICE, SALE_PRICE, TAX_CODE, TAXABLE_FLAG, WEIGHT, WEIGHT_UNIT_OF_MEASURE, CURRENCY_CODE, DEFAULT_PRODUCT_ID) VALUES (433, null, null, null, null, null, null, null, null, null, null, null, 'Y', null, null, null, null, null, null, null, null, null, null, null, null, null);
INSERT INTO ops$publ.BLC_SKU(SKU_ID, ACTIVE_END_DATE, ACTIVE_START_DATE, AVAILABLE_FLAG, DESCRIPTION, CONTAINER_SHAPE, DEPTH, DIMENSION_UNIT_OF_MEASURE, GIRTH, HEIGHT, CONTAINER_SIZE, WIDTH, DISCOUNTABLE_FLAG, FULFILLMENT_TYPE, INVENTORY_TYPE, IS_MACHINE_SORTABLE, LONG_DESCRIPTION, NAME, RETAIL_PRICE, SALE_PRICE, TAX_CODE, TAXABLE_FLAG, WEIGHT, WEIGHT_UNIT_OF_MEASURE, CURRENCY_CODE, DEFAULT_PRODUCT_ID) VALUES (434, null, null, null, null, null, null, null, null, null, null, null, 'Y', null, null, null, null, null, 16.99000, null, null, null, null, null, null, null);
INSERT INTO ops$publ.BLC_SKU(SKU_ID, ACTIVE_END_DATE, ACTIVE_START_DATE, AVAILABLE_FLAG, DESCRIPTION, CONTAINER_SHAPE, DEPTH, DIMENSION_UNIT_OF_MEASURE, GIRTH, HEIGHT, CONTAINER_SIZE, WIDTH, DISCOUNTABLE_FLAG, FULFILLMENT_TYPE, INVENTORY_TYPE, IS_MACHINE_SORTABLE, LONG_DESCRIPTION, NAME, RETAIL_PRICE, SALE_PRICE, TAX_CODE, TAXABLE_FLAG, WEIGHT, WEIGHT_UNIT_OF_MEASURE, CURRENCY_CODE, DEFAULT_PRODUCT_ID) VALUES (500, null, CURRENT_TIMESTAMP, null, null, null, null, null, null, null, null, null, 'Y', null, null, null, 'Don''t you just love our mascot? Get your very own shirt today!', 'Heat Clinic Mascot (Men''s)', 15.99000, null, null, 'Y', null, null, null, 500);
INSERT INTO ops$publ.BLC_SKU(SKU_ID, ACTIVE_END_DATE, ACTIVE_START_DATE, AVAILABLE_FLAG, DESCRIPTION, CONTAINER_SHAPE, DEPTH, DIMENSION_UNIT_OF_MEASURE, GIRTH, HEIGHT, CONTAINER_SIZE, WIDTH, DISCOUNTABLE_FLAG, FULFILLMENT_TYPE, INVENTORY_TYPE, IS_MACHINE_SORTABLE, LONG_DESCRIPTION, NAME, RETAIL_PRICE, SALE_PRICE, TAX_CODE, TAXABLE_FLAG, WEIGHT, WEIGHT_UNIT_OF_MEASURE, CURRENCY_CODE, DEFAULT_PRODUCT_ID) VALUES (511, null, null, null, null, null, null, null, null, null, null, null, 'Y', null, null, null, null, null, null, null, null, null, null, null, null, null);
INSERT INTO ops$publ.BLC_SKU(SKU_ID, ACTIVE_END_DATE, ACTIVE_START_DATE, AVAILABLE_FLAG, DESCRIPTION, CONTAINER_SHAPE, DEPTH, DIMENSION_UNIT_OF_MEASURE, GIRTH, HEIGHT, CONTAINER_SIZE, WIDTH, DISCOUNTABLE_FLAG, FULFILLMENT_TYPE, INVENTORY_TYPE, IS_MACHINE_SORTABLE, LONG_DESCRIPTION, NAME, RETAIL_PRICE, SALE_PRICE, TAX_CODE, TAXABLE_FLAG, WEIGHT, WEIGHT_UNIT_OF_MEASURE, CURRENCY_CODE, DEFAULT_PRODUCT_ID) VALUES (512, null, null, null, null, null, null, null, null, null, null, null, 'Y', null, null, null, null, null, null, null, null, null, null, null, null, null);
INSERT INTO ops$publ.BLC_SKU(SKU_ID, ACTIVE_END_DATE, ACTIVE_START_DATE, AVAILABLE_FLAG, DESCRIPTION, CONTAINER_SHAPE, DEPTH, DIMENSION_UNIT_OF_MEASURE, GIRTH, HEIGHT, CONTAINER_SIZE, WIDTH, DISCOUNTABLE_FLAG, FULFILLMENT_TYPE, INVENTORY_TYPE, IS_MACHINE_SORTABLE, LONG_DESCRIPTION, NAME, RETAIL_PRICE, SALE_PRICE, TAX_CODE, TAXABLE_FLAG, WEIGHT, WEIGHT_UNIT_OF_MEASURE, CURRENCY_CODE, DEFAULT_PRODUCT_ID) VALUES (513, null, null, null, null, null, null, null, null, null, null, null, 'Y', null, null, null, null, null, null, null, null, null, null, null, null, null);
INSERT INTO ops$publ.BLC_SKU(SKU_ID, ACTIVE_END_DATE, ACTIVE_START_DATE, AVAILABLE_FLAG, DESCRIPTION, CONTAINER_SHAPE, DEPTH, DIMENSION_UNIT_OF_MEASURE, GIRTH, HEIGHT, CONTAINER_SIZE, WIDTH, DISCOUNTABLE_FLAG, FULFILLMENT_TYPE, INVENTORY_TYPE, IS_MACHINE_SORTABLE, LONG_DESCRIPTION, NAME, RETAIL_PRICE, SALE_PRICE, TAX_CODE, TAXABLE_FLAG, WEIGHT, WEIGHT_UNIT_OF_MEASURE, CURRENCY_CODE, DEFAULT_PRODUCT_ID) VALUES (514, null, null, null, null, null, null, null, null, null, null, null, 'Y', null, null, null, null, null, 16.99000, null, null, null, null, null, null, null);
INSERT INTO ops$publ.BLC_SKU(SKU_ID, ACTIVE_END_DATE, ACTIVE_START_DATE, AVAILABLE_FLAG, DESCRIPTION, CONTAINER_SHAPE, DEPTH, DIMENSION_UNIT_OF_MEASURE, GIRTH, HEIGHT, CONTAINER_SIZE, WIDTH, DISCOUNTABLE_FLAG, FULFILLMENT_TYPE, INVENTORY_TYPE, IS_MACHINE_SORTABLE, LONG_DESCRIPTION, NAME, RETAIL_PRICE, SALE_PRICE, TAX_CODE, TAXABLE_FLAG, WEIGHT, WEIGHT_UNIT_OF_MEASURE, CURRENCY_CODE, DEFAULT_PRODUCT_ID) VALUES (521, null, null, null, null, null, null, null, null, null, null, null, 'Y', null, null, null, null, null, null, null, null, null, null, null, null, null);
INSERT INTO ops$publ.BLC_SKU(SKU_ID, ACTIVE_END_DATE, ACTIVE_START_DATE, AVAILABLE_FLAG, DESCRIPTION, CONTAINER_SHAPE, DEPTH, DIMENSION_UNIT_OF_MEASURE, GIRTH, HEIGHT, CONTAINER_SIZE, WIDTH, DISCOUNTABLE_FLAG, FULFILLMENT_TYPE, INVENTORY_TYPE, IS_MACHINE_SORTABLE, LONG_DESCRIPTION, NAME, RETAIL_PRICE, SALE_PRICE, TAX_CODE, TAXABLE_FLAG, WEIGHT, WEIGHT_UNIT_OF_MEASURE, CURRENCY_CODE, DEFAULT_PRODUCT_ID) VALUES (522, null, null, null, null, null, null, null, null, null, null, null, 'Y', null, null, null, null, null, null, null, null, null, null, null, null, null);
INSERT INTO ops$publ.BLC_SKU(SKU_ID, ACTIVE_END_DATE, ACTIVE_START_DATE, AVAILABLE_FLAG, DESCRIPTION, CONTAINER_SHAPE, DEPTH, DIMENSION_UNIT_OF_MEASURE, GIRTH, HEIGHT, CONTAINER_SIZE, WIDTH, DISCOUNTABLE_FLAG, FULFILLMENT_TYPE, INVENTORY_TYPE, IS_MACHINE_SORTABLE, LONG_DESCRIPTION, NAME, RETAIL_PRICE, SALE_PRICE, TAX_CODE, TAXABLE_FLAG, WEIGHT, WEIGHT_UNIT_OF_MEASURE, CURRENCY_CODE, DEFAULT_PRODUCT_ID) VALUES (523, null, null, null, null, null, null, null, null, null, null, null, 'Y', null, null, null, null, null, null, null, null, null, null, null, null, null);
INSERT INTO ops$publ.BLC_SKU(SKU_ID, ACTIVE_END_DATE, ACTIVE_START_DATE, AVAILABLE_FLAG, DESCRIPTION, CONTAINER_SHAPE, DEPTH, DIMENSION_UNIT_OF_MEASURE, GIRTH, HEIGHT, CONTAINER_SIZE, WIDTH, DISCOUNTABLE_FLAG, FULFILLMENT_TYPE, INVENTORY_TYPE, IS_MACHINE_SORTABLE, LONG_DESCRIPTION, NAME, RETAIL_PRICE, SALE_PRICE, TAX_CODE, TAXABLE_FLAG, WEIGHT, WEIGHT_UNIT_OF_MEASURE, CURRENCY_CODE, DEFAULT_PRODUCT_ID) VALUES (524, null, null, null, null, null, null, null, null, null, null, null, 'Y', null, null, null, null, null, 16.99000, null, null, null, null, null, null, null);
INSERT INTO ops$publ.BLC_SKU(SKU_ID, ACTIVE_END_DATE, ACTIVE_START_DATE, AVAILABLE_FLAG, DESCRIPTION, CONTAINER_SHAPE, DEPTH, DIMENSION_UNIT_OF_MEASURE, GIRTH, HEIGHT, CONTAINER_SIZE, WIDTH, DISCOUNTABLE_FLAG, FULFILLMENT_TYPE, INVENTORY_TYPE, IS_MACHINE_SORTABLE, LONG_DESCRIPTION, NAME, RETAIL_PRICE, SALE_PRICE, TAX_CODE, TAXABLE_FLAG, WEIGHT, WEIGHT_UNIT_OF_MEASURE, CURRENCY_CODE, DEFAULT_PRODUCT_ID) VALUES (531, null, null, null, null, null, null, null, null, null, null, null, 'Y', null, null, null, null, null, null, null, null, null, null, null, null, null);
INSERT INTO ops$publ.BLC_SKU(SKU_ID, ACTIVE_END_DATE, ACTIVE_START_DATE, AVAILABLE_FLAG, DESCRIPTION, CONTAINER_SHAPE, DEPTH, DIMENSION_UNIT_OF_MEASURE, GIRTH, HEIGHT, CONTAINER_SIZE, WIDTH, DISCOUNTABLE_FLAG, FULFILLMENT_TYPE, INVENTORY_TYPE, IS_MACHINE_SORTABLE, LONG_DESCRIPTION, NAME, RETAIL_PRICE, SALE_PRICE, TAX_CODE, TAXABLE_FLAG, WEIGHT, WEIGHT_UNIT_OF_MEASURE, CURRENCY_CODE, DEFAULT_PRODUCT_ID) VALUES (532, null, null, null, null, null, null, null, null, null, null, null, 'Y', null, null, null, null, null, null, null, null, null, null, null, null, null);
INSERT INTO ops$publ.BLC_SKU(SKU_ID, ACTIVE_END_DATE, ACTIVE_START_DATE, AVAILABLE_FLAG, DESCRIPTION, CONTAINER_SHAPE, DEPTH, DIMENSION_UNIT_OF_MEASURE, GIRTH, HEIGHT, CONTAINER_SIZE, WIDTH, DISCOUNTABLE_FLAG, FULFILLMENT_TYPE, INVENTORY_TYPE, IS_MACHINE_SORTABLE, LONG_DESCRIPTION, NAME, RETAIL_PRICE, SALE_PRICE, TAX_CODE, TAXABLE_FLAG, WEIGHT, WEIGHT_UNIT_OF_MEASURE, CURRENCY_CODE, DEFAULT_PRODUCT_ID) VALUES (533, null, null, null, null, null, null, null, null, null, null, null, 'Y', null, null, null, null, null, null, null, null, null, null, null, null, null);
INSERT INTO ops$publ.BLC_SKU(SKU_ID, ACTIVE_END_DATE, ACTIVE_START_DATE, AVAILABLE_FLAG, DESCRIPTION, CONTAINER_SHAPE, DEPTH, DIMENSION_UNIT_OF_MEASURE, GIRTH, HEIGHT, CONTAINER_SIZE, WIDTH, DISCOUNTABLE_FLAG, FULFILLMENT_TYPE, INVENTORY_TYPE, IS_MACHINE_SORTABLE, LONG_DESCRIPTION, NAME, RETAIL_PRICE, SALE_PRICE, TAX_CODE, TAXABLE_FLAG, WEIGHT, WEIGHT_UNIT_OF_MEASURE, CURRENCY_CODE, DEFAULT_PRODUCT_ID) VALUES (534, null, null, null, null, null, null, null, null, null, null, null, 'Y', null, null, null, null, null, 16.99000, null, null, null, null, null, null, null);
INSERT INTO ops$publ.BLC_SKU(SKU_ID, ACTIVE_END_DATE, ACTIVE_START_DATE, AVAILABLE_FLAG, DESCRIPTION, CONTAINER_SHAPE, DEPTH, DIMENSION_UNIT_OF_MEASURE, GIRTH, HEIGHT, CONTAINER_SIZE, WIDTH, DISCOUNTABLE_FLAG, FULFILLMENT_TYPE, INVENTORY_TYPE, IS_MACHINE_SORTABLE, LONG_DESCRIPTION, NAME, RETAIL_PRICE, SALE_PRICE, TAX_CODE, TAXABLE_FLAG, WEIGHT, WEIGHT_UNIT_OF_MEASURE, CURRENCY_CODE, DEFAULT_PRODUCT_ID) VALUES (600, null, CURRENT_TIMESTAMP, null, null, null, null, null, null, null, null, null, 'Y', null, null, null, 'Don''t you just love our mascot? Get your very own shirt today!', 'Heat Clinic Mascot (Women''s)', 15.99000, null, null, 'Y', null, null, null, 600);
INSERT INTO ops$publ.BLC_SKU(SKU_ID, ACTIVE_END_DATE, ACTIVE_START_DATE, AVAILABLE_FLAG, DESCRIPTION, CONTAINER_SHAPE, DEPTH, DIMENSION_UNIT_OF_MEASURE, GIRTH, HEIGHT, CONTAINER_SIZE, WIDTH, DISCOUNTABLE_FLAG, FULFILLMENT_TYPE, INVENTORY_TYPE, IS_MACHINE_SORTABLE, LONG_DESCRIPTION, NAME, RETAIL_PRICE, SALE_PRICE, TAX_CODE, TAXABLE_FLAG, WEIGHT, WEIGHT_UNIT_OF_MEASURE, CURRENCY_CODE, DEFAULT_PRODUCT_ID) VALUES (611, null, null, null, null, null, null, null, null, null, null, null, 'Y', null, null, null, null, null, null, null, null, null, null, null, null, null);
INSERT INTO ops$publ.BLC_SKU(SKU_ID, ACTIVE_END_DATE, ACTIVE_START_DATE, AVAILABLE_FLAG, DESCRIPTION, CONTAINER_SHAPE, DEPTH, DIMENSION_UNIT_OF_MEASURE, GIRTH, HEIGHT, CONTAINER_SIZE, WIDTH, DISCOUNTABLE_FLAG, FULFILLMENT_TYPE, INVENTORY_TYPE, IS_MACHINE_SORTABLE, LONG_DESCRIPTION, NAME, RETAIL_PRICE, SALE_PRICE, TAX_CODE, TAXABLE_FLAG, WEIGHT, WEIGHT_UNIT_OF_MEASURE, CURRENCY_CODE, DEFAULT_PRODUCT_ID) VALUES (612, null, null, null, null, null, null, null, null, null, null, null, 'Y', null, null, null, null, null, null, null, null, null, null, null, null, null);
INSERT INTO ops$publ.BLC_SKU(SKU_ID, ACTIVE_END_DATE, ACTIVE_START_DATE, AVAILABLE_FLAG, DESCRIPTION, CONTAINER_SHAPE, DEPTH, DIMENSION_UNIT_OF_MEASURE, GIRTH, HEIGHT, CONTAINER_SIZE, WIDTH, DISCOUNTABLE_FLAG, FULFILLMENT_TYPE, INVENTORY_TYPE, IS_MACHINE_SORTABLE, LONG_DESCRIPTION, NAME, RETAIL_PRICE, SALE_PRICE, TAX_CODE, TAXABLE_FLAG, WEIGHT, WEIGHT_UNIT_OF_MEASURE, CURRENCY_CODE, DEFAULT_PRODUCT_ID) VALUES (613, null, null, null, null, null, null, null, null, null, null, null, 'Y', null, null, null, null, null, null, null, null, null, null, null, null, null);
INSERT INTO ops$publ.BLC_SKU(SKU_ID, ACTIVE_END_DATE, ACTIVE_START_DATE, AVAILABLE_FLAG, DESCRIPTION, CONTAINER_SHAPE, DEPTH, DIMENSION_UNIT_OF_MEASURE, GIRTH, HEIGHT, CONTAINER_SIZE, WIDTH, DISCOUNTABLE_FLAG, FULFILLMENT_TYPE, INVENTORY_TYPE, IS_MACHINE_SORTABLE, LONG_DESCRIPTION, NAME, RETAIL_PRICE, SALE_PRICE, TAX_CODE, TAXABLE_FLAG, WEIGHT, WEIGHT_UNIT_OF_MEASURE, CURRENCY_CODE, DEFAULT_PRODUCT_ID) VALUES (614, null, null, null, null, null, null, null, null, null, null, null, 'Y', null, null, null, null, null, 16.99000, null, null, null, null, null, null, null);
INSERT INTO ops$publ.BLC_SKU(SKU_ID, ACTIVE_END_DATE, ACTIVE_START_DATE, AVAILABLE_FLAG, DESCRIPTION, CONTAINER_SHAPE, DEPTH, DIMENSION_UNIT_OF_MEASURE, GIRTH, HEIGHT, CONTAINER_SIZE, WIDTH, DISCOUNTABLE_FLAG, FULFILLMENT_TYPE, INVENTORY_TYPE, IS_MACHINE_SORTABLE, LONG_DESCRIPTION, NAME, RETAIL_PRICE, SALE_PRICE, TAX_CODE, TAXABLE_FLAG, WEIGHT, WEIGHT_UNIT_OF_MEASURE, CURRENCY_CODE, DEFAULT_PRODUCT_ID) VALUES (621, null, null, null, null, null, null, null, null, null, null, null, 'Y', null, null, null, null, null, null, null, null, null, null, null, null, null);
INSERT INTO ops$publ.BLC_SKU(SKU_ID, ACTIVE_END_DATE, ACTIVE_START_DATE, AVAILABLE_FLAG, DESCRIPTION, CONTAINER_SHAPE, DEPTH, DIMENSION_UNIT_OF_MEASURE, GIRTH, HEIGHT, CONTAINER_SIZE, WIDTH, DISCOUNTABLE_FLAG, FULFILLMENT_TYPE, INVENTORY_TYPE, IS_MACHINE_SORTABLE, LONG_DESCRIPTION, NAME, RETAIL_PRICE, SALE_PRICE, TAX_CODE, TAXABLE_FLAG, WEIGHT, WEIGHT_UNIT_OF_MEASURE, CURRENCY_CODE, DEFAULT_PRODUCT_ID) VALUES (622, null, null, null, null, null, null, null, null, null, null, null, 'Y', null, null, null, null, null, null, null, null, null, null, null, null, null);
INSERT INTO ops$publ.BLC_SKU(SKU_ID, ACTIVE_END_DATE, ACTIVE_START_DATE, AVAILABLE_FLAG, DESCRIPTION, CONTAINER_SHAPE, DEPTH, DIMENSION_UNIT_OF_MEASURE, GIRTH, HEIGHT, CONTAINER_SIZE, WIDTH, DISCOUNTABLE_FLAG, FULFILLMENT_TYPE, INVENTORY_TYPE, IS_MACHINE_SORTABLE, LONG_DESCRIPTION, NAME, RETAIL_PRICE, SALE_PRICE, TAX_CODE, TAXABLE_FLAG, WEIGHT, WEIGHT_UNIT_OF_MEASURE, CURRENCY_CODE, DEFAULT_PRODUCT_ID) VALUES (623, null, null, null, null, null, null, null, null, null, null, null, 'Y', null, null, null, null, null, null, null, null, null, null, null, null, null);
INSERT INTO ops$publ.BLC_SKU(SKU_ID, ACTIVE_END_DATE, ACTIVE_START_DATE, AVAILABLE_FLAG, DESCRIPTION, CONTAINER_SHAPE, DEPTH, DIMENSION_UNIT_OF_MEASURE, GIRTH, HEIGHT, CONTAINER_SIZE, WIDTH, DISCOUNTABLE_FLAG, FULFILLMENT_TYPE, INVENTORY_TYPE, IS_MACHINE_SORTABLE, LONG_DESCRIPTION, NAME, RETAIL_PRICE, SALE_PRICE, TAX_CODE, TAXABLE_FLAG, WEIGHT, WEIGHT_UNIT_OF_MEASURE, CURRENCY_CODE, DEFAULT_PRODUCT_ID) VALUES (624, null, null, null, null, null, null, null, null, null, null, null, 'Y', null, null, null, null, null, 16.99000, null, null, null, null, null, null, null);
INSERT INTO ops$publ.BLC_SKU(SKU_ID, ACTIVE_END_DATE, ACTIVE_START_DATE, AVAILABLE_FLAG, DESCRIPTION, CONTAINER_SHAPE, DEPTH, DIMENSION_UNIT_OF_MEASURE, GIRTH, HEIGHT, CONTAINER_SIZE, WIDTH, DISCOUNTABLE_FLAG, FULFILLMENT_TYPE, INVENTORY_TYPE, IS_MACHINE_SORTABLE, LONG_DESCRIPTION, NAME, RETAIL_PRICE, SALE_PRICE, TAX_CODE, TAXABLE_FLAG, WEIGHT, WEIGHT_UNIT_OF_MEASURE, CURRENCY_CODE, DEFAULT_PRODUCT_ID) VALUES (631, null, null, null, null, null, null, null, null, null, null, null, 'Y', null, null, null, null, null, null, null, null, null, null, null, null, null);
INSERT INTO ops$publ.BLC_SKU(SKU_ID, ACTIVE_END_DATE, ACTIVE_START_DATE, AVAILABLE_FLAG, DESCRIPTION, CONTAINER_SHAPE, DEPTH, DIMENSION_UNIT_OF_MEASURE, GIRTH, HEIGHT, CONTAINER_SIZE, WIDTH, DISCOUNTABLE_FLAG, FULFILLMENT_TYPE, INVENTORY_TYPE, IS_MACHINE_SORTABLE, LONG_DESCRIPTION, NAME, RETAIL_PRICE, SALE_PRICE, TAX_CODE, TAXABLE_FLAG, WEIGHT, WEIGHT_UNIT_OF_MEASURE, CURRENCY_CODE, DEFAULT_PRODUCT_ID) VALUES (632, null, null, null, null, null, null, null, null, null, null, null, 'Y', null, null, null, null, null, null, null, null, null, null, null, null, null);
INSERT INTO ops$publ.BLC_SKU(SKU_ID, ACTIVE_END_DATE, ACTIVE_START_DATE, AVAILABLE_FLAG, DESCRIPTION, CONTAINER_SHAPE, DEPTH, DIMENSION_UNIT_OF_MEASURE, GIRTH, HEIGHT, CONTAINER_SIZE, WIDTH, DISCOUNTABLE_FLAG, FULFILLMENT_TYPE, INVENTORY_TYPE, IS_MACHINE_SORTABLE, LONG_DESCRIPTION, NAME, RETAIL_PRICE, SALE_PRICE, TAX_CODE, TAXABLE_FLAG, WEIGHT, WEIGHT_UNIT_OF_MEASURE, CURRENCY_CODE, DEFAULT_PRODUCT_ID) VALUES (633, null, null, null, null, null, null, null, null, null, null, null, 'Y', null, null, null, null, null, null, null, null, null, null, null, null, null);
INSERT INTO ops$publ.BLC_SKU(SKU_ID, ACTIVE_END_DATE, ACTIVE_START_DATE, AVAILABLE_FLAG, DESCRIPTION, CONTAINER_SHAPE, DEPTH, DIMENSION_UNIT_OF_MEASURE, GIRTH, HEIGHT, CONTAINER_SIZE, WIDTH, DISCOUNTABLE_FLAG, FULFILLMENT_TYPE, INVENTORY_TYPE, IS_MACHINE_SORTABLE, LONG_DESCRIPTION, NAME, RETAIL_PRICE, SALE_PRICE, TAX_CODE, TAXABLE_FLAG, WEIGHT, WEIGHT_UNIT_OF_MEASURE, CURRENCY_CODE, DEFAULT_PRODUCT_ID) VALUES (634, null, null, null, null, null, null, null, null, null, null, null, 'Y', null, null, null, null, null, 16.99000, null, null, null, null, null, null, null);
INSERT INTO ops$publ.BLC_SKU(SKU_ID, ACTIVE_END_DATE, ACTIVE_START_DATE, AVAILABLE_FLAG, DESCRIPTION, CONTAINER_SHAPE, DEPTH, DIMENSION_UNIT_OF_MEASURE, GIRTH, HEIGHT, CONTAINER_SIZE, WIDTH, DISCOUNTABLE_FLAG, FULFILLMENT_TYPE, INVENTORY_TYPE, IS_MACHINE_SORTABLE, LONG_DESCRIPTION, NAME, RETAIL_PRICE, SALE_PRICE, TAX_CODE, TAXABLE_FLAG, WEIGHT, WEIGHT_UNIT_OF_MEASURE, CURRENCY_CODE, DEFAULT_PRODUCT_ID) VALUES (9992, TO_TIMESTAMP('2099-04-05 00:00:00.000000','YYYY-MM-DD HH24:MI:SS.FF'), TO_TIMESTAMP('2001-02-24 00:00:00.000000','YYYY-MM-DD HH24:MI:SS.FF'), null, null, null, null, null, null, null, null, null, null, null, null, 1, null, 'bundle1', 13.00000, 3.00000, null, null, null, null, null, 992);
INSERT INTO ops$publ.BLC_SKU(SKU_ID, ACTIVE_END_DATE, ACTIVE_START_DATE, AVAILABLE_FLAG, DESCRIPTION, CONTAINER_SHAPE, DEPTH, DIMENSION_UNIT_OF_MEASURE, GIRTH, HEIGHT, CONTAINER_SIZE, WIDTH, DISCOUNTABLE_FLAG, FULFILLMENT_TYPE, INVENTORY_TYPE, IS_MACHINE_SORTABLE, LONG_DESCRIPTION, NAME, RETAIL_PRICE, SALE_PRICE, TAX_CODE, TAXABLE_FLAG, WEIGHT, WEIGHT_UNIT_OF_MEASURE, CURRENCY_CODE, DEFAULT_PRODUCT_ID) VALUES (9993, TO_TIMESTAMP('2099-01-06 00:00:00.000000','YYYY-MM-DD HH24:MI:SS.FF'), TO_TIMESTAMP('2001-02-24 00:00:00.000000','YYYY-MM-DD HH24:MI:SS.FF'), null, null, null, null, null, null, null, null, null, null, null, null, 1, null, 'bundle2', 12.00000, 2.00000, null, null, null, null, null, 993);
INSERT INTO ops$publ.BLC_SKU_BUNDLE_ITEM(SKU_BUNDLE_ITEM_ID, ITEM_SALE_PRICE, QUANTITY, PRODUCT_BUNDLE_ID, SKU_ID) VALUES (92, null, 1, 992, 1);
INSERT INTO ops$publ.BLC_SKU_BUNDLE_ITEM(SKU_BUNDLE_ITEM_ID, ITEM_SALE_PRICE, QUANTITY, PRODUCT_BUNDLE_ID, SKU_ID) VALUES (93, null, 1, 992, 2);
INSERT INTO ops$publ.BLC_SKU_BUNDLE_ITEM(SKU_BUNDLE_ITEM_ID, ITEM_SALE_PRICE, QUANTITY, PRODUCT_BUNDLE_ID, SKU_ID) VALUES (94, null, 1, 993, 1);
INSERT INTO ops$publ.BLC_SKU_BUNDLE_ITEM(SKU_BUNDLE_ITEM_ID, ITEM_SALE_PRICE, QUANTITY, PRODUCT_BUNDLE_ID, SKU_ID) VALUES (95, null, 1, 993, 2);
INSERT INTO ops$publ.BLC_SKU_MEDIA_MAP(BLC_SKU_SKU_ID, MEDIA_ID, MAP_KEY) VALUES (1, 102, 'alt1');
INSERT INTO ops$publ.BLC_SKU_MEDIA_MAP(BLC_SKU_SKU_ID, MEDIA_ID, MAP_KEY) VALUES (1, 101, 'primary');
INSERT INTO ops$publ.BLC_SKU_MEDIA_MAP(BLC_SKU_SKU_ID, MEDIA_ID, MAP_KEY) VALUES (2, 202, 'alt1');
INSERT INTO ops$publ.BLC_SKU_MEDIA_MAP(BLC_SKU_SKU_ID, MEDIA_ID, MAP_KEY) VALUES (2, 203, 'alt2');
INSERT INTO ops$publ.BLC_SKU_MEDIA_MAP(BLC_SKU_SKU_ID, MEDIA_ID, MAP_KEY) VALUES (2, 204, 'alt3');
INSERT INTO ops$publ.BLC_SKU_MEDIA_MAP(BLC_SKU_SKU_ID, MEDIA_ID, MAP_KEY) VALUES (2, 205, 'alt4');
INSERT INTO ops$publ.BLC_SKU_MEDIA_MAP(BLC_SKU_SKU_ID, MEDIA_ID, MAP_KEY) VALUES (2, 206, 'alt5');
INSERT INTO ops$publ.BLC_SKU_MEDIA_MAP(BLC_SKU_SKU_ID, MEDIA_ID, MAP_KEY) VALUES (2, 201, 'primary');
INSERT INTO ops$publ.BLC_SKU_MEDIA_MAP(BLC_SKU_SKU_ID, MEDIA_ID, MAP_KEY) VALUES (3, 302, 'alt1');
INSERT INTO ops$publ.BLC_SKU_MEDIA_MAP(BLC_SKU_SKU_ID, MEDIA_ID, MAP_KEY) VALUES (3, 301, 'primary');
INSERT INTO ops$publ.BLC_SKU_MEDIA_MAP(BLC_SKU_SKU_ID, MEDIA_ID, MAP_KEY) VALUES (4, 402, 'alt1');
INSERT INTO ops$publ.BLC_SKU_MEDIA_MAP(BLC_SKU_SKU_ID, MEDIA_ID, MAP_KEY) VALUES (4, 401, 'primary');
INSERT INTO ops$publ.BLC_SKU_MEDIA_MAP(BLC_SKU_SKU_ID, MEDIA_ID, MAP_KEY) VALUES (5, 502, 'alt1');
INSERT INTO ops$publ.BLC_SKU_MEDIA_MAP(BLC_SKU_SKU_ID, MEDIA_ID, MAP_KEY) VALUES (5, 501, 'primary');
INSERT INTO ops$publ.BLC_SKU_MEDIA_MAP(BLC_SKU_SKU_ID, MEDIA_ID, MAP_KEY) VALUES (6, 602, 'alt1');
INSERT INTO ops$publ.BLC_SKU_MEDIA_MAP(BLC_SKU_SKU_ID, MEDIA_ID, MAP_KEY) VALUES (6, 601, 'primary');
INSERT INTO ops$publ.BLC_SKU_MEDIA_MAP(BLC_SKU_SKU_ID, MEDIA_ID, MAP_KEY) VALUES (7, 702, 'alt1');
INSERT INTO ops$publ.BLC_SKU_MEDIA_MAP(BLC_SKU_SKU_ID, MEDIA_ID, MAP_KEY) VALUES (7, 701, 'primary');
INSERT INTO ops$publ.BLC_SKU_MEDIA_MAP(BLC_SKU_SKU_ID, MEDIA_ID, MAP_KEY) VALUES (8, 802, 'alt1');
INSERT INTO ops$publ.BLC_SKU_MEDIA_MAP(BLC_SKU_SKU_ID, MEDIA_ID, MAP_KEY) VALUES (8, 801, 'primary');
INSERT INTO ops$publ.BLC_SKU_MEDIA_MAP(BLC_SKU_SKU_ID, MEDIA_ID, MAP_KEY) VALUES (9, 902, 'alt1');
INSERT INTO ops$publ.BLC_SKU_MEDIA_MAP(BLC_SKU_SKU_ID, MEDIA_ID, MAP_KEY) VALUES (9, 901, 'primary');
INSERT INTO ops$publ.BLC_SKU_MEDIA_MAP(BLC_SKU_SKU_ID, MEDIA_ID, MAP_KEY) VALUES (10, 1002, 'alt1');
INSERT INTO ops$publ.BLC_SKU_MEDIA_MAP(BLC_SKU_SKU_ID, MEDIA_ID, MAP_KEY) VALUES (10, 1001, 'primary');
INSERT INTO ops$publ.BLC_SKU_MEDIA_MAP(BLC_SKU_SKU_ID, MEDIA_ID, MAP_KEY) VALUES (11, 1102, 'alt1');
INSERT INTO ops$publ.BLC_SKU_MEDIA_MAP(BLC_SKU_SKU_ID, MEDIA_ID, MAP_KEY) VALUES (11, 1101, 'primary');
INSERT INTO ops$publ.BLC_SKU_MEDIA_MAP(BLC_SKU_SKU_ID, MEDIA_ID, MAP_KEY) VALUES (12, 1202, 'alt1');
INSERT INTO ops$publ.BLC_SKU_MEDIA_MAP(BLC_SKU_SKU_ID, MEDIA_ID, MAP_KEY) VALUES (12, 1201, 'primary');
INSERT INTO ops$publ.BLC_SKU_MEDIA_MAP(BLC_SKU_SKU_ID, MEDIA_ID, MAP_KEY) VALUES (13, 1302, 'alt1');
INSERT INTO ops$publ.BLC_SKU_MEDIA_MAP(BLC_SKU_SKU_ID, MEDIA_ID, MAP_KEY) VALUES (13, 1301, 'primary');
INSERT INTO ops$publ.BLC_SKU_MEDIA_MAP(BLC_SKU_SKU_ID, MEDIA_ID, MAP_KEY) VALUES (14, 1402, 'alt1');
INSERT INTO ops$publ.BLC_SKU_MEDIA_MAP(BLC_SKU_SKU_ID, MEDIA_ID, MAP_KEY) VALUES (14, 1401, 'primary');
INSERT INTO ops$publ.BLC_SKU_MEDIA_MAP(BLC_SKU_SKU_ID, MEDIA_ID, MAP_KEY) VALUES (15, 1502, 'alt1');
INSERT INTO ops$publ.BLC_SKU_MEDIA_MAP(BLC_SKU_SKU_ID, MEDIA_ID, MAP_KEY) VALUES (15, 1501, 'primary');
INSERT INTO ops$publ.BLC_SKU_MEDIA_MAP(BLC_SKU_SKU_ID, MEDIA_ID, MAP_KEY) VALUES (16, 1602, 'alt1');
INSERT INTO ops$publ.BLC_SKU_MEDIA_MAP(BLC_SKU_SKU_ID, MEDIA_ID, MAP_KEY) VALUES (16, 1601, 'primary');
INSERT INTO ops$publ.BLC_SKU_MEDIA_MAP(BLC_SKU_SKU_ID, MEDIA_ID, MAP_KEY) VALUES (17, 1702, 'alt1');
INSERT INTO ops$publ.BLC_SKU_MEDIA_MAP(BLC_SKU_SKU_ID, MEDIA_ID, MAP_KEY) VALUES (17, 1701, 'primary');
INSERT INTO ops$publ.BLC_SKU_MEDIA_MAP(BLC_SKU_SKU_ID, MEDIA_ID, MAP_KEY) VALUES (18, 1802, 'alt1');
INSERT INTO ops$publ.BLC_SKU_MEDIA_MAP(BLC_SKU_SKU_ID, MEDIA_ID, MAP_KEY) VALUES (18, 1801, 'primary');
INSERT INTO ops$publ.BLC_SKU_MEDIA_MAP(BLC_SKU_SKU_ID, MEDIA_ID, MAP_KEY) VALUES (19, 1902, 'alt1');
INSERT INTO ops$publ.BLC_SKU_MEDIA_MAP(BLC_SKU_SKU_ID, MEDIA_ID, MAP_KEY) VALUES (19, 1901, 'primary');
INSERT INTO ops$publ.BLC_SKU_MEDIA_MAP(BLC_SKU_SKU_ID, MEDIA_ID, MAP_KEY) VALUES (100, 10002, 'alt1');
INSERT INTO ops$publ.BLC_SKU_MEDIA_MAP(BLC_SKU_SKU_ID, MEDIA_ID, MAP_KEY) VALUES (100, 10003, 'alt2');
INSERT INTO ops$publ.BLC_SKU_MEDIA_MAP(BLC_SKU_SKU_ID, MEDIA_ID, MAP_KEY) VALUES (100, 10001, 'primary');
INSERT INTO ops$publ.BLC_SKU_MEDIA_MAP(BLC_SKU_SKU_ID, MEDIA_ID, MAP_KEY) VALUES (200, 20001, 'alt1');
INSERT INTO ops$publ.BLC_SKU_MEDIA_MAP(BLC_SKU_SKU_ID, MEDIA_ID, MAP_KEY) VALUES (200, 20003, 'alt2');
INSERT INTO ops$publ.BLC_SKU_MEDIA_MAP(BLC_SKU_SKU_ID, MEDIA_ID, MAP_KEY) VALUES (200, 20002, 'primary');
INSERT INTO ops$publ.BLC_SKU_MEDIA_MAP(BLC_SKU_SKU_ID, MEDIA_ID, MAP_KEY) VALUES (300, 30001, 'alt1');
INSERT INTO ops$publ.BLC_SKU_MEDIA_MAP(BLC_SKU_SKU_ID, MEDIA_ID, MAP_KEY) VALUES (300, 30002, 'alt2');
INSERT INTO ops$publ.BLC_SKU_MEDIA_MAP(BLC_SKU_SKU_ID, MEDIA_ID, MAP_KEY) VALUES (300, 30003, 'primary');
INSERT INTO ops$publ.BLC_SKU_MEDIA_MAP(BLC_SKU_SKU_ID, MEDIA_ID, MAP_KEY) VALUES (400, 40001, 'alt1');
INSERT INTO ops$publ.BLC_SKU_MEDIA_MAP(BLC_SKU_SKU_ID, MEDIA_ID, MAP_KEY) VALUES (400, 40003, 'alt2');
INSERT INTO ops$publ.BLC_SKU_MEDIA_MAP(BLC_SKU_SKU_ID, MEDIA_ID, MAP_KEY) VALUES (400, 40002, 'primary');
INSERT INTO ops$publ.BLC_SKU_MEDIA_MAP(BLC_SKU_SKU_ID, MEDIA_ID, MAP_KEY) VALUES (500, 50001, 'alt1');
INSERT INTO ops$publ.BLC_SKU_MEDIA_MAP(BLC_SKU_SKU_ID, MEDIA_ID, MAP_KEY) VALUES (500, 50002, 'alt2');
INSERT INTO ops$publ.BLC_SKU_MEDIA_MAP(BLC_SKU_SKU_ID, MEDIA_ID, MAP_KEY) VALUES (500, 50003, 'primary');
INSERT INTO ops$publ.BLC_SKU_MEDIA_MAP(BLC_SKU_SKU_ID, MEDIA_ID, MAP_KEY) VALUES (600, 60002, 'alt1');
INSERT INTO ops$publ.BLC_SKU_MEDIA_MAP(BLC_SKU_SKU_ID, MEDIA_ID, MAP_KEY) VALUES (600, 60003, 'alt2');
INSERT INTO ops$publ.BLC_SKU_MEDIA_MAP(BLC_SKU_SKU_ID, MEDIA_ID, MAP_KEY) VALUES (600, 60001, 'primary');
INSERT INTO ops$publ.BLC_SKU_OPTION_VALUE_XREF(SKU_ID, PRODUCT_OPTION_VALUE_ID) VALUES (111, 1);
INSERT INTO ops$publ.BLC_SKU_OPTION_VALUE_XREF(SKU_ID, PRODUCT_OPTION_VALUE_ID) VALUES (111, 11);
INSERT INTO ops$publ.BLC_SKU_OPTION_VALUE_XREF(SKU_ID, PRODUCT_OPTION_VALUE_ID) VALUES (112, 1);
INSERT INTO ops$publ.BLC_SKU_OPTION_VALUE_XREF(SKU_ID, PRODUCT_OPTION_VALUE_ID) VALUES (112, 12);
INSERT INTO ops$publ.BLC_SKU_OPTION_VALUE_XREF(SKU_ID, PRODUCT_OPTION_VALUE_ID) VALUES (113, 1);
INSERT INTO ops$publ.BLC_SKU_OPTION_VALUE_XREF(SKU_ID, PRODUCT_OPTION_VALUE_ID) VALUES (113, 13);
INSERT INTO ops$publ.BLC_SKU_OPTION_VALUE_XREF(SKU_ID, PRODUCT_OPTION_VALUE_ID) VALUES (114, 1);
INSERT INTO ops$publ.BLC_SKU_OPTION_VALUE_XREF(SKU_ID, PRODUCT_OPTION_VALUE_ID) VALUES (114, 14);
INSERT INTO ops$publ.BLC_SKU_OPTION_VALUE_XREF(SKU_ID, PRODUCT_OPTION_VALUE_ID) VALUES (121, 2);
INSERT INTO ops$publ.BLC_SKU_OPTION_VALUE_XREF(SKU_ID, PRODUCT_OPTION_VALUE_ID) VALUES (121, 11);
INSERT INTO ops$publ.BLC_SKU_OPTION_VALUE_XREF(SKU_ID, PRODUCT_OPTION_VALUE_ID) VALUES (122, 2);
INSERT INTO ops$publ.BLC_SKU_OPTION_VALUE_XREF(SKU_ID, PRODUCT_OPTION_VALUE_ID) VALUES (122, 12);
INSERT INTO ops$publ.BLC_SKU_OPTION_VALUE_XREF(SKU_ID, PRODUCT_OPTION_VALUE_ID) VALUES (123, 2);
INSERT INTO ops$publ.BLC_SKU_OPTION_VALUE_XREF(SKU_ID, PRODUCT_OPTION_VALUE_ID) VALUES (123, 13);
INSERT INTO ops$publ.BLC_SKU_OPTION_VALUE_XREF(SKU_ID, PRODUCT_OPTION_VALUE_ID) VALUES (124, 2);
INSERT INTO ops$publ.BLC_SKU_OPTION_VALUE_XREF(SKU_ID, PRODUCT_OPTION_VALUE_ID) VALUES (124, 14);
INSERT INTO ops$publ.BLC_SKU_OPTION_VALUE_XREF(SKU_ID, PRODUCT_OPTION_VALUE_ID) VALUES (131, 3);
INSERT INTO ops$publ.BLC_SKU_OPTION_VALUE_XREF(SKU_ID, PRODUCT_OPTION_VALUE_ID) VALUES (131, 11);
INSERT INTO ops$publ.BLC_SKU_OPTION_VALUE_XREF(SKU_ID, PRODUCT_OPTION_VALUE_ID) VALUES (132, 3);
INSERT INTO ops$publ.BLC_SKU_OPTION_VALUE_XREF(SKU_ID, PRODUCT_OPTION_VALUE_ID) VALUES (132, 12);
INSERT INTO ops$publ.BLC_SKU_OPTION_VALUE_XREF(SKU_ID, PRODUCT_OPTION_VALUE_ID) VALUES (133, 3);
INSERT INTO ops$publ.BLC_SKU_OPTION_VALUE_XREF(SKU_ID, PRODUCT_OPTION_VALUE_ID) VALUES (133, 13);
INSERT INTO ops$publ.BLC_SKU_OPTION_VALUE_XREF(SKU_ID, PRODUCT_OPTION_VALUE_ID) VALUES (134, 3);
INSERT INTO ops$publ.BLC_SKU_OPTION_VALUE_XREF(SKU_ID, PRODUCT_OPTION_VALUE_ID) VALUES (134, 14);
INSERT INTO ops$publ.BLC_SKU_OPTION_VALUE_XREF(SKU_ID, PRODUCT_OPTION_VALUE_ID) VALUES (211, 1);
INSERT INTO ops$publ.BLC_SKU_OPTION_VALUE_XREF(SKU_ID, PRODUCT_OPTION_VALUE_ID) VALUES (211, 11);
INSERT INTO ops$publ.BLC_SKU_OPTION_VALUE_XREF(SKU_ID, PRODUCT_OPTION_VALUE_ID) VALUES (212, 1);
INSERT INTO ops$publ.BLC_SKU_OPTION_VALUE_XREF(SKU_ID, PRODUCT_OPTION_VALUE_ID) VALUES (212, 12);
INSERT INTO ops$publ.BLC_SKU_OPTION_VALUE_XREF(SKU_ID, PRODUCT_OPTION_VALUE_ID) VALUES (213, 1);
INSERT INTO ops$publ.BLC_SKU_OPTION_VALUE_XREF(SKU_ID, PRODUCT_OPTION_VALUE_ID) VALUES (213, 13);
INSERT INTO ops$publ.BLC_SKU_OPTION_VALUE_XREF(SKU_ID, PRODUCT_OPTION_VALUE_ID) VALUES (214, 1);
INSERT INTO ops$publ.BLC_SKU_OPTION_VALUE_XREF(SKU_ID, PRODUCT_OPTION_VALUE_ID) VALUES (214, 14);
INSERT INTO ops$publ.BLC_SKU_OPTION_VALUE_XREF(SKU_ID, PRODUCT_OPTION_VALUE_ID) VALUES (221, 2);
INSERT INTO ops$publ.BLC_SKU_OPTION_VALUE_XREF(SKU_ID, PRODUCT_OPTION_VALUE_ID) VALUES (221, 11);
INSERT INTO ops$publ.BLC_SKU_OPTION_VALUE_XREF(SKU_ID, PRODUCT_OPTION_VALUE_ID) VALUES (222, 2);
INSERT INTO ops$publ.BLC_SKU_OPTION_VALUE_XREF(SKU_ID, PRODUCT_OPTION_VALUE_ID) VALUES (222, 12);
INSERT INTO ops$publ.BLC_SKU_OPTION_VALUE_XREF(SKU_ID, PRODUCT_OPTION_VALUE_ID) VALUES (223, 2);
INSERT INTO ops$publ.BLC_SKU_OPTION_VALUE_XREF(SKU_ID, PRODUCT_OPTION_VALUE_ID) VALUES (223, 13);
INSERT INTO ops$publ.BLC_SKU_OPTION_VALUE_XREF(SKU_ID, PRODUCT_OPTION_VALUE_ID) VALUES (224, 2);
INSERT INTO ops$publ.BLC_SKU_OPTION_VALUE_XREF(SKU_ID, PRODUCT_OPTION_VALUE_ID) VALUES (224, 14);
INSERT INTO ops$publ.BLC_SKU_OPTION_VALUE_XREF(SKU_ID, PRODUCT_OPTION_VALUE_ID) VALUES (231, 3);
INSERT INTO ops$publ.BLC_SKU_OPTION_VALUE_XREF(SKU_ID, PRODUCT_OPTION_VALUE_ID) VALUES (231, 11);
INSERT INTO ops$publ.BLC_SKU_OPTION_VALUE_XREF(SKU_ID, PRODUCT_OPTION_VALUE_ID) VALUES (232, 3);
INSERT INTO ops$publ.BLC_SKU_OPTION_VALUE_XREF(SKU_ID, PRODUCT_OPTION_VALUE_ID) VALUES (232, 12);
INSERT INTO ops$publ.BLC_SKU_OPTION_VALUE_XREF(SKU_ID, PRODUCT_OPTION_VALUE_ID) VALUES (233, 3);
INSERT INTO ops$publ.BLC_SKU_OPTION_VALUE_XREF(SKU_ID, PRODUCT_OPTION_VALUE_ID) VALUES (233, 13);
INSERT INTO ops$publ.BLC_SKU_OPTION_VALUE_XREF(SKU_ID, PRODUCT_OPTION_VALUE_ID) VALUES (234, 3);
INSERT INTO ops$publ.BLC_SKU_OPTION_VALUE_XREF(SKU_ID, PRODUCT_OPTION_VALUE_ID) VALUES (234, 14);
INSERT INTO ops$publ.BLC_SKU_OPTION_VALUE_XREF(SKU_ID, PRODUCT_OPTION_VALUE_ID) VALUES (311, 1);
INSERT INTO ops$publ.BLC_SKU_OPTION_VALUE_XREF(SKU_ID, PRODUCT_OPTION_VALUE_ID) VALUES (311, 11);
INSERT INTO ops$publ.BLC_SKU_OPTION_VALUE_XREF(SKU_ID, PRODUCT_OPTION_VALUE_ID) VALUES (312, 1);
INSERT INTO ops$publ.BLC_SKU_OPTION_VALUE_XREF(SKU_ID, PRODUCT_OPTION_VALUE_ID) VALUES (312, 12);
INSERT INTO ops$publ.BLC_SKU_OPTION_VALUE_XREF(SKU_ID, PRODUCT_OPTION_VALUE_ID) VALUES (313, 1);
INSERT INTO ops$publ.BLC_SKU_OPTION_VALUE_XREF(SKU_ID, PRODUCT_OPTION_VALUE_ID) VALUES (313, 13);
INSERT INTO ops$publ.BLC_SKU_OPTION_VALUE_XREF(SKU_ID, PRODUCT_OPTION_VALUE_ID) VALUES (314, 1);
INSERT INTO ops$publ.BLC_SKU_OPTION_VALUE_XREF(SKU_ID, PRODUCT_OPTION_VALUE_ID) VALUES (314, 14);
INSERT INTO ops$publ.BLC_SKU_OPTION_VALUE_XREF(SKU_ID, PRODUCT_OPTION_VALUE_ID) VALUES (321, 2);
INSERT INTO ops$publ.BLC_SKU_OPTION_VALUE_XREF(SKU_ID, PRODUCT_OPTION_VALUE_ID) VALUES (321, 11);
INSERT INTO ops$publ.BLC_SKU_OPTION_VALUE_XREF(SKU_ID, PRODUCT_OPTION_VALUE_ID) VALUES (322, 2);
INSERT INTO ops$publ.BLC_SKU_OPTION_VALUE_XREF(SKU_ID, PRODUCT_OPTION_VALUE_ID) VALUES (322, 12);
INSERT INTO ops$publ.BLC_SKU_OPTION_VALUE_XREF(SKU_ID, PRODUCT_OPTION_VALUE_ID) VALUES (323, 2);
INSERT INTO ops$publ.BLC_SKU_OPTION_VALUE_XREF(SKU_ID, PRODUCT_OPTION_VALUE_ID) VALUES (323, 13);
INSERT INTO ops$publ.BLC_SKU_OPTION_VALUE_XREF(SKU_ID, PRODUCT_OPTION_VALUE_ID) VALUES (324, 2);
INSERT INTO ops$publ.BLC_SKU_OPTION_VALUE_XREF(SKU_ID, PRODUCT_OPTION_VALUE_ID) VALUES (324, 14);
INSERT INTO ops$publ.BLC_SKU_OPTION_VALUE_XREF(SKU_ID, PRODUCT_OPTION_VALUE_ID) VALUES (331, 3);
INSERT INTO ops$publ.BLC_SKU_OPTION_VALUE_XREF(SKU_ID, PRODUCT_OPTION_VALUE_ID) VALUES (331, 11);
INSERT INTO ops$publ.BLC_SKU_OPTION_VALUE_XREF(SKU_ID, PRODUCT_OPTION_VALUE_ID) VALUES (332, 3);
INSERT INTO ops$publ.BLC_SKU_OPTION_VALUE_XREF(SKU_ID, PRODUCT_OPTION_VALUE_ID) VALUES (332, 12);
INSERT INTO ops$publ.BLC_SKU_OPTION_VALUE_XREF(SKU_ID, PRODUCT_OPTION_VALUE_ID) VALUES (333, 3);
INSERT INTO ops$publ.BLC_SKU_OPTION_VALUE_XREF(SKU_ID, PRODUCT_OPTION_VALUE_ID) VALUES (333, 13);
INSERT INTO ops$publ.BLC_SKU_OPTION_VALUE_XREF(SKU_ID, PRODUCT_OPTION_VALUE_ID) VALUES (334, 3);
INSERT INTO ops$publ.BLC_SKU_OPTION_VALUE_XREF(SKU_ID, PRODUCT_OPTION_VALUE_ID) VALUES (334, 14);
INSERT INTO ops$publ.BLC_SKU_OPTION_VALUE_XREF(SKU_ID, PRODUCT_OPTION_VALUE_ID) VALUES (411, 1);
INSERT INTO ops$publ.BLC_SKU_OPTION_VALUE_XREF(SKU_ID, PRODUCT_OPTION_VALUE_ID) VALUES (411, 11);
INSERT INTO ops$publ.BLC_SKU_OPTION_VALUE_XREF(SKU_ID, PRODUCT_OPTION_VALUE_ID) VALUES (412, 1);
INSERT INTO ops$publ.BLC_SKU_OPTION_VALUE_XREF(SKU_ID, PRODUCT_OPTION_VALUE_ID) VALUES (412, 12);
INSERT INTO ops$publ.BLC_SKU_OPTION_VALUE_XREF(SKU_ID, PRODUCT_OPTION_VALUE_ID) VALUES (413, 1);
INSERT INTO ops$publ.BLC_SKU_OPTION_VALUE_XREF(SKU_ID, PRODUCT_OPTION_VALUE_ID) VALUES (413, 13);
INSERT INTO ops$publ.BLC_SKU_OPTION_VALUE_XREF(SKU_ID, PRODUCT_OPTION_VALUE_ID) VALUES (414, 1);
INSERT INTO ops$publ.BLC_SKU_OPTION_VALUE_XREF(SKU_ID, PRODUCT_OPTION_VALUE_ID) VALUES (414, 14);
INSERT INTO ops$publ.BLC_SKU_OPTION_VALUE_XREF(SKU_ID, PRODUCT_OPTION_VALUE_ID) VALUES (421, 2);
INSERT INTO ops$publ.BLC_SKU_OPTION_VALUE_XREF(SKU_ID, PRODUCT_OPTION_VALUE_ID) VALUES (421, 11);
INSERT INTO ops$publ.BLC_SKU_OPTION_VALUE_XREF(SKU_ID, PRODUCT_OPTION_VALUE_ID) VALUES (422, 2);
INSERT INTO ops$publ.BLC_SKU_OPTION_VALUE_XREF(SKU_ID, PRODUCT_OPTION_VALUE_ID) VALUES (422, 12);
INSERT INTO ops$publ.BLC_SKU_OPTION_VALUE_XREF(SKU_ID, PRODUCT_OPTION_VALUE_ID) VALUES (423, 2);
INSERT INTO ops$publ.BLC_SKU_OPTION_VALUE_XREF(SKU_ID, PRODUCT_OPTION_VALUE_ID) VALUES (423, 13);
INSERT INTO ops$publ.BLC_SKU_OPTION_VALUE_XREF(SKU_ID, PRODUCT_OPTION_VALUE_ID) VALUES (424, 2);
INSERT INTO ops$publ.BLC_SKU_OPTION_VALUE_XREF(SKU_ID, PRODUCT_OPTION_VALUE_ID) VALUES (424, 14);
INSERT INTO ops$publ.BLC_SKU_OPTION_VALUE_XREF(SKU_ID, PRODUCT_OPTION_VALUE_ID) VALUES (431, 3);
INSERT INTO ops$publ.BLC_SKU_OPTION_VALUE_XREF(SKU_ID, PRODUCT_OPTION_VALUE_ID) VALUES (431, 11);
INSERT INTO ops$publ.BLC_SKU_OPTION_VALUE_XREF(SKU_ID, PRODUCT_OPTION_VALUE_ID) VALUES (432, 3);
INSERT INTO ops$publ.BLC_SKU_OPTION_VALUE_XREF(SKU_ID, PRODUCT_OPTION_VALUE_ID) VALUES (432, 12);
INSERT INTO ops$publ.BLC_SKU_OPTION_VALUE_XREF(SKU_ID, PRODUCT_OPTION_VALUE_ID) VALUES (433, 3);
INSERT INTO ops$publ.BLC_SKU_OPTION_VALUE_XREF(SKU_ID, PRODUCT_OPTION_VALUE_ID) VALUES (433, 13);
INSERT INTO ops$publ.BLC_SKU_OPTION_VALUE_XREF(SKU_ID, PRODUCT_OPTION_VALUE_ID) VALUES (434, 3);
INSERT INTO ops$publ.BLC_SKU_OPTION_VALUE_XREF(SKU_ID, PRODUCT_OPTION_VALUE_ID) VALUES (434, 14);
INSERT INTO ops$publ.BLC_SKU_OPTION_VALUE_XREF(SKU_ID, PRODUCT_OPTION_VALUE_ID) VALUES (511, 1);
INSERT INTO ops$publ.BLC_SKU_OPTION_VALUE_XREF(SKU_ID, PRODUCT_OPTION_VALUE_ID) VALUES (511, 11);
INSERT INTO ops$publ.BLC_SKU_OPTION_VALUE_XREF(SKU_ID, PRODUCT_OPTION_VALUE_ID) VALUES (512, 1);
INSERT INTO ops$publ.BLC_SKU_OPTION_VALUE_XREF(SKU_ID, PRODUCT_OPTION_VALUE_ID) VALUES (512, 12);
INSERT INTO ops$publ.BLC_SKU_OPTION_VALUE_XREF(SKU_ID, PRODUCT_OPTION_VALUE_ID) VALUES (513, 1);
INSERT INTO ops$publ.BLC_SKU_OPTION_VALUE_XREF(SKU_ID, PRODUCT_OPTION_VALUE_ID) VALUES (513, 13);
INSERT INTO ops$publ.BLC_SKU_OPTION_VALUE_XREF(SKU_ID, PRODUCT_OPTION_VALUE_ID) VALUES (514, 1);
INSERT INTO ops$publ.BLC_SKU_OPTION_VALUE_XREF(SKU_ID, PRODUCT_OPTION_VALUE_ID) VALUES (514, 14);
INSERT INTO ops$publ.BLC_SKU_OPTION_VALUE_XREF(SKU_ID, PRODUCT_OPTION_VALUE_ID) VALUES (521, 2);
INSERT INTO ops$publ.BLC_SKU_OPTION_VALUE_XREF(SKU_ID, PRODUCT_OPTION_VALUE_ID) VALUES (521, 11);
INSERT INTO ops$publ.BLC_SKU_OPTION_VALUE_XREF(SKU_ID, PRODUCT_OPTION_VALUE_ID) VALUES (522, 2);
INSERT INTO ops$publ.BLC_SKU_OPTION_VALUE_XREF(SKU_ID, PRODUCT_OPTION_VALUE_ID) VALUES (522, 12);
INSERT INTO ops$publ.BLC_SKU_OPTION_VALUE_XREF(SKU_ID, PRODUCT_OPTION_VALUE_ID) VALUES (523, 2);
INSERT INTO ops$publ.BLC_SKU_OPTION_VALUE_XREF(SKU_ID, PRODUCT_OPTION_VALUE_ID) VALUES (523, 13);
INSERT INTO ops$publ.BLC_SKU_OPTION_VALUE_XREF(SKU_ID, PRODUCT_OPTION_VALUE_ID) VALUES (524, 2);
INSERT INTO ops$publ.BLC_SKU_OPTION_VALUE_XREF(SKU_ID, PRODUCT_OPTION_VALUE_ID) VALUES (524, 14);
INSERT INTO ops$publ.BLC_SKU_OPTION_VALUE_XREF(SKU_ID, PRODUCT_OPTION_VALUE_ID) VALUES (531, 3);
INSERT INTO ops$publ.BLC_SKU_OPTION_VALUE_XREF(SKU_ID, PRODUCT_OPTION_VALUE_ID) VALUES (531, 11);
INSERT INTO ops$publ.BLC_SKU_OPTION_VALUE_XREF(SKU_ID, PRODUCT_OPTION_VALUE_ID) VALUES (532, 3);
INSERT INTO ops$publ.BLC_SKU_OPTION_VALUE_XREF(SKU_ID, PRODUCT_OPTION_VALUE_ID) VALUES (532, 12);
INSERT INTO ops$publ.BLC_SKU_OPTION_VALUE_XREF(SKU_ID, PRODUCT_OPTION_VALUE_ID) VALUES (533, 3);
INSERT INTO ops$publ.BLC_SKU_OPTION_VALUE_XREF(SKU_ID, PRODUCT_OPTION_VALUE_ID) VALUES (533, 13);
INSERT INTO ops$publ.BLC_SKU_OPTION_VALUE_XREF(SKU_ID, PRODUCT_OPTION_VALUE_ID) VALUES (534, 3);
INSERT INTO ops$publ.BLC_SKU_OPTION_VALUE_XREF(SKU_ID, PRODUCT_OPTION_VALUE_ID) VALUES (534, 14);
INSERT INTO ops$publ.BLC_SKU_OPTION_VALUE_XREF(SKU_ID, PRODUCT_OPTION_VALUE_ID) VALUES (611, 1);
INSERT INTO ops$publ.BLC_SKU_OPTION_VALUE_XREF(SKU_ID, PRODUCT_OPTION_VALUE_ID) VALUES (611, 11);
INSERT INTO ops$publ.BLC_SKU_OPTION_VALUE_XREF(SKU_ID, PRODUCT_OPTION_VALUE_ID) VALUES (612, 1);
INSERT INTO ops$publ.BLC_SKU_OPTION_VALUE_XREF(SKU_ID, PRODUCT_OPTION_VALUE_ID) VALUES (612, 12);
INSERT INTO ops$publ.BLC_SKU_OPTION_VALUE_XREF(SKU_ID, PRODUCT_OPTION_VALUE_ID) VALUES (613, 1);
INSERT INTO ops$publ.BLC_SKU_OPTION_VALUE_XREF(SKU_ID, PRODUCT_OPTION_VALUE_ID) VALUES (613, 13);
INSERT INTO ops$publ.BLC_SKU_OPTION_VALUE_XREF(SKU_ID, PRODUCT_OPTION_VALUE_ID) VALUES (614, 1);
INSERT INTO ops$publ.BLC_SKU_OPTION_VALUE_XREF(SKU_ID, PRODUCT_OPTION_VALUE_ID) VALUES (614, 14);
INSERT INTO ops$publ.BLC_SKU_OPTION_VALUE_XREF(SKU_ID, PRODUCT_OPTION_VALUE_ID) VALUES (621, 2);
INSERT INTO ops$publ.BLC_SKU_OPTION_VALUE_XREF(SKU_ID, PRODUCT_OPTION_VALUE_ID) VALUES (621, 11);
INSERT INTO ops$publ.BLC_SKU_OPTION_VALUE_XREF(SKU_ID, PRODUCT_OPTION_VALUE_ID) VALUES (622, 2);
INSERT INTO ops$publ.BLC_SKU_OPTION_VALUE_XREF(SKU_ID, PRODUCT_OPTION_VALUE_ID) VALUES (622, 12);
INSERT INTO ops$publ.BLC_SKU_OPTION_VALUE_XREF(SKU_ID, PRODUCT_OPTION_VALUE_ID) VALUES (623, 2);
INSERT INTO ops$publ.BLC_SKU_OPTION_VALUE_XREF(SKU_ID, PRODUCT_OPTION_VALUE_ID) VALUES (623, 13);
INSERT INTO ops$publ.BLC_SKU_OPTION_VALUE_XREF(SKU_ID, PRODUCT_OPTION_VALUE_ID) VALUES (624, 2);
INSERT INTO ops$publ.BLC_SKU_OPTION_VALUE_XREF(SKU_ID, PRODUCT_OPTION_VALUE_ID) VALUES (624, 14);
INSERT INTO ops$publ.BLC_SKU_OPTION_VALUE_XREF(SKU_ID, PRODUCT_OPTION_VALUE_ID) VALUES (631, 3);
INSERT INTO ops$publ.BLC_SKU_OPTION_VALUE_XREF(SKU_ID, PRODUCT_OPTION_VALUE_ID) VALUES (631, 11);
INSERT INTO ops$publ.BLC_SKU_OPTION_VALUE_XREF(SKU_ID, PRODUCT_OPTION_VALUE_ID) VALUES (632, 3);
INSERT INTO ops$publ.BLC_SKU_OPTION_VALUE_XREF(SKU_ID, PRODUCT_OPTION_VALUE_ID) VALUES (632, 12);
INSERT INTO ops$publ.BLC_SKU_OPTION_VALUE_XREF(SKU_ID, PRODUCT_OPTION_VALUE_ID) VALUES (633, 3);
INSERT INTO ops$publ.BLC_SKU_OPTION_VALUE_XREF(SKU_ID, PRODUCT_OPTION_VALUE_ID) VALUES (633, 13);
INSERT INTO ops$publ.BLC_SKU_OPTION_VALUE_XREF(SKU_ID, PRODUCT_OPTION_VALUE_ID) VALUES (634, 3);
INSERT INTO ops$publ.BLC_SKU_OPTION_VALUE_XREF(SKU_ID, PRODUCT_OPTION_VALUE_ID) VALUES (634, 14);
INSERT INTO ops$publ.BLC_STATE(ABBREVIATION, NAME, COUNTRY) VALUES ('AK', 'ALASKA', 'US');
INSERT INTO ops$publ.BLC_STATE(ABBREVIATION, NAME, COUNTRY) VALUES ('AL', 'ALABAMA', 'US');
INSERT INTO ops$publ.BLC_STATE(ABBREVIATION, NAME, COUNTRY) VALUES ('AR', 'ARKANSAS', 'US');
INSERT INTO ops$publ.BLC_STATE(ABBREVIATION, NAME, COUNTRY) VALUES ('AS', 'AMERICAN SAMOA', 'US');
INSERT INTO ops$publ.BLC_STATE(ABBREVIATION, NAME, COUNTRY) VALUES ('AZ', 'ARIZONA', 'US');
INSERT INTO ops$publ.BLC_STATE(ABBREVIATION, NAME, COUNTRY) VALUES ('CA', 'CALIFORNIA', 'US');
INSERT INTO ops$publ.BLC_STATE(ABBREVIATION, NAME, COUNTRY) VALUES ('CO', 'COLORADO', 'US');
INSERT INTO ops$publ.BLC_STATE(ABBREVIATION, NAME, COUNTRY) VALUES ('CT', 'CONNECTICUT', 'US');
INSERT INTO ops$publ.BLC_STATE(ABBREVIATION, NAME, COUNTRY) VALUES ('DC', 'DISTRICT OF COLUMBIA', 'US');
INSERT INTO ops$publ.BLC_STATE(ABBREVIATION, NAME, COUNTRY) VALUES ('DE', 'DELAWARE', 'US');
INSERT INTO ops$publ.BLC_STATE(ABBREVIATION, NAME, COUNTRY) VALUES ('FL', 'FLORIDA', 'US');
INSERT INTO ops$publ.BLC_STATE(ABBREVIATION, NAME, COUNTRY) VALUES ('FM', 'FEDERATED STATES OF MICRONESIA', 'US');
INSERT INTO ops$publ.BLC_STATE(ABBREVIATION, NAME, COUNTRY) VALUES ('GA', 'GEORGIA', 'US');
INSERT INTO ops$publ.BLC_STATE(ABBREVIATION, NAME, COUNTRY) VALUES ('GU', 'GUAM', 'US');
INSERT INTO ops$publ.BLC_STATE(ABBREVIATION, NAME, COUNTRY) VALUES ('HI', 'HAWAII', 'US');
INSERT INTO ops$publ.BLC_STATE(ABBREVIATION, NAME, COUNTRY) VALUES ('IA', 'IOWA', 'US');
INSERT INTO ops$publ.BLC_STATE(ABBREVIATION, NAME, COUNTRY) VALUES ('ID', 'IDAHO', 'US');
INSERT INTO ops$publ.BLC_STATE(ABBREVIATION, NAME, COUNTRY) VALUES ('IL', 'ILLINOIS', 'US');
INSERT INTO ops$publ.BLC_STATE(ABBREVIATION, NAME, COUNTRY) VALUES ('IN', 'INDIANA', 'US');
INSERT INTO ops$publ.BLC_STATE(ABBREVIATION, NAME, COUNTRY) VALUES ('KS', 'KANSAS', 'US');
INSERT INTO ops$publ.BLC_STATE(ABBREVIATION, NAME, COUNTRY) VALUES ('KY', 'KENTUCKY', 'US');
INSERT INTO ops$publ.BLC_STATE(ABBREVIATION, NAME, COUNTRY) VALUES ('LA', 'LOUISIANA', 'US');
INSERT INTO ops$publ.BLC_STATE(ABBREVIATION, NAME, COUNTRY) VALUES ('MA', 'MASSACHUSETTS', 'US');
INSERT INTO ops$publ.BLC_STATE(ABBREVIATION, NAME, COUNTRY) VALUES ('MD', 'MARYLAND', 'US');
INSERT INTO ops$publ.BLC_STATE(ABBREVIATION, NAME, COUNTRY) VALUES ('ME', 'MAINE', 'US');
INSERT INTO ops$publ.BLC_STATE(ABBREVIATION, NAME, COUNTRY) VALUES ('MH', 'MARSHALL ISLANDS', 'US');
INSERT INTO ops$publ.BLC_STATE(ABBREVIATION, NAME, COUNTRY) VALUES ('MI', 'MICHIGAN', 'US');
INSERT INTO ops$publ.BLC_STATE(ABBREVIATION, NAME, COUNTRY) VALUES ('MN', 'MINNESOTA', 'US');
INSERT INTO ops$publ.BLC_STATE(ABBREVIATION, NAME, COUNTRY) VALUES ('MO', 'MISSOURI', 'US');
INSERT INTO ops$publ.BLC_STATE(ABBREVIATION, NAME, COUNTRY) VALUES ('MP', 'NORTHERN MARIANA ISLANDS', 'US');
INSERT INTO ops$publ.BLC_STATE(ABBREVIATION, NAME, COUNTRY) VALUES ('MS', 'MISSISSIPPI', 'US');
INSERT INTO ops$publ.BLC_STATE(ABBREVIATION, NAME, COUNTRY) VALUES ('MT', 'MONTANA', 'US');
INSERT INTO ops$publ.BLC_STATE(ABBREVIATION, NAME, COUNTRY) VALUES ('NC', 'NORTH CAROLINA', 'US');
INSERT INTO ops$publ.BLC_STATE(ABBREVIATION, NAME, COUNTRY) VALUES ('ND', 'NORTH DAKOTA', 'US');
INSERT INTO ops$publ.BLC_STATE(ABBREVIATION, NAME, COUNTRY) VALUES ('NE', 'NEBRASKA', 'US');
INSERT INTO ops$publ.BLC_STATE(ABBREVIATION, NAME, COUNTRY) VALUES ('NH', 'NEW HAMPSHIRE', 'US');
INSERT INTO ops$publ.BLC_STATE(ABBREVIATION, NAME, COUNTRY) VALUES ('NJ', 'NEW JERSEY', 'US');
INSERT INTO ops$publ.BLC_STATE(ABBREVIATION, NAME, COUNTRY) VALUES ('NM', 'NEW MEXICO', 'US');
INSERT INTO ops$publ.BLC_STATE(ABBREVIATION, NAME, COUNTRY) VALUES ('NV', 'NEVADA', 'US');
INSERT INTO ops$publ.BLC_STATE(ABBREVIATION, NAME, COUNTRY) VALUES ('NY', 'NEW YORK', 'US');
INSERT INTO ops$publ.BLC_STATE(ABBREVIATION, NAME, COUNTRY) VALUES ('OH', 'OHIO', 'US');
INSERT INTO ops$publ.BLC_STATE(ABBREVIATION, NAME, COUNTRY) VALUES ('OK', 'OKLAHOMA', 'US');
INSERT INTO ops$publ.BLC_STATE(ABBREVIATION, NAME, COUNTRY) VALUES ('OR', 'OREGON', 'US');
INSERT INTO ops$publ.BLC_STATE(ABBREVIATION, NAME, COUNTRY) VALUES ('PA', 'PENNSYLVANIA', 'US');
INSERT INTO ops$publ.BLC_STATE(ABBREVIATION, NAME, COUNTRY) VALUES ('PR', 'PUERTO RICO', 'US');
INSERT INTO ops$publ.BLC_STATE(ABBREVIATION, NAME, COUNTRY) VALUES ('PW', 'PALAU', 'US');
INSERT INTO ops$publ.BLC_STATE(ABBREVIATION, NAME, COUNTRY) VALUES ('RI', 'RHODE ISLAND', 'US');
INSERT INTO ops$publ.BLC_STATE(ABBREVIATION, NAME, COUNTRY) VALUES ('SC', 'SOUTH CAROLINA', 'US');
INSERT INTO ops$publ.BLC_STATE(ABBREVIATION, NAME, COUNTRY) VALUES ('SD', 'SOUTH DAKOTA', 'US');
INSERT INTO ops$publ.BLC_STATE(ABBREVIATION, NAME, COUNTRY) VALUES ('TN', 'TENNESSEE', 'US');
INSERT INTO ops$publ.BLC_STATE(ABBREVIATION, NAME, COUNTRY) VALUES ('TX', 'TEXAS', 'US');
INSERT INTO ops$publ.BLC_STATE(ABBREVIATION, NAME, COUNTRY) VALUES ('UT', 'UTAH', 'US');
INSERT INTO ops$publ.BLC_STATE(ABBREVIATION, NAME, COUNTRY) VALUES ('VA', 'VIRGINIA', 'US');
INSERT INTO ops$publ.BLC_STATE(ABBREVIATION, NAME, COUNTRY) VALUES ('VI', 'VIRGIN ISLANDS', 'US');
INSERT INTO ops$publ.BLC_STATE(ABBREVIATION, NAME, COUNTRY) VALUES ('VT', 'VERMONT', 'US');
INSERT INTO ops$publ.BLC_STATE(ABBREVIATION, NAME, COUNTRY) VALUES ('WA', 'WASHINGTON', 'US');
INSERT INTO ops$publ.BLC_STATE(ABBREVIATION, NAME, COUNTRY) VALUES ('WI', 'WISCONSIN', 'US');
INSERT INTO ops$publ.BLC_STATE(ABBREVIATION, NAME, COUNTRY) VALUES ('WV', 'WEST VIRGINIA', 'US');
INSERT INTO ops$publ.BLC_STATE(ABBREVIATION, NAME, COUNTRY) VALUES ('WY', 'WYOMING', 'US');
INSERT INTO ops$publ.BLC_STATIC_ASSET(STATIC_ASSET_ID, ALT_TEXT, ARCHIVED_FLAG, CREATED_BY, DATE_CREATED, DATE_UPDATED, UPDATED_BY, DELETED_FLAG, FILE_EXTENSION, FILE_SIZE, FULL_URL, LOCKED_FLAG, MIME_TYPE, NAME, ORIG_ASSET_ID, STORAGE_TYPE, TITLE, ORIG_SANDBOX_ID, SANDBOX_ID) VALUES (101, null, null, null, null, null, null, null, null, null, '/img/sauces/Sudden-Death-Sauce-Bottle.jpg', null, 'image/jpg', 'Sudden Death Sauce Bottle', null, 'FILESYSTEM', null, null, null);
INSERT INTO ops$publ.BLC_STATIC_ASSET(STATIC_ASSET_ID, ALT_TEXT, ARCHIVED_FLAG, CREATED_BY, DATE_CREATED, DATE_UPDATED, UPDATED_BY, DELETED_FLAG, FILE_EXTENSION, FILE_SIZE, FULL_URL, LOCKED_FLAG, MIME_TYPE, NAME, ORIG_ASSET_ID, STORAGE_TYPE, TITLE, ORIG_SANDBOX_ID, SANDBOX_ID) VALUES (102, null, null, null, null, null, null, null, null, null, '/img/sauces/Sudden-Death-Sauce-Close.jpg', null, 'image/jpg', 'Sudden Death Sauce Close-up', null, 'FILESYSTEM', null, null, null);
INSERT INTO ops$publ.BLC_STATIC_ASSET(STATIC_ASSET_ID, ALT_TEXT, ARCHIVED_FLAG, CREATED_BY, DATE_CREATED, DATE_UPDATED, UPDATED_BY, DELETED_FLAG, FILE_EXTENSION, FILE_SIZE, FULL_URL, LOCKED_FLAG, MIME_TYPE, NAME, ORIG_ASSET_ID, STORAGE_TYPE, TITLE, ORIG_SANDBOX_ID, SANDBOX_ID) VALUES (201, null, null, null, null, null, null, null, null, null, '/img/sauces/Sweet-Death-Sauce-Bottle.jpg', null, 'image/jpg', 'Sweet Death Sauce Bottle', null, 'FILESYSTEM', null, null, null);
INSERT INTO ops$publ.BLC_STATIC_ASSET(STATIC_ASSET_ID, ALT_TEXT, ARCHIVED_FLAG, CREATED_BY, DATE_CREATED, DATE_UPDATED, UPDATED_BY, DELETED_FLAG, FILE_EXTENSION, FILE_SIZE, FULL_URL, LOCKED_FLAG, MIME_TYPE, NAME, ORIG_ASSET_ID, STORAGE_TYPE, TITLE, ORIG_SANDBOX_ID, SANDBOX_ID) VALUES (202, null, null, null, null, null, null, null, null, null, '/img/sauces/Sweet-Death-Sauce-Close.jpg', null, 'image/jpg', 'Sweet Death Sauce Close-up', null, 'FILESYSTEM', null, null, null);
INSERT INTO ops$publ.BLC_STATIC_ASSET(STATIC_ASSET_ID, ALT_TEXT, ARCHIVED_FLAG, CREATED_BY, DATE_CREATED, DATE_UPDATED, UPDATED_BY, DELETED_FLAG, FILE_EXTENSION, FILE_SIZE, FULL_URL, LOCKED_FLAG, MIME_TYPE, NAME, ORIG_ASSET_ID, STORAGE_TYPE, TITLE, ORIG_SANDBOX_ID, SANDBOX_ID) VALUES (203, null, null, null, null, null, null, null, null, null, '/img/sauces/Sweet-Death-Sauce-Skull.jpg', null, 'image/jpg', 'Sweet Death Sauce Close-up', null, 'FILESYSTEM', null, null, null);
INSERT INTO ops$publ.BLC_STATIC_ASSET(STATIC_ASSET_ID, ALT_TEXT, ARCHIVED_FLAG, CREATED_BY, DATE_CREATED, DATE_UPDATED, UPDATED_BY, DELETED_FLAG, FILE_EXTENSION, FILE_SIZE, FULL_URL, LOCKED_FLAG, MIME_TYPE, NAME, ORIG_ASSET_ID, STORAGE_TYPE, TITLE, ORIG_SANDBOX_ID, SANDBOX_ID) VALUES (204, null, null, null, null, null, null, null, null, null, '/img/sauces/Sweet-Death-Sauce-Tile.jpg', null, 'image/jpg', 'Sweet Death Sauce Close-up', null, 'FILESYSTEM', null, null, null);
INSERT INTO ops$publ.BLC_STATIC_ASSET(STATIC_ASSET_ID, ALT_TEXT, ARCHIVED_FLAG, CREATED_BY, DATE_CREATED, DATE_UPDATED, UPDATED_BY, DELETED_FLAG, FILE_EXTENSION, FILE_SIZE, FULL_URL, LOCKED_FLAG, MIME_TYPE, NAME, ORIG_ASSET_ID, STORAGE_TYPE, TITLE, ORIG_SANDBOX_ID, SANDBOX_ID) VALUES (205, null, null, null, null, null, null, null, null, null, '/img/sauces/Sweet-Death-Sauce-Grass.jpg', null, 'image/jpg', 'Sweet Death Sauce Close-up', null, 'FILESYSTEM', null, null, null);
INSERT INTO ops$publ.BLC_STATIC_ASSET(STATIC_ASSET_ID, ALT_TEXT, ARCHIVED_FLAG, CREATED_BY, DATE_CREATED, DATE_UPDATED, UPDATED_BY, DELETED_FLAG, FILE_EXTENSION, FILE_SIZE, FULL_URL, LOCKED_FLAG, MIME_TYPE, NAME, ORIG_ASSET_ID, STORAGE_TYPE, TITLE, ORIG_SANDBOX_ID, SANDBOX_ID) VALUES (206, null, null, null, null, null, null, null, null, null, '/img/sauces/Sweet-Death-Sauce-Logo.jpg', null, 'image/jpg', 'Sweet Death Sauce Close-up', null, 'FILESYSTEM', null, null, null);
INSERT INTO ops$publ.BLC_STATIC_ASSET(STATIC_ASSET_ID, ALT_TEXT, ARCHIVED_FLAG, CREATED_BY, DATE_CREATED, DATE_UPDATED, UPDATED_BY, DELETED_FLAG, FILE_EXTENSION, FILE_SIZE, FULL_URL, LOCKED_FLAG, MIME_TYPE, NAME, ORIG_ASSET_ID, STORAGE_TYPE, TITLE, ORIG_SANDBOX_ID, SANDBOX_ID) VALUES (301, null, null, null, null, null, null, null, null, null, '/img/sauces/Hoppin-Hot-Sauce-Bottle.jpg', null, 'image/jpg', 'Hoppin Hot Sauce Bottle', null, 'FILESYSTEM', null, null, null);
INSERT INTO ops$publ.BLC_STATIC_ASSET(STATIC_ASSET_ID, ALT_TEXT, ARCHIVED_FLAG, CREATED_BY, DATE_CREATED, DATE_UPDATED, UPDATED_BY, DELETED_FLAG, FILE_EXTENSION, FILE_SIZE, FULL_URL, LOCKED_FLAG, MIME_TYPE, NAME, ORIG_ASSET_ID, STORAGE_TYPE, TITLE, ORIG_SANDBOX_ID, SANDBOX_ID) VALUES (302, null, null, null, null, null, null, null, null, null, '/img/sauces/Hoppin-Hot-Sauce-Close.jpg', null, 'image/jpg', 'Hoppin Hot Sauce Close-up', null, 'FILESYSTEM', null, null, null);
INSERT INTO ops$publ.BLC_STATIC_ASSET(STATIC_ASSET_ID, ALT_TEXT, ARCHIVED_FLAG, CREATED_BY, DATE_CREATED, DATE_UPDATED, UPDATED_BY, DELETED_FLAG, FILE_EXTENSION, FILE_SIZE, FULL_URL, LOCKED_FLAG, MIME_TYPE, NAME, ORIG_ASSET_ID, STORAGE_TYPE, TITLE, ORIG_SANDBOX_ID, SANDBOX_ID) VALUES (401, null, null, null, null, null, null, null, null, null, '/img/sauces/Day-of-the-Dead-Chipotle-Hot-Sauce-Bottle.jpg', null, 'image/jpg', 'Day of the Dead Chipotle Hot Sauce Bottle', null, 'FILESYSTEM', null, null, null);
INSERT INTO ops$publ.BLC_STATIC_ASSET(STATIC_ASSET_ID, ALT_TEXT, ARCHIVED_FLAG, CREATED_BY, DATE_CREATED, DATE_UPDATED, UPDATED_BY, DELETED_FLAG, FILE_EXTENSION, FILE_SIZE, FULL_URL, LOCKED_FLAG, MIME_TYPE, NAME, ORIG_ASSET_ID, STORAGE_TYPE, TITLE, ORIG_SANDBOX_ID, SANDBOX_ID) VALUES (402, null, null, null, null, null, null, null, null, null, '/img/sauces/Day-of-the-Dead-Chipotle-Hot-Sauce-Close.jpg', null, 'image/jpg', 'Day of the Dead Chipotle Hot Sauce Close-up', null, 'FILESYSTEM', null, null, null);
INSERT INTO ops$publ.BLC_STATIC_ASSET(STATIC_ASSET_ID, ALT_TEXT, ARCHIVED_FLAG, CREATED_BY, DATE_CREATED, DATE_UPDATED, UPDATED_BY, DELETED_FLAG, FILE_EXTENSION, FILE_SIZE, FULL_URL, LOCKED_FLAG, MIME_TYPE, NAME, ORIG_ASSET_ID, STORAGE_TYPE, TITLE, ORIG_SANDBOX_ID, SANDBOX_ID) VALUES (501, null, null, null, null, null, null, null, null, null, '/img/sauces/Day-of-the-Dead-Habanero-Hot-Sauce-Bottle.jpg', null, 'image/jpg', 'Day of the Dead Habanero Hot Sauce Bottle', null, 'FILESYSTEM', null, null, null);
INSERT INTO ops$publ.BLC_STATIC_ASSET(STATIC_ASSET_ID, ALT_TEXT, ARCHIVED_FLAG, CREATED_BY, DATE_CREATED, DATE_UPDATED, UPDATED_BY, DELETED_FLAG, FILE_EXTENSION, FILE_SIZE, FULL_URL, LOCKED_FLAG, MIME_TYPE, NAME, ORIG_ASSET_ID, STORAGE_TYPE, TITLE, ORIG_SANDBOX_ID, SANDBOX_ID) VALUES (502, null, null, null, null, null, null, null, null, null, '/img/sauces/Day-of-the-Dead-Habanero-Hot-Sauce-Close.jpg', null, 'image/jpg', 'Day of the Dead Habanero Hot Sauce Close-up', null, 'FILESYSTEM', null, null, null);
INSERT INTO ops$publ.BLC_STATIC_ASSET(STATIC_ASSET_ID, ALT_TEXT, ARCHIVED_FLAG, CREATED_BY, DATE_CREATED, DATE_UPDATED, UPDATED_BY, DELETED_FLAG, FILE_EXTENSION, FILE_SIZE, FULL_URL, LOCKED_FLAG, MIME_TYPE, NAME, ORIG_ASSET_ID, STORAGE_TYPE, TITLE, ORIG_SANDBOX_ID, SANDBOX_ID) VALUES (601, null, null, null, null, null, null, null, null, null, '/img/sauces/Day-of-the-Dead-Scotch-Bonnet-Hot-Sauce-Bottle.jpg', null, 'image/jpg', 'Day of the Dead Scotch Bonnet Hot Sauce Bottle', null, 'FILESYSTEM', null, null, null);
INSERT INTO ops$publ.BLC_STATIC_ASSET(STATIC_ASSET_ID, ALT_TEXT, ARCHIVED_FLAG, CREATED_BY, DATE_CREATED, DATE_UPDATED, UPDATED_BY, DELETED_FLAG, FILE_EXTENSION, FILE_SIZE, FULL_URL, LOCKED_FLAG, MIME_TYPE, NAME, ORIG_ASSET_ID, STORAGE_TYPE, TITLE, ORIG_SANDBOX_ID, SANDBOX_ID) VALUES (602, null, null, null, null, null, null, null, null, null, '/img/sauces/Day-of-the-Dead-Scotch-Bonnet-Hot-Sauce-Close.jpg', null, 'image/jpg', 'Day of the Dead Scotch Bonnet Hot Sauce Close-up', null, 'FILESYSTEM', null, null, null);
INSERT INTO ops$publ.BLC_STATIC_ASSET(STATIC_ASSET_ID, ALT_TEXT, ARCHIVED_FLAG, CREATED_BY, DATE_CREATED, DATE_UPDATED, UPDATED_BY, DELETED_FLAG, FILE_EXTENSION, FILE_SIZE, FULL_URL, LOCKED_FLAG, MIME_TYPE, NAME, ORIG_ASSET_ID, STORAGE_TYPE, TITLE, ORIG_SANDBOX_ID, SANDBOX_ID) VALUES (701, null, null, null, null, null, null, null, null, null, '/img/sauces/Green-Ghost-Bottle.jpg', null, 'image/jpg', 'Green Ghost Bottle', null, 'FILESYSTEM', null, null, null);
INSERT INTO ops$publ.BLC_STATIC_ASSET(STATIC_ASSET_ID, ALT_TEXT, ARCHIVED_FLAG, CREATED_BY, DATE_CREATED, DATE_UPDATED, UPDATED_BY, DELETED_FLAG, FILE_EXTENSION, FILE_SIZE, FULL_URL, LOCKED_FLAG, MIME_TYPE, NAME, ORIG_ASSET_ID, STORAGE_TYPE, TITLE, ORIG_SANDBOX_ID, SANDBOX_ID) VALUES (702, null, null, null, null, null, null, null, null, null, '/img/sauces/Green-Ghost-Close.jpg', null, 'image/jpg', 'Green Ghost Close-up', null, 'FILESYSTEM', null, null, null);
INSERT INTO ops$publ.BLC_STATIC_ASSET(STATIC_ASSET_ID, ALT_TEXT, ARCHIVED_FLAG, CREATED_BY, DATE_CREATED, DATE_UPDATED, UPDATED_BY, DELETED_FLAG, FILE_EXTENSION, FILE_SIZE, FULL_URL, LOCKED_FLAG, MIME_TYPE, NAME, ORIG_ASSET_ID, STORAGE_TYPE, TITLE, ORIG_SANDBOX_ID, SANDBOX_ID) VALUES (801, null, null, null, null, null, null, null, null, null, '/img/sauces/Blazin-Saddle-XXX-Hot-Habanero-Pepper-Sauce-Bottle.jpg', null, 'image/jpg', 'Blazin Saddle XXX Hot Habanero Pepper Sauce Bottle', null, 'FILESYSTEM', null, null, null);
INSERT INTO ops$publ.BLC_STATIC_ASSET(STATIC_ASSET_ID, ALT_TEXT, ARCHIVED_FLAG, CREATED_BY, DATE_CREATED, DATE_UPDATED, UPDATED_BY, DELETED_FLAG, FILE_EXTENSION, FILE_SIZE, FULL_URL, LOCKED_FLAG, MIME_TYPE, NAME, ORIG_ASSET_ID, STORAGE_TYPE, TITLE, ORIG_SANDBOX_ID, SANDBOX_ID) VALUES (802, null, null, null, null, null, null, null, null, null, '/img/sauces/Blazin-Saddle-XXX-Hot-Habanero-Pepper-Sauce-Close.jpg', null, 'image/jpg', 'Blazin Saddle XXX Hot Habanero Pepper Sauce Close-up', null, 'FILESYSTEM', null, null, null);
INSERT INTO ops$publ.BLC_STATIC_ASSET(STATIC_ASSET_ID, ALT_TEXT, ARCHIVED_FLAG, CREATED_BY, DATE_CREATED, DATE_UPDATED, UPDATED_BY, DELETED_FLAG, FILE_EXTENSION, FILE_SIZE, FULL_URL, LOCKED_FLAG, MIME_TYPE, NAME, ORIG_ASSET_ID, STORAGE_TYPE, TITLE, ORIG_SANDBOX_ID, SANDBOX_ID) VALUES (901, null, null, null, null, null, null, null, null, null, '/img/sauces/Armageddon-The-Hot-Sauce-To-End-All-Bottle.jpg', null, 'image/jpg', 'Armageddon The Hot Sauce To End All Bottle', null, 'FILESYSTEM', null, null, null);
INSERT INTO ops$publ.BLC_STATIC_ASSET(STATIC_ASSET_ID, ALT_TEXT, ARCHIVED_FLAG, CREATED_BY, DATE_CREATED, DATE_UPDATED, UPDATED_BY, DELETED_FLAG, FILE_EXTENSION, FILE_SIZE, FULL_URL, LOCKED_FLAG, MIME_TYPE, NAME, ORIG_ASSET_ID, STORAGE_TYPE, TITLE, ORIG_SANDBOX_ID, SANDBOX_ID) VALUES (902, null, null, null, null, null, null, null, null, null, '/img/sauces/Armageddon-The-Hot-Sauce-To-End-All-Close.jpg', null, 'image/jpg', 'Armageddon The Hot Sauce To End All Close-up', null, 'FILESYSTEM', null, null, null);
INSERT INTO ops$publ.BLC_STATIC_ASSET(STATIC_ASSET_ID, ALT_TEXT, ARCHIVED_FLAG, CREATED_BY, DATE_CREATED, DATE_UPDATED, UPDATED_BY, DELETED_FLAG, FILE_EXTENSION, FILE_SIZE, FULL_URL, LOCKED_FLAG, MIME_TYPE, NAME, ORIG_ASSET_ID, STORAGE_TYPE, TITLE, ORIG_SANDBOX_ID, SANDBOX_ID) VALUES (1001, null, null, null, null, null, null, null, null, null, '/img/sauces/Dr.-Chilemeisters-Insane-Hot-Sauce-Bottle.jpg', null, 'image/jpg', 'Dr. Chilemeisters Insane Hot Sauce Bottle', null, 'FILESYSTEM', null, null, null);
INSERT INTO ops$publ.BLC_STATIC_ASSET(STATIC_ASSET_ID, ALT_TEXT, ARCHIVED_FLAG, CREATED_BY, DATE_CREATED, DATE_UPDATED, UPDATED_BY, DELETED_FLAG, FILE_EXTENSION, FILE_SIZE, FULL_URL, LOCKED_FLAG, MIME_TYPE, NAME, ORIG_ASSET_ID, STORAGE_TYPE, TITLE, ORIG_SANDBOX_ID, SANDBOX_ID) VALUES (1002, null, null, null, null, null, null, null, null, null, '/img/sauces/Dr.-Chilemeisters-Insane-Hot-Sauce-Close.jpg', null, 'image/jpg', 'Dr. Chilemeisters Insane Hot Sauce Close-up', null, 'FILESYSTEM', null, null, null);
INSERT INTO ops$publ.BLC_STATIC_ASSET(STATIC_ASSET_ID, ALT_TEXT, ARCHIVED_FLAG, CREATED_BY, DATE_CREATED, DATE_UPDATED, UPDATED_BY, DELETED_FLAG, FILE_EXTENSION, FILE_SIZE, FULL_URL, LOCKED_FLAG, MIME_TYPE, NAME, ORIG_ASSET_ID, STORAGE_TYPE, TITLE, ORIG_SANDBOX_ID, SANDBOX_ID) VALUES (1101, null, null, null, null, null, null, null, null, null, '/img/sauces/Bull-Snort-Cowboy-Cayenne-Pepper-Hot-Sauce-Bottle.jpg', null, 'image/jpg', 'Bull Snort Cowboy Cayenne Pepper Hot Sauce Bottle', null, 'FILESYSTEM', null, null, null);
INSERT INTO ops$publ.BLC_STATIC_ASSET(STATIC_ASSET_ID, ALT_TEXT, ARCHIVED_FLAG, CREATED_BY, DATE_CREATED, DATE_UPDATED, UPDATED_BY, DELETED_FLAG, FILE_EXTENSION, FILE_SIZE, FULL_URL, LOCKED_FLAG, MIME_TYPE, NAME, ORIG_ASSET_ID, STORAGE_TYPE, TITLE, ORIG_SANDBOX_ID, SANDBOX_ID) VALUES (1102, null, null, null, null, null, null, null, null, null, '/img/sauces/Bull-Snort-Cowboy-Cayenne-Pepper-Hot-Sauce-Close.jpg', null, 'image/jpg', 'Bull Snort Cowboy Cayenne Pepper Hot Sauce Close-up', null, 'FILESYSTEM', null, null, null);
INSERT INTO ops$publ.BLC_STATIC_ASSET(STATIC_ASSET_ID, ALT_TEXT, ARCHIVED_FLAG, CREATED_BY, DATE_CREATED, DATE_UPDATED, UPDATED_BY, DELETED_FLAG, FILE_EXTENSION, FILE_SIZE, FULL_URL, LOCKED_FLAG, MIME_TYPE, NAME, ORIG_ASSET_ID, STORAGE_TYPE, TITLE, ORIG_SANDBOX_ID, SANDBOX_ID) VALUES (1201, null, null, null, null, null, null, null, null, null, '/img/sauces/Cafe-Louisiane-Sweet-Cajun-Blackening-Sauce-Bottle.jpg', null, 'image/jpg', 'Cafe Louisiane Sweet Cajun Blackening Sauce Bottle', null, 'FILESYSTEM', null, null, null);
INSERT INTO ops$publ.BLC_STATIC_ASSET(STATIC_ASSET_ID, ALT_TEXT, ARCHIVED_FLAG, CREATED_BY, DATE_CREATED, DATE_UPDATED, UPDATED_BY, DELETED_FLAG, FILE_EXTENSION, FILE_SIZE, FULL_URL, LOCKED_FLAG, MIME_TYPE, NAME, ORIG_ASSET_ID, STORAGE_TYPE, TITLE, ORIG_SANDBOX_ID, SANDBOX_ID) VALUES (1202, null, null, null, null, null, null, null, null, null, '/img/sauces/Cafe-Louisiane-Sweet-Cajun-Blackening-Sauce-Close.jpg', null, 'image/jpg', 'Cafe Louisiane Sweet Cajun Blackening Sauce Close-up', null, 'FILESYSTEM', null, null, null);
INSERT INTO ops$publ.BLC_STATIC_ASSET(STATIC_ASSET_ID, ALT_TEXT, ARCHIVED_FLAG, CREATED_BY, DATE_CREATED, DATE_UPDATED, UPDATED_BY, DELETED_FLAG, FILE_EXTENSION, FILE_SIZE, FULL_URL, LOCKED_FLAG, MIME_TYPE, NAME, ORIG_ASSET_ID, STORAGE_TYPE, TITLE, ORIG_SANDBOX_ID, SANDBOX_ID) VALUES (1301, null, null, null, null, null, null, null, null, null, '/img/sauces/Bull-Snort-Smokin-Toncils-Hot-Sauce-Bottle.jpg', null, 'image/jpg', 'Bull Snort Smokin Toncils Hot Sauce Bottle', null, 'FILESYSTEM', null, null, null);
INSERT INTO ops$publ.BLC_STATIC_ASSET(STATIC_ASSET_ID, ALT_TEXT, ARCHIVED_FLAG, CREATED_BY, DATE_CREATED, DATE_UPDATED, UPDATED_BY, DELETED_FLAG, FILE_EXTENSION, FILE_SIZE, FULL_URL, LOCKED_FLAG, MIME_TYPE, NAME, ORIG_ASSET_ID, STORAGE_TYPE, TITLE, ORIG_SANDBOX_ID, SANDBOX_ID) VALUES (1302, null, null, null, null, null, null, null, null, null, '/img/sauces/Bull-Snort-Smokin-Toncils-Hot-Sauce-Close.jpg', null, 'image/jpg', 'Bull Snort Smokin Toncils Hot Sauce Close-up', null, 'FILESYSTEM', null, null, null);
INSERT INTO ops$publ.BLC_STATIC_ASSET(STATIC_ASSET_ID, ALT_TEXT, ARCHIVED_FLAG, CREATED_BY, DATE_CREATED, DATE_UPDATED, UPDATED_BY, DELETED_FLAG, FILE_EXTENSION, FILE_SIZE, FULL_URL, LOCKED_FLAG, MIME_TYPE, NAME, ORIG_ASSET_ID, STORAGE_TYPE, TITLE, ORIG_SANDBOX_ID, SANDBOX_ID) VALUES (1401, null, null, null, null, null, null, null, null, null, '/img/sauces/Cool-Cayenne-Pepper-Hot-Sauce-Bottle.jpg', null, 'image/jpg', 'Cool Cayenne Pepper Hot Sauce Bottle', null, 'FILESYSTEM', null, null, null);
INSERT INTO ops$publ.BLC_STATIC_ASSET(STATIC_ASSET_ID, ALT_TEXT, ARCHIVED_FLAG, CREATED_BY, DATE_CREATED, DATE_UPDATED, UPDATED_BY, DELETED_FLAG, FILE_EXTENSION, FILE_SIZE, FULL_URL, LOCKED_FLAG, MIME_TYPE, NAME, ORIG_ASSET_ID, STORAGE_TYPE, TITLE, ORIG_SANDBOX_ID, SANDBOX_ID) VALUES (1402, null, null, null, null, null, null, null, null, null, '/img/sauces/Cool-Cayenne-Pepper-Hot-Sauce-Close.jpg', null, 'image/jpg', 'Cool Cayenne Pepper Hot Sauce Close-up', null, 'FILESYSTEM', null, null, null);
INSERT INTO ops$publ.BLC_STATIC_ASSET(STATIC_ASSET_ID, ALT_TEXT, ARCHIVED_FLAG, CREATED_BY, DATE_CREATED, DATE_UPDATED, UPDATED_BY, DELETED_FLAG, FILE_EXTENSION, FILE_SIZE, FULL_URL, LOCKED_FLAG, MIME_TYPE, NAME, ORIG_ASSET_ID, STORAGE_TYPE, TITLE, ORIG_SANDBOX_ID, SANDBOX_ID) VALUES (1501, null, null, null, null, null, null, null, null, null, '/img/sauces/Roasted-Garlic-Hot-Sauce-Bottle.jpg', null, 'image/jpg', 'Roasted Garlic Hot Sauce Bottle', null, 'FILESYSTEM', null, null, null);
INSERT INTO ops$publ.BLC_STATIC_ASSET(STATIC_ASSET_ID, ALT_TEXT, ARCHIVED_FLAG, CREATED_BY, DATE_CREATED, DATE_UPDATED, UPDATED_BY, DELETED_FLAG, FILE_EXTENSION, FILE_SIZE, FULL_URL, LOCKED_FLAG, MIME_TYPE, NAME, ORIG_ASSET_ID, STORAGE_TYPE, TITLE, ORIG_SANDBOX_ID, SANDBOX_ID) VALUES (1502, null, null, null, null, null, null, null, null, null, '/img/sauces/Roasted-Garlic-Hot-Sauce-Close.jpg', null, 'image/jpg', 'Roasted Garlic Hot Sauce Close-up', null, 'FILESYSTEM', null, null, null);
INSERT INTO ops$publ.BLC_STATIC_ASSET(STATIC_ASSET_ID, ALT_TEXT, ARCHIVED_FLAG, CREATED_BY, DATE_CREATED, DATE_UPDATED, UPDATED_BY, DELETED_FLAG, FILE_EXTENSION, FILE_SIZE, FULL_URL, LOCKED_FLAG, MIME_TYPE, NAME, ORIG_ASSET_ID, STORAGE_TYPE, TITLE, ORIG_SANDBOX_ID, SANDBOX_ID) VALUES (1601, null, null, null, null, null, null, null, null, null, '/img/sauces/Scotch-Bonnet-Hot-Sauce-Bottle.jpg', null, 'image/jpg', 'Scotch Bonnet Hot Sauce Bottle', null, 'FILESYSTEM', null, null, null);
INSERT INTO ops$publ.BLC_STATIC_ASSET(STATIC_ASSET_ID, ALT_TEXT, ARCHIVED_FLAG, CREATED_BY, DATE_CREATED, DATE_UPDATED, UPDATED_BY, DELETED_FLAG, FILE_EXTENSION, FILE_SIZE, FULL_URL, LOCKED_FLAG, MIME_TYPE, NAME, ORIG_ASSET_ID, STORAGE_TYPE, TITLE, ORIG_SANDBOX_ID, SANDBOX_ID) VALUES (1602, null, null, null, null, null, null, null, null, null, '/img/sauces/Scotch-Bonnet-Hot-Sauce-Close.jpg', null, 'image/jpg', 'Scotch Bonnet Hot Sauce Close-up', null, 'FILESYSTEM', null, null, null);
INSERT INTO ops$publ.BLC_STATIC_ASSET(STATIC_ASSET_ID, ALT_TEXT, ARCHIVED_FLAG, CREATED_BY, DATE_CREATED, DATE_UPDATED, UPDATED_BY, DELETED_FLAG, FILE_EXTENSION, FILE_SIZE, FULL_URL, LOCKED_FLAG, MIME_TYPE, NAME, ORIG_ASSET_ID, STORAGE_TYPE, TITLE, ORIG_SANDBOX_ID, SANDBOX_ID) VALUES (1701, null, null, null, null, null, null, null, null, null, '/img/sauces/Insanity-Sauce-Bottle.jpg', null, 'image/jpg', 'Insanity Sauce Bottle', null, 'FILESYSTEM', null, null, null);
INSERT INTO ops$publ.BLC_STATIC_ASSET(STATIC_ASSET_ID, ALT_TEXT, ARCHIVED_FLAG, CREATED_BY, DATE_CREATED, DATE_UPDATED, UPDATED_BY, DELETED_FLAG, FILE_EXTENSION, FILE_SIZE, FULL_URL, LOCKED_FLAG, MIME_TYPE, NAME, ORIG_ASSET_ID, STORAGE_TYPE, TITLE, ORIG_SANDBOX_ID, SANDBOX_ID) VALUES (1702, null, null, null, null, null, null, null, null, null, '/img/sauces/Insanity-Sauce-Close.jpg', null, 'image/jpg', 'Insanity Sauce Close-up', null, 'FILESYSTEM', null, null, null);
INSERT INTO ops$publ.BLC_STATIC_ASSET(STATIC_ASSET_ID, ALT_TEXT, ARCHIVED_FLAG, CREATED_BY, DATE_CREATED, DATE_UPDATED, UPDATED_BY, DELETED_FLAG, FILE_EXTENSION, FILE_SIZE, FULL_URL, LOCKED_FLAG, MIME_TYPE, NAME, ORIG_ASSET_ID, STORAGE_TYPE, TITLE, ORIG_SANDBOX_ID, SANDBOX_ID) VALUES (1801, null, null, null, null, null, null, null, null, null, '/img/sauces/Hurtin-Jalepeno-Hot-Sauce-Bottle.jpg', null, 'image/jpg', 'Hurtin Jalepeno Hot Sauce Bottle', null, 'FILESYSTEM', null, null, null);
INSERT INTO ops$publ.BLC_STATIC_ASSET(STATIC_ASSET_ID, ALT_TEXT, ARCHIVED_FLAG, CREATED_BY, DATE_CREATED, DATE_UPDATED, UPDATED_BY, DELETED_FLAG, FILE_EXTENSION, FILE_SIZE, FULL_URL, LOCKED_FLAG, MIME_TYPE, NAME, ORIG_ASSET_ID, STORAGE_TYPE, TITLE, ORIG_SANDBOX_ID, SANDBOX_ID) VALUES (1802, null, null, null, null, null, null, null, null, null, '/img/sauces/Hurtin-Jalepeno-Hot-Sauce-Close.jpg', null, 'image/jpg', 'Hurtin Jalepeno Hot Sauce Close-up', null, 'FILESYSTEM', null, null, null);
INSERT INTO ops$publ.BLC_STATIC_ASSET(STATIC_ASSET_ID, ALT_TEXT, ARCHIVED_FLAG, CREATED_BY, DATE_CREATED, DATE_UPDATED, UPDATED_BY, DELETED_FLAG, FILE_EXTENSION, FILE_SIZE, FULL_URL, LOCKED_FLAG, MIME_TYPE, NAME, ORIG_ASSET_ID, STORAGE_TYPE, TITLE, ORIG_SANDBOX_ID, SANDBOX_ID) VALUES (1901, null, null, null, null, null, null, null, null, null, '/img/sauces/Roasted-Red-Pepper-and-Chipotle-Hot-Sauce-Bottle.jpg', null, 'image/jpg', 'Roasted Red Pepper and Chipotle Hot Sauce Bottle', null, 'FILESYSTEM', null, null, null);
INSERT INTO ops$publ.BLC_STATIC_ASSET(STATIC_ASSET_ID, ALT_TEXT, ARCHIVED_FLAG, CREATED_BY, DATE_CREATED, DATE_UPDATED, UPDATED_BY, DELETED_FLAG, FILE_EXTENSION, FILE_SIZE, FULL_URL, LOCKED_FLAG, MIME_TYPE, NAME, ORIG_ASSET_ID, STORAGE_TYPE, TITLE, ORIG_SANDBOX_ID, SANDBOX_ID) VALUES (1902, null, null, null, null, null, null, null, null, null, '/img/sauces/Roasted-Red-Pepper-and-Chipotle-Hot-Sauce-Close.jpg', null, 'image/jpg', 'Roasted Red Pepper and Chipotle Hot Sauce Close-up', null, 'FILESYSTEM', null, null, null);
INSERT INTO ops$publ.BLC_STATIC_ASSET(STATIC_ASSET_ID, ALT_TEXT, ARCHIVED_FLAG, CREATED_BY, DATE_CREATED, DATE_UPDATED, UPDATED_BY, DELETED_FLAG, FILE_EXTENSION, FILE_SIZE, FULL_URL, LOCKED_FLAG, MIME_TYPE, NAME, ORIG_ASSET_ID, STORAGE_TYPE, TITLE, ORIG_SANDBOX_ID, SANDBOX_ID) VALUES (10001, null, null, null, null, null, null, null, null, null, '/img/merch/habanero_mens_black.jpg', null, 'image/jpg', 'Hawt Like a Habanero Men''s Black', null, 'FILESYSTEM', null, null, null);
INSERT INTO ops$publ.BLC_STATIC_ASSET(STATIC_ASSET_ID, ALT_TEXT, ARCHIVED_FLAG, CREATED_BY, DATE_CREATED, DATE_UPDATED, UPDATED_BY, DELETED_FLAG, FILE_EXTENSION, FILE_SIZE, FULL_URL, LOCKED_FLAG, MIME_TYPE, NAME, ORIG_ASSET_ID, STORAGE_TYPE, TITLE, ORIG_SANDBOX_ID, SANDBOX_ID) VALUES (10002, null, null, null, null, null, null, null, null, null, '/img/merch/habanero_mens_red.jpg', null, 'image/jpg', 'Hawt Like a Habanero Men''s Red', null, 'FILESYSTEM', null, null, null);
INSERT INTO ops$publ.BLC_STATIC_ASSET(STATIC_ASSET_ID, ALT_TEXT, ARCHIVED_FLAG, CREATED_BY, DATE_CREATED, DATE_UPDATED, UPDATED_BY, DELETED_FLAG, FILE_EXTENSION, FILE_SIZE, FULL_URL, LOCKED_FLAG, MIME_TYPE, NAME, ORIG_ASSET_ID, STORAGE_TYPE, TITLE, ORIG_SANDBOX_ID, SANDBOX_ID) VALUES (10003, null, null, null, null, null, null, null, null, null, '/img/merch/habanero_mens_silver.jpg', null, 'image/jpg', 'Hawt Like a Habanero Men''s Silver', null, 'FILESYSTEM', null, null, null);
INSERT INTO ops$publ.BLC_STATIC_ASSET(STATIC_ASSET_ID, ALT_TEXT, ARCHIVED_FLAG, CREATED_BY, DATE_CREATED, DATE_UPDATED, UPDATED_BY, DELETED_FLAG, FILE_EXTENSION, FILE_SIZE, FULL_URL, LOCKED_FLAG, MIME_TYPE, NAME, ORIG_ASSET_ID, STORAGE_TYPE, TITLE, ORIG_SANDBOX_ID, SANDBOX_ID) VALUES (20001, null, null, null, null, null, null, null, null, null, '/img/merch/habanero_womens_black.jpg', null, 'image/jpg', 'Hawt Like a Habanero Women''s Black', null, 'FILESYSTEM', null, null, null);
INSERT INTO ops$publ.BLC_STATIC_ASSET(STATIC_ASSET_ID, ALT_TEXT, ARCHIVED_FLAG, CREATED_BY, DATE_CREATED, DATE_UPDATED, UPDATED_BY, DELETED_FLAG, FILE_EXTENSION, FILE_SIZE, FULL_URL, LOCKED_FLAG, MIME_TYPE, NAME, ORIG_ASSET_ID, STORAGE_TYPE, TITLE, ORIG_SANDBOX_ID, SANDBOX_ID) VALUES (20002, null, null, null, null, null, null, null, null, null, '/img/merch/habanero_womens_red.jpg', null, 'image/jpg', 'Hawt Like a Habanero Women''s Red', null, 'FILESYSTEM', null, null, null);
INSERT INTO ops$publ.BLC_STATIC_ASSET(STATIC_ASSET_ID, ALT_TEXT, ARCHIVED_FLAG, CREATED_BY, DATE_CREATED, DATE_UPDATED, UPDATED_BY, DELETED_FLAG, FILE_EXTENSION, FILE_SIZE, FULL_URL, LOCKED_FLAG, MIME_TYPE, NAME, ORIG_ASSET_ID, STORAGE_TYPE, TITLE, ORIG_SANDBOX_ID, SANDBOX_ID) VALUES (20003, null, null, null, null, null, null, null, null, null, '/img/merch/habanero_womens_silver.jpg', null, 'image/jpg', 'Hawt Like a Habanero Women''s Silver', null, 'FILESYSTEM', null, null, null);
INSERT INTO ops$publ.BLC_STATIC_ASSET(STATIC_ASSET_ID, ALT_TEXT, ARCHIVED_FLAG, CREATED_BY, DATE_CREATED, DATE_UPDATED, UPDATED_BY, DELETED_FLAG, FILE_EXTENSION, FILE_SIZE, FULL_URL, LOCKED_FLAG, MIME_TYPE, NAME, ORIG_ASSET_ID, STORAGE_TYPE, TITLE, ORIG_SANDBOX_ID, SANDBOX_ID) VALUES (30001, null, null, null, null, null, null, null, null, null, '/img/merch/heat_clinic_handdrawn_mens_black.jpg', null, 'image/jpg', 'Heat Clinic Hand-Drawn Men''s Black', null, 'FILESYSTEM', null, null, null);
INSERT INTO ops$publ.BLC_STATIC_ASSET(STATIC_ASSET_ID, ALT_TEXT, ARCHIVED_FLAG, CREATED_BY, DATE_CREATED, DATE_UPDATED, UPDATED_BY, DELETED_FLAG, FILE_EXTENSION, FILE_SIZE, FULL_URL, LOCKED_FLAG, MIME_TYPE, NAME, ORIG_ASSET_ID, STORAGE_TYPE, TITLE, ORIG_SANDBOX_ID, SANDBOX_ID) VALUES (30002, null, null, null, null, null, null, null, null, null, '/img/merch/heat_clinic_handdrawn_mens_red.jpg', null, 'image/jpg', 'Heat Clinic Hand-Drawn Men''s Red', null, 'FILESYSTEM', null, null, null);
INSERT INTO ops$publ.BLC_STATIC_ASSET(STATIC_ASSET_ID, ALT_TEXT, ARCHIVED_FLAG, CREATED_BY, DATE_CREATED, DATE_UPDATED, UPDATED_BY, DELETED_FLAG, FILE_EXTENSION, FILE_SIZE, FULL_URL, LOCKED_FLAG, MIME_TYPE, NAME, ORIG_ASSET_ID, STORAGE_TYPE, TITLE, ORIG_SANDBOX_ID, SANDBOX_ID) VALUES (30003, null, null, null, null, null, null, null, null, null, '/img/merch/heat_clinic_handdrawn_mens_silver.jpg', null, 'image/jpg', 'Heat Clinic Hand-Drawn Men''s Silver', null, 'FILESYSTEM', null, null, null);
INSERT INTO ops$publ.BLC_STATIC_ASSET(STATIC_ASSET_ID, ALT_TEXT, ARCHIVED_FLAG, CREATED_BY, DATE_CREATED, DATE_UPDATED, UPDATED_BY, DELETED_FLAG, FILE_EXTENSION, FILE_SIZE, FULL_URL, LOCKED_FLAG, MIME_TYPE, NAME, ORIG_ASSET_ID, STORAGE_TYPE, TITLE, ORIG_SANDBOX_ID, SANDBOX_ID) VALUES (40001, null, null, null, null, null, null, null, null, null, '/img/merch/heat_clinic_handdrawn_womens_black.jpg', null, 'image/jpg', 'Heat Clinic Hand-Drawn Women''s Black', null, 'FILESYSTEM', null, null, null);
INSERT INTO ops$publ.BLC_STATIC_ASSET(STATIC_ASSET_ID, ALT_TEXT, ARCHIVED_FLAG, CREATED_BY, DATE_CREATED, DATE_UPDATED, UPDATED_BY, DELETED_FLAG, FILE_EXTENSION, FILE_SIZE, FULL_URL, LOCKED_FLAG, MIME_TYPE, NAME, ORIG_ASSET_ID, STORAGE_TYPE, TITLE, ORIG_SANDBOX_ID, SANDBOX_ID) VALUES (40002, null, null, null, null, null, null, null, null, null, '/img/merch/heat_clinic_handdrawn_womens_red.jpg', null, 'image/jpg', 'Heat Clinic Hand-Drawn Women''s Red', null, 'FILESYSTEM', null, null, null);
INSERT INTO ops$publ.BLC_STATIC_ASSET(STATIC_ASSET_ID, ALT_TEXT, ARCHIVED_FLAG, CREATED_BY, DATE_CREATED, DATE_UPDATED, UPDATED_BY, DELETED_FLAG, FILE_EXTENSION, FILE_SIZE, FULL_URL, LOCKED_FLAG, MIME_TYPE, NAME, ORIG_ASSET_ID, STORAGE_TYPE, TITLE, ORIG_SANDBOX_ID, SANDBOX_ID) VALUES (40003, null, null, null, null, null, null, null, null, null, '/img/merch/heat_clinic_handdrawn_womens_silver.jpg', null, 'image/jpg', 'Heat Clinic Hand-Drawn Women''s Silver', null, 'FILESYSTEM', null, null, null);
INSERT INTO ops$publ.BLC_STATIC_ASSET(STATIC_ASSET_ID, ALT_TEXT, ARCHIVED_FLAG, CREATED_BY, DATE_CREATED, DATE_UPDATED, UPDATED_BY, DELETED_FLAG, FILE_EXTENSION, FILE_SIZE, FULL_URL, LOCKED_FLAG, MIME_TYPE, NAME, ORIG_ASSET_ID, STORAGE_TYPE, TITLE, ORIG_SANDBOX_ID, SANDBOX_ID) VALUES (50001, null, null, null, null, null, null, null, null, null, '/img/merch/heat_clinic_mascot_mens_black.jpg', null, 'image/jpg', 'Heat Clinic Mascot Men''s Black', null, 'FILESYSTEM', null, null, null);
INSERT INTO ops$publ.BLC_STATIC_ASSET(STATIC_ASSET_ID, ALT_TEXT, ARCHIVED_FLAG, CREATED_BY, DATE_CREATED, DATE_UPDATED, UPDATED_BY, DELETED_FLAG, FILE_EXTENSION, FILE_SIZE, FULL_URL, LOCKED_FLAG, MIME_TYPE, NAME, ORIG_ASSET_ID, STORAGE_TYPE, TITLE, ORIG_SANDBOX_ID, SANDBOX_ID) VALUES (50002, null, null, null, null, null, null, null, null, null, '/img/merch/heat_clinic_mascot_mens_red.jpg', null, 'image/jpg', 'Heat Clinic Mascot Men''s Red', null, 'FILESYSTEM', null, null, null);
INSERT INTO ops$publ.BLC_STATIC_ASSET(STATIC_ASSET_ID, ALT_TEXT, ARCHIVED_FLAG, CREATED_BY, DATE_CREATED, DATE_UPDATED, UPDATED_BY, DELETED_FLAG, FILE_EXTENSION, FILE_SIZE, FULL_URL, LOCKED_FLAG, MIME_TYPE, NAME, ORIG_ASSET_ID, STORAGE_TYPE, TITLE, ORIG_SANDBOX_ID, SANDBOX_ID) VALUES (50003, null, null, null, null, null, null, null, null, null, '/img/merch/heat_clinic_mascot_mens_silver.jpg', null, 'image/jpg', 'Heat Clinic Mascot Men''s Silver', null, 'FILESYSTEM', null, null, null);
INSERT INTO ops$publ.BLC_STATIC_ASSET(STATIC_ASSET_ID, ALT_TEXT, ARCHIVED_FLAG, CREATED_BY, DATE_CREATED, DATE_UPDATED, UPDATED_BY, DELETED_FLAG, FILE_EXTENSION, FILE_SIZE, FULL_URL, LOCKED_FLAG, MIME_TYPE, NAME, ORIG_ASSET_ID, STORAGE_TYPE, TITLE, ORIG_SANDBOX_ID, SANDBOX_ID) VALUES (60001, null, null, null, null, null, null, null, null, null, '/img/merch/heat_clinic_mascot_womens_black.jpg', null, 'image/jpg', 'Heat Clinic Mascot Women''s Black', null, 'FILESYSTEM', null, null, null);
INSERT INTO ops$publ.BLC_STATIC_ASSET(STATIC_ASSET_ID, ALT_TEXT, ARCHIVED_FLAG, CREATED_BY, DATE_CREATED, DATE_UPDATED, UPDATED_BY, DELETED_FLAG, FILE_EXTENSION, FILE_SIZE, FULL_URL, LOCKED_FLAG, MIME_TYPE, NAME, ORIG_ASSET_ID, STORAGE_TYPE, TITLE, ORIG_SANDBOX_ID, SANDBOX_ID) VALUES (60002, null, null, null, null, null, null, null, null, null, '/img/merch/heat_clinic_mascot_womens_red.jpg', null, 'image/jpg', 'Heat Clinic Mascot Women''s Red', null, 'FILESYSTEM', null, null, null);
INSERT INTO ops$publ.BLC_STATIC_ASSET(STATIC_ASSET_ID, ALT_TEXT, ARCHIVED_FLAG, CREATED_BY, DATE_CREATED, DATE_UPDATED, UPDATED_BY, DELETED_FLAG, FILE_EXTENSION, FILE_SIZE, FULL_URL, LOCKED_FLAG, MIME_TYPE, NAME, ORIG_ASSET_ID, STORAGE_TYPE, TITLE, ORIG_SANDBOX_ID, SANDBOX_ID) VALUES (60003, null, null, null, null, null, null, null, null, null, '/img/merch/heat_clinic_mascot_womens_silver.jpg', null, 'image/jpg', 'Heat Clinic Mascot Women''s Silver', null, 'FILESYSTEM', null, null, null);
INSERT INTO ops$publ.BLC_TAR_CRIT_OFFER_XREF(OFFER_ID, OFFER_ITEM_CRITERIA_ID) VALUES (1, 1);
INSERT INTO ops$publ.BLC_TRANSLATION(TRANSLATION_ID, ENTITY_ID, ENTITY_TYPE, FIELD_NAME, LOCALE_CODE, TRANSLATED_VALUE) VALUES (-396, '3', 'FulfillmentOption', 'longDescription', 'fr', '1 - 2 Journ&eacute;es');
INSERT INTO ops$publ.BLC_TRANSLATION(TRANSLATION_ID, ENTITY_ID, ENTITY_TYPE, FIELD_NAME, LOCALE_CODE, TRANSLATED_VALUE) VALUES (-395, '3', 'FulfillmentOption', 'name', 'fr', 'Express');
INSERT INTO ops$publ.BLC_TRANSLATION(TRANSLATION_ID, ENTITY_ID, ENTITY_TYPE, FIELD_NAME, LOCALE_CODE, TRANSLATED_VALUE) VALUES (-394, '2', 'FulfillmentOption', 'longDescription', 'fr', '3 - 5 Journ&eacute;es');
INSERT INTO ops$publ.BLC_TRANSLATION(TRANSLATION_ID, ENTITY_ID, ENTITY_TYPE, FIELD_NAME, LOCALE_CODE, TRANSLATED_VALUE) VALUES (-393, '2', 'FulfillmentOption', 'name', 'fr', 'Priorit&eacute;');
INSERT INTO ops$publ.BLC_TRANSLATION(TRANSLATION_ID, ENTITY_ID, ENTITY_TYPE, FIELD_NAME, LOCALE_CODE, TRANSLATED_VALUE) VALUES (-392, '1', 'FulfillmentOption', 'longDescription', 'fr', '5 - 7 Journ&eacute;es');
INSERT INTO ops$publ.BLC_TRANSLATION(TRANSLATION_ID, ENTITY_ID, ENTITY_TYPE, FIELD_NAME, LOCALE_CODE, TRANSLATED_VALUE) VALUES (-391, '1', 'FulfillmentOption', 'name', 'fr', 'Norme');
INSERT INTO ops$publ.BLC_TRANSLATION(TRANSLATION_ID, ENTITY_ID, ENTITY_TYPE, FIELD_NAME, LOCALE_CODE, TRANSLATED_VALUE) VALUES (-382, '3', 'SearchFacet', 'label', 'fr', 'Prix');
INSERT INTO ops$publ.BLC_TRANSLATION(TRANSLATION_ID, ENTITY_ID, ENTITY_TYPE, FIELD_NAME, LOCALE_CODE, TRANSLATED_VALUE) VALUES (-381, '2', 'SearchFacet', 'label', 'fr', 'Degr&eacute; de chaleur');
INSERT INTO ops$publ.BLC_TRANSLATION(TRANSLATION_ID, ENTITY_ID, ENTITY_TYPE, FIELD_NAME, LOCALE_CODE, TRANSLATED_VALUE) VALUES (-380, '1', 'SearchFacet', 'label', 'fr', 'Fabricant');
INSERT INTO ops$publ.BLC_TRANSLATION(TRANSLATION_ID, ENTITY_ID, ENTITY_TYPE, FIELD_NAME, LOCALE_CODE, TRANSLATED_VALUE) VALUES (-300, '600', 'Sku', 'longDescription', 'fr', 'Avez-vous pas juste notre mascotte? Obtenez votre chemise propre aujourd''hui!');
INSERT INTO ops$publ.BLC_TRANSLATION(TRANSLATION_ID, ENTITY_ID, ENTITY_TYPE, FIELD_NAME, LOCALE_CODE, TRANSLATED_VALUE) VALUES (-299, '600', 'Sku', 'name', 'fr', 'Mascot Clinique chaleur (Femmes)');
INSERT INTO ops$publ.BLC_TRANSLATION(TRANSLATION_ID, ENTITY_ID, ENTITY_TYPE, FIELD_NAME, LOCALE_CODE, TRANSLATED_VALUE) VALUES (-298, '500', 'Sku', 'longDescription', 'fr', 'Avez-vous pas juste notre mascotte? Obtenez votre chemise propre aujourd''hui!');
INSERT INTO ops$publ.BLC_TRANSLATION(TRANSLATION_ID, ENTITY_ID, ENTITY_TYPE, FIELD_NAME, LOCALE_CODE, TRANSLATED_VALUE) VALUES (-297, '500', 'Sku', 'name', 'fr', 'Mascot Clinique chaleur (Hommes)');
INSERT INTO ops$publ.BLC_TRANSLATION(TRANSLATION_ID, ENTITY_ID, ENTITY_TYPE, FIELD_NAME, LOCALE_CODE, TRANSLATED_VALUE) VALUES (-296, '400', 'Sku', 'longDescription', 'fr', 'Ce t-shirt logo dessin&eacute; &agrave; la main pour les femmes dispose d''une coupe r&eacute;guli&egrave;re en trois couleurs diff&eacute;rentes.');
INSERT INTO ops$publ.BLC_TRANSLATION(TRANSLATION_ID, ENTITY_ID, ENTITY_TYPE, FIELD_NAME, LOCALE_CODE, TRANSLATED_VALUE) VALUES (-295, '400', 'Sku', 'name', 'fr', 'Clinique de chaleur tir&eacute; par la main (Femmes)');
INSERT INTO ops$publ.BLC_TRANSLATION(TRANSLATION_ID, ENTITY_ID, ENTITY_TYPE, FIELD_NAME, LOCALE_CODE, TRANSLATED_VALUE) VALUES (-294, '300', 'Sku', 'longDescription', 'fr', 'Ce t-shirt logo dessin&eacute; &agrave; la main pour les hommes dispose d''une coupe r&eacute;guli&egrave;re en trois couleurs diff&eacute;rentes.');
INSERT INTO ops$publ.BLC_TRANSLATION(TRANSLATION_ID, ENTITY_ID, ENTITY_TYPE, FIELD_NAME, LOCALE_CODE, TRANSLATED_VALUE) VALUES (-293, '300', 'Sku', 'name', 'fr', 'Clinique de chaleur tir&eacute; par la main (Hommes)');
INSERT INTO ops$publ.BLC_TRANSLATION(TRANSLATION_ID, ENTITY_ID, ENTITY_TYPE, FIELD_NAME, LOCALE_CODE, TRANSLATED_VALUE) VALUES (-292, '200', 'Sku', 'longDescription', 'fr', 'Collecte de femmes Habanero standards chemise &agrave; manches courtes shirt s&eacute;rigraphi&eacute; &agrave; 30 coton doux singles en coupe regular.');
INSERT INTO ops$publ.BLC_TRANSLATION(TRANSLATION_ID, ENTITY_ID, ENTITY_TYPE, FIELD_NAME, LOCALE_CODE, TRANSLATED_VALUE) VALUES (-291, '200', 'Sku', 'name', 'fr', 'Hawt comme une chemise Habanero (Femmes)');
INSERT INTO ops$publ.BLC_TRANSLATION(TRANSLATION_ID, ENTITY_ID, ENTITY_TYPE, FIELD_NAME, LOCALE_CODE, TRANSLATED_VALUE) VALUES (-290, '100', 'Sku', 'longDescription', 'fr', 'Collecte Hommes Habanero standards chemise &agrave; manches courtes t s&eacute;rigraphi&eacute;es en 30 coton doux singles en coupe regular.');
INSERT INTO ops$publ.BLC_TRANSLATION(TRANSLATION_ID, ENTITY_ID, ENTITY_TYPE, FIELD_NAME, LOCALE_CODE, TRANSLATED_VALUE) VALUES (-289, '100', 'Sku', 'name', 'fr', 'Hawt comme une chemise Habanero (Hommes)');
INSERT INTO ops$publ.BLC_TRANSLATION(TRANSLATION_ID, ENTITY_ID, ENTITY_TYPE, FIELD_NAME, LOCALE_CODE, TRANSLATED_VALUE) VALUES (-288, '19', 'Sku', 'longDescription', 'fr', 'Cette sauce tire sa saveur des poivrons grand &acirc;ge et le vinaigre de canne. Il permettra d''am&eacute;liorer la saveur de la plupart de n''importe quel repas.');
INSERT INTO ops$publ.BLC_TRANSLATION(TRANSLATION_ID, ENTITY_ID, ENTITY_TYPE, FIELD_NAME, LOCALE_CODE, TRANSLATED_VALUE) VALUES (-287, '19', 'Sku', 'name', 'fr', 'Sauce chaudes Chipotle');
INSERT INTO ops$publ.BLC_TRANSLATION(TRANSLATION_ID, ENTITY_ID, ENTITY_TYPE, FIELD_NAME, LOCALE_CODE, TRANSLATED_VALUE) VALUES (-286, '18', 'Sku', 'longDescription', 'fr', 'Cette sauce tire sa saveur des poivrons grand &acirc;ge et le vinaigre de canne. Il permettra d''am&eacute;liorer la saveur de la plupart de n''importe quel repas.');
INSERT INTO ops$publ.BLC_TRANSLATION(TRANSLATION_ID, ENTITY_ID, ENTITY_TYPE, FIELD_NAME, LOCALE_CODE, TRANSLATED_VALUE) VALUES (-285, '18', 'Sku', 'name', 'fr', 'Sauces chaudes Jalapeno');
INSERT INTO ops$publ.BLC_TRANSLATION(TRANSLATION_ID, ENTITY_ID, ENTITY_TYPE, FIELD_NAME, LOCALE_CODE, TRANSLATED_VALUE) VALUES (-284, '17', 'Sku', 'longDescription', 'fr', 'Cette sauce tire sa saveur des poivrons grand &acirc;ge et le vinaigre de canne. Il permettra d''am&eacute;liorer la saveur de la plupart de n''importe quel repas.');
INSERT INTO ops$publ.BLC_TRANSLATION(TRANSLATION_ID, ENTITY_ID, ENTITY_TYPE, FIELD_NAME, LOCALE_CODE, TRANSLATED_VALUE) VALUES (-283, '17', 'Sku', 'name', 'fr', 'Sauce Scotch Bonnet chaud');
INSERT INTO ops$publ.BLC_TRANSLATION(TRANSLATION_ID, ENTITY_ID, ENTITY_TYPE, FIELD_NAME, LOCALE_CODE, TRANSLATED_VALUE) VALUES (-282, '16', 'Sku', 'longDescription', 'fr', 'Cette sauce tire sa saveur des poivrons grand &acirc;ge et le vinaigre de canne. Il permettra d''am&eacute;liorer la saveur de la plupart de n''importe quel repas.');
INSERT INTO ops$publ.BLC_TRANSLATION(TRANSLATION_ID, ENTITY_ID, ENTITY_TYPE, FIELD_NAME, LOCALE_CODE, TRANSLATED_VALUE) VALUES (-281, '16', 'Sku', 'name', 'fr', 'Sauce Scotch Bonnet chaud');
INSERT INTO ops$publ.BLC_TRANSLATION(TRANSLATION_ID, ENTITY_ID, ENTITY_TYPE, FIELD_NAME, LOCALE_CODE, TRANSLATED_VALUE) VALUES (-280, '15', 'Sku', 'longDescription', 'fr', 'Cette sauce tire sa saveur des poivrons grand &acirc;ge et le vinaigre de canne. Il permettra d''am&eacute;liorer la saveur de la plupart de n''importe quel repas.');
INSERT INTO ops$publ.BLC_TRANSLATION(TRANSLATION_ID, ENTITY_ID, ENTITY_TYPE, FIELD_NAME, LOCALE_CODE, TRANSLATED_VALUE) VALUES (-279, '15', 'Sku', 'name', 'fr', 'Sauce &agrave; l''ail rti chaud');
INSERT INTO ops$publ.BLC_TRANSLATION(TRANSLATION_ID, ENTITY_ID, ENTITY_TYPE, FIELD_NAME, LOCALE_CODE, TRANSLATED_VALUE) VALUES (-278, '14', 'Sku', 'longDescription', 'fr', 'Cette sauce tire sa saveur des poivrons grand &acirc;ge et le vinaigre de canne. Il permettra d''am&eacute;liorer la saveur de la plupart de n''importe quel repas.');
INSERT INTO ops$publ.BLC_TRANSLATION(TRANSLATION_ID, ENTITY_ID, ENTITY_TYPE, FIELD_NAME, LOCALE_CODE, TRANSLATED_VALUE) VALUES (-277, '14', 'Sku', 'name', 'fr', 'Frais Poivre de Cayenne Hot Sauce');
INSERT INTO ops$publ.BLC_TRANSLATION(TRANSLATION_ID, ENTITY_ID, ENTITY_TYPE, FIELD_NAME, LOCALE_CODE, TRANSLATED_VALUE) VALUES (-276, '13', 'Sku', 'longDescription', 'fr', 'Todo es m&aacute;s grande en Texas, incluso lo picante de la Salsa de Snortin Bull! Tout est plus grand au Texas, m&ecirc;me la brlure de Hot Sauce une Snortin Bull! douche sur le Texas Steak taille qu''ils appellent le 96er Ole ou vos l&eacute;gumes Jane avion. Si vous &ecirc;tes un fan sur faire de la sauce barbecue &agrave; partir de z&eacute;ro comme je suis, vous pouvez utiliser la sauce Bull amygdales Snort Smokin ''Hot tant qu''additif. Red hot habaneros et piments donner &agrave; cette tingler amygdales sa saveur c&eacute;l&egrave;bre et rouge de chaleur chaud. Bull Snort Smokin ''Hot amygdales Sauce''ll avoir vos entrailles buckin avec une goutte d''eau.');
INSERT INTO ops$publ.BLC_TRANSLATION(TRANSLATION_ID, ENTITY_ID, ENTITY_TYPE, FIELD_NAME, LOCALE_CODE, TRANSLATED_VALUE) VALUES (-275, '13', 'Sku', 'name', 'fr', 'Bull Snort Smokin ''Hot Sauce Toncils');
INSERT INTO ops$publ.BLC_TRANSLATION(TRANSLATION_ID, ENTITY_ID, ENTITY_TYPE, FIELD_NAME, LOCALE_CODE, TRANSLATED_VALUE) VALUES (-274, '12', 'Sku', 'longDescription', 'fr', 'L''une des sauces les plus insolites que nous vendons. L''original &eacute;tait un vieux style sauce cajun et c''est a le noircissement &agrave; jour de version. C''est gentil, mais vous obtenez un grand succ&egrave;s de cannelle et de clou de girofle avec un coup de chaleur agr&eacute;able de Cayenne. Utilisez-le sur tous les aliments &agrave; donner cette ambiance cajun.');
INSERT INTO ops$publ.BLC_TRANSLATION(TRANSLATION_ID, ENTITY_ID, ENTITY_TYPE, FIELD_NAME, LOCALE_CODE, TRANSLATED_VALUE) VALUES (-273, '12', 'Sku', 'name', 'fr', 'Caf&eacute; Cajun Louisiane Douce Sauce Blackening');
INSERT INTO ops$publ.BLC_TRANSLATION(TRANSLATION_ID, ENTITY_ID, ENTITY_TYPE, FIELD_NAME, LOCALE_CODE, TRANSLATED_VALUE) VALUES (-272, '11', 'Sku', 'longDescription', 'fr', 'Been there, encord&eacute;s cela. Hotter than jument buckin ''en chaleur! Saupoudrez de plats de viande, de fruits de mer et l&eacute;gumes. Utilisation comme additif dans une sauce barbecue ou tout aliment qui a besoin d''une saveur &eacute;pic&eacute;e. Commencez avec quelques gouttes et travailler jusqu''&agrave; la saveur d&eacute;sir&eacute;e.');
INSERT INTO ops$publ.BLC_TRANSLATION(TRANSLATION_ID, ENTITY_ID, ENTITY_TYPE, FIELD_NAME, LOCALE_CODE, TRANSLATED_VALUE) VALUES (-271, '11', 'Sku', 'name', 'fr', 'Bull Snort Cowboy poivre de Cayenne Hot Sauce');
INSERT INTO ops$publ.BLC_TRANSLATION(TRANSLATION_ID, ENTITY_ID, ENTITY_TYPE, FIELD_NAME, LOCALE_CODE, TRANSLATED_VALUE) VALUES (-270, '10', 'Sku', 'longDescription', 'fr', 'Voici la prescription pour ceux qui aiment la chaleur intol&eacute;rable. Dr Chilemeister potion de malades et mal mortel doit &ecirc;tre utilis&eacute; avec prudence. La douleur peut devenir une d&eacute;pendance!');
INSERT INTO ops$publ.BLC_TRANSLATION(TRANSLATION_ID, ENTITY_ID, ENTITY_TYPE, FIELD_NAME, LOCALE_CODE, TRANSLATED_VALUE) VALUES (-269, '10', 'Sku', 'name', 'fr', 'Dr Chilemeister Sauce Hot Insane');
INSERT INTO ops$publ.BLC_TRANSLATION(TRANSLATION_ID, ENTITY_ID, ENTITY_TYPE, FIELD_NAME, LOCALE_CODE, TRANSLATED_VALUE) VALUES (-268, '9', 'Sku', 'longDescription', 'fr', 'Tout l''enfer se d&eacute;chane, le feu et le soufre pleuvoir? se pr&eacute;parer &agrave; rencontrer votre machine?');
INSERT INTO ops$publ.BLC_TRANSLATION(TRANSLATION_ID, ENTITY_ID, ENTITY_TYPE, FIELD_NAME, LOCALE_CODE, TRANSLATED_VALUE) VALUES (-267, '9', 'Sku', 'name', 'fr', 'Armageddon Le Hot Sauce To End All');
INSERT INTO ops$publ.BLC_TRANSLATION(TRANSLATION_ID, ENTITY_ID, ENTITY_TYPE, FIELD_NAME, LOCALE_CODE, TRANSLATED_VALUE) VALUES (-266, '8', 'Sku', 'longDescription', 'fr', 'Vous misez vos bottes, cette sauce chaude valu son nom de gens qui appr&eacute;cient une sauce chaude exceptionnel. Ce que vous trouverez ici est une saveur piquante vraiment original, pas un piquant irr&eacute;sistible que l''on retrouve dans les sauces au poivre Tabasco ordinaires - m&ecirc;me si le piment utilis&eacute; dans ce produit a &eacute;t&eacute; test&eacute; &agrave; 285.000 unit&eacute;s Scoville. Alors, en selle pour une balade inoubliable. Pour vous assurer que nous vous avons apport&eacute; la plus belle sauce au poivre de Habanero, nous sommes all&eacute;s aux contreforts des montagnes mayas au Belize, en Am&eacute;rique centrale. Ce produit est pr&eacute;par&eacute; enti&egrave;rement &agrave; la main en utilisant uniquement des l&eacute;gumes frais et de tous les ingr&eacute;dients naturels.');
INSERT INTO ops$publ.BLC_TRANSLATION(TRANSLATION_ID, ENTITY_ID, ENTITY_TYPE, FIELD_NAME, LOCALE_CODE, TRANSLATED_VALUE) VALUES (-265, '8', 'Sku', 'name', 'fr', 'Blazin ''Selle XXX Hot Habanero sauce au poivre');
INSERT INTO ops$publ.BLC_TRANSLATION(TRANSLATION_ID, ENTITY_ID, ENTITY_TYPE, FIELD_NAME, LOCALE_CODE, TRANSLATED_VALUE) VALUES (-264, '7', 'Sku', 'longDescription', 'fr', 'Fabriqu&eacute; avec Naga Bhut Jolokia, plus chaud poivre dans le monde.');
INSERT INTO ops$publ.BLC_TRANSLATION(TRANSLATION_ID, ENTITY_ID, ENTITY_TYPE, FIELD_NAME, LOCALE_CODE, TRANSLATED_VALUE) VALUES (-263, '7', 'Sku', 'name', 'fr', 'Green Ghost');
INSERT INTO ops$publ.BLC_TRANSLATION(TRANSLATION_ID, ENTITY_ID, ENTITY_TYPE, FIELD_NAME, LOCALE_CODE, TRANSLATED_VALUE) VALUES (-262, '6', 'Sku', 'longDescription', 'fr', 'Souvent confondu avec le Habanero, le Scotch Bonnet a une pointe profond&eacute;ment invers&eacute;e par rapport &agrave; l''extr&eacute;mit&eacute; pointue de l''Habanero. Allant dans de nombreuses couleurs allant du vert au jaune-orange, le Scotch Bonnet est un aliment de base dans les Antilles et sauces au poivre de style Barbade.');
INSERT INTO ops$publ.BLC_TRANSLATION(TRANSLATION_ID, ENTITY_ID, ENTITY_TYPE, FIELD_NAME, LOCALE_CODE, TRANSLATED_VALUE) VALUES (-261, '6', 'Sku', 'name', 'fr', 'Jour de la sauce Scotch Bonnet Hot Morte');
INSERT INTO ops$publ.BLC_TRANSLATION(TRANSLATION_ID, ENTITY_ID, ENTITY_TYPE, FIELD_NAME, LOCALE_CODE, TRANSLATED_VALUE) VALUES (-260, '5', 'Sku', 'longDescription', 'fr', 'Si vous voulez chaud, c''est le piment de choisir. Originaire de la Carabe, du Yucatan et du Nord Cte de l''Am&eacute;rique du Sud, le Habanero se pr&eacute;sente dans une vari&eacute;t&eacute; de couleurs allant du vert p&acirc;le au rouge vif. La chaleur gras Habanero, la saveur et l''arme unique, en a fait le favori des amateurs de chili.');
INSERT INTO ops$publ.BLC_TRANSLATION(TRANSLATION_ID, ENTITY_ID, ENTITY_TYPE, FIELD_NAME, LOCALE_CODE, TRANSLATED_VALUE) VALUES (-259, '5', 'Sku', 'name', 'fr', 'Jour de la sauce Habanero Hot Morte');
INSERT INTO ops$publ.BLC_TRANSLATION(TRANSLATION_ID, ENTITY_ID, ENTITY_TYPE, FIELD_NAME, LOCALE_CODE, TRANSLATED_VALUE) VALUES (-258, '4', 'Sku', 'longDescription', 'fr', 'Lorsque tout le poivre est s&eacute;ch&eacute; et fum&eacute;, il est consid&eacute;r&eacute; comme un Chipotle. Normalement, avec un aspect froiss&eacute;, drak brun, le chipotle fum&eacute; offre une saveur douce qui est g&eacute;n&eacute;ralement utilis&eacute; pour ajouter un smokey, saveur rtie aux salsas, les ragots et marinades.');
INSERT INTO ops$publ.BLC_TRANSLATION(TRANSLATION_ID, ENTITY_ID, ENTITY_TYPE, FIELD_NAME, LOCALE_CODE, TRANSLATED_VALUE) VALUES (-257, '4', 'Sku', 'name', 'fr', 'Jour de la sauce chaude Morte Chipotle');
INSERT INTO ops$publ.BLC_TRANSLATION(TRANSLATION_ID, ENTITY_ID, ENTITY_TYPE, FIELD_NAME, LOCALE_CODE, TRANSLATED_VALUE) VALUES (-256, '3', 'Sku', 'longDescription', 'fr', 'Tangy, venu de Cayenne poivron flux avec l''ail, l''oignon p&acirc;te de tomate, et un soupon de sucre de canne pour en faire une sauce onctueuse avec une morsure. Magnifique sur les ufs, la volaille, le porc ou le poisson, cette sauce marie pour faire des marinades et des soupes riches.');
INSERT INTO ops$publ.BLC_TRANSLATION(TRANSLATION_ID, ENTITY_ID, ENTITY_TYPE, FIELD_NAME, LOCALE_CODE, TRANSLATED_VALUE) VALUES (-255, '3', 'Sku', 'name', 'fr', 'Hot Sauce Hoppin');
INSERT INTO ops$publ.BLC_TRANSLATION(TRANSLATION_ID, ENTITY_ID, ENTITY_TYPE, FIELD_NAME, LOCALE_CODE, TRANSLATED_VALUE) VALUES (-254, '2', 'Sku', 'longDescription', 'fr', 'Le parfait topper pour le poulet, le poisson, des hamburgers ou une pizza. Un grand m&eacute;lange de Habanero, mangue, fruits de la passion et de plus faire cette sauce Mort d''un festin incroyable tropicale');
INSERT INTO ops$publ.BLC_TRANSLATION(TRANSLATION_ID, ENTITY_ID, ENTITY_TYPE, FIELD_NAME, LOCALE_CODE, TRANSLATED_VALUE) VALUES (-253, '2', 'Sku', 'name', 'fr', 'Sauce Sweet Death');
INSERT INTO ops$publ.BLC_TRANSLATION(TRANSLATION_ID, ENTITY_ID, ENTITY_TYPE, FIELD_NAME, LOCALE_CODE, TRANSLATED_VALUE) VALUES (-252, '1', 'Sku', 'longDescription', 'fr', 'Comme mes Chilipals sais, je suis pas du genre &agrave; &ecirc;tre satisfaite. Par cons&eacute;quent, la cr&eacute;ation de la mort subite. Lorsque vous avez besoin d''aller au-del&agrave; ... Mort subite livrera!');
INSERT INTO ops$publ.BLC_TRANSLATION(TRANSLATION_ID, ENTITY_ID, ENTITY_TYPE, FIELD_NAME, LOCALE_CODE, TRANSLATED_VALUE) VALUES (-251, '1', 'Sku', 'name', 'fr', 'Sauce mort subite');
INSERT INTO ops$publ.BLC_TRANSLATION(TRANSLATION_ID, ENTITY_ID, ENTITY_TYPE, FIELD_NAME, LOCALE_CODE, TRANSLATED_VALUE) VALUES (-247, '14', 'ProdOptionVal', 'attributeValue', 'fr', 'XG');
INSERT INTO ops$publ.BLC_TRANSLATION(TRANSLATION_ID, ENTITY_ID, ENTITY_TYPE, FIELD_NAME, LOCALE_CODE, TRANSLATED_VALUE) VALUES (-246, '13', 'ProdOptionVal', 'attributeValue', 'fr', 'G');
INSERT INTO ops$publ.BLC_TRANSLATION(TRANSLATION_ID, ENTITY_ID, ENTITY_TYPE, FIELD_NAME, LOCALE_CODE, TRANSLATED_VALUE) VALUES (-245, '12', 'ProdOptionVal', 'attributeValue', 'fr', 'M');
INSERT INTO ops$publ.BLC_TRANSLATION(TRANSLATION_ID, ENTITY_ID, ENTITY_TYPE, FIELD_NAME, LOCALE_CODE, TRANSLATED_VALUE) VALUES (-244, '11', 'ProdOptionVal', 'attributeValue', 'fr', 'P');
INSERT INTO ops$publ.BLC_TRANSLATION(TRANSLATION_ID, ENTITY_ID, ENTITY_TYPE, FIELD_NAME, LOCALE_CODE, TRANSLATED_VALUE) VALUES (-243, '3', 'ProdOptionVal', 'attributeValue', 'fr', 'Argent');
INSERT INTO ops$publ.BLC_TRANSLATION(TRANSLATION_ID, ENTITY_ID, ENTITY_TYPE, FIELD_NAME, LOCALE_CODE, TRANSLATED_VALUE) VALUES (-242, '2', 'ProdOptionVal', 'attributeValue', 'fr', 'Rouge');
INSERT INTO ops$publ.BLC_TRANSLATION(TRANSLATION_ID, ENTITY_ID, ENTITY_TYPE, FIELD_NAME, LOCALE_CODE, TRANSLATED_VALUE) VALUES (-241, '1', 'ProdOptionVal', 'attributeValue', 'fr', 'Noir');
INSERT INTO ops$publ.BLC_TRANSLATION(TRANSLATION_ID, ENTITY_ID, ENTITY_TYPE, FIELD_NAME, LOCALE_CODE, TRANSLATED_VALUE) VALUES (-232, '2', 'ProdOption', 'label', 'fr', 'Shirt Taille');
INSERT INTO ops$publ.BLC_TRANSLATION(TRANSLATION_ID, ENTITY_ID, ENTITY_TYPE, FIELD_NAME, LOCALE_CODE, TRANSLATED_VALUE) VALUES (-231, '1', 'ProdOption', 'label', 'fr', 'Shirt Couleur');
INSERT INTO ops$publ.BLC_TRANSLATION(TRANSLATION_ID, ENTITY_ID, ENTITY_TYPE, FIELD_NAME, LOCALE_CODE, TRANSLATED_VALUE) VALUES (-216, '2006', 'Category', 'description', 'fr', 'FAQ');
INSERT INTO ops$publ.BLC_TRANSLATION(TRANSLATION_ID, ENTITY_ID, ENTITY_TYPE, FIELD_NAME, LOCALE_CODE, TRANSLATED_VALUE) VALUES (-215, '2005', 'Category', 'description', 'fr', 'Nouveau Hot Sauce?');
INSERT INTO ops$publ.BLC_TRANSLATION(TRANSLATION_ID, ENTITY_ID, ENTITY_TYPE, FIELD_NAME, LOCALE_CODE, TRANSLATED_VALUE) VALUES (-214, '2004', 'Category', 'description', 'fr', 'D&eacute;gagement');
INSERT INTO ops$publ.BLC_TRANSLATION(TRANSLATION_ID, ENTITY_ID, ENTITY_TYPE, FIELD_NAME, LOCALE_CODE, TRANSLATED_VALUE) VALUES (-213, '2003', 'Category', 'description', 'fr', 'Marchandisfr');
INSERT INTO ops$publ.BLC_TRANSLATION(TRANSLATION_ID, ENTITY_ID, ENTITY_TYPE, FIELD_NAME, LOCALE_CODE, TRANSLATED_VALUE) VALUES (-212, '2002', 'Category', 'description', 'fr', 'Sauces chaudfr');
INSERT INTO ops$publ.BLC_TRANSLATION(TRANSLATION_ID, ENTITY_ID, ENTITY_TYPE, FIELD_NAME, LOCALE_CODE, TRANSLATED_VALUE) VALUES (-211, '2001', 'Category', 'description', 'fr', 'Page d''accueil');
INSERT INTO ops$publ.BLC_TRANSLATION(TRANSLATION_ID, ENTITY_ID, ENTITY_TYPE, FIELD_NAME, LOCALE_CODE, TRANSLATED_VALUE) VALUES (-206, '2006', 'Category', 'name', 'fr', 'FAQ');
INSERT INTO ops$publ.BLC_TRANSLATION(TRANSLATION_ID, ENTITY_ID, ENTITY_TYPE, FIELD_NAME, LOCALE_CODE, TRANSLATED_VALUE) VALUES (-205, '2005', 'Category', 'name', 'fr', 'Nouveau Hot Sauce?');
INSERT INTO ops$publ.BLC_TRANSLATION(TRANSLATION_ID, ENTITY_ID, ENTITY_TYPE, FIELD_NAME, LOCALE_CODE, TRANSLATED_VALUE) VALUES (-204, '2004', 'Category', 'name', 'fr', 'D&eacute;gagement');
INSERT INTO ops$publ.BLC_TRANSLATION(TRANSLATION_ID, ENTITY_ID, ENTITY_TYPE, FIELD_NAME, LOCALE_CODE, TRANSLATED_VALUE) VALUES (-203, '2003', 'Category', 'name', 'fr', 'Marchandisfr');
INSERT INTO ops$publ.BLC_TRANSLATION(TRANSLATION_ID, ENTITY_ID, ENTITY_TYPE, FIELD_NAME, LOCALE_CODE, TRANSLATED_VALUE) VALUES (-202, '2002', 'Category', 'name', 'fr', 'Sauces chaudfr');
INSERT INTO ops$publ.BLC_TRANSLATION(TRANSLATION_ID, ENTITY_ID, ENTITY_TYPE, FIELD_NAME, LOCALE_CODE, TRANSLATED_VALUE) VALUES (-201, '2001', 'Category', 'name', 'fr', 'Page d''accueil');
INSERT INTO ops$publ.BLC_TRANSLATION(TRANSLATION_ID, ENTITY_ID, ENTITY_TYPE, FIELD_NAME, LOCALE_CODE, TRANSLATED_VALUE) VALUES (-196, '3', 'FulfillmentOption', 'longDescription', 'es', '1 - 2 D&iacute;as');
INSERT INTO ops$publ.BLC_TRANSLATION(TRANSLATION_ID, ENTITY_ID, ENTITY_TYPE, FIELD_NAME, LOCALE_CODE, TRANSLATED_VALUE) VALUES (-195, '3', 'FulfillmentOption', 'name', 'es', 'Express');
INSERT INTO ops$publ.BLC_TRANSLATION(TRANSLATION_ID, ENTITY_ID, ENTITY_TYPE, FIELD_NAME, LOCALE_CODE, TRANSLATED_VALUE) VALUES (-194, '2', 'FulfillmentOption', 'longDescription', 'es', '3 - 5 D&iacute;as');
INSERT INTO ops$publ.BLC_TRANSLATION(TRANSLATION_ID, ENTITY_ID, ENTITY_TYPE, FIELD_NAME, LOCALE_CODE, TRANSLATED_VALUE) VALUES (-193, '2', 'FulfillmentOption', 'name', 'es', 'Ejecutiva');
INSERT INTO ops$publ.BLC_TRANSLATION(TRANSLATION_ID, ENTITY_ID, ENTITY_TYPE, FIELD_NAME, LOCALE_CODE, TRANSLATED_VALUE) VALUES (-192, '1', 'FulfillmentOption', 'longDescription', 'es', '5 - 7 D&iacute;as');
INSERT INTO ops$publ.BLC_TRANSLATION(TRANSLATION_ID, ENTITY_ID, ENTITY_TYPE, FIELD_NAME, LOCALE_CODE, TRANSLATED_VALUE) VALUES (-191, '1', 'FulfillmentOption', 'name', 'es', 'Estndar');
INSERT INTO ops$publ.BLC_TRANSLATION(TRANSLATION_ID, ENTITY_ID, ENTITY_TYPE, FIELD_NAME, LOCALE_CODE, TRANSLATED_VALUE) VALUES (-182, '3', 'SearchFacet', 'label', 'es', 'Precio');
INSERT INTO ops$publ.BLC_TRANSLATION(TRANSLATION_ID, ENTITY_ID, ENTITY_TYPE, FIELD_NAME, LOCALE_CODE, TRANSLATED_VALUE) VALUES (-181, '2', 'SearchFacet', 'label', 'es', 'Rango de Calor');
INSERT INTO ops$publ.BLC_TRANSLATION(TRANSLATION_ID, ENTITY_ID, ENTITY_TYPE, FIELD_NAME, LOCALE_CODE, TRANSLATED_VALUE) VALUES (-180, '1', 'SearchFacet', 'label', 'es', 'Fabricante');
INSERT INTO ops$publ.BLC_TRANSLATION(TRANSLATION_ID, ENTITY_ID, ENTITY_TYPE, FIELD_NAME, LOCALE_CODE, TRANSLATED_VALUE) VALUES (-100, '600', 'Sku', 'longDescription', 'es', '&iquest;No te encanta nuestra mascota? Compre su propia camiseta hoy!');
INSERT INTO ops$publ.BLC_TRANSLATION(TRANSLATION_ID, ENTITY_ID, ENTITY_TYPE, FIELD_NAME, LOCALE_CODE, TRANSLATED_VALUE) VALUES (-99, '600', 'Sku', 'name', 'es', 'Mascota de Heat Clinic (Mujeres)');
INSERT INTO ops$publ.BLC_TRANSLATION(TRANSLATION_ID, ENTITY_ID, ENTITY_TYPE, FIELD_NAME, LOCALE_CODE, TRANSLATED_VALUE) VALUES (-98, '500', 'Sku', 'longDescription', 'es', '&iquest;No te encanta nuestra mascota? Compre su propia camiseta hoy!');
INSERT INTO ops$publ.BLC_TRANSLATION(TRANSLATION_ID, ENTITY_ID, ENTITY_TYPE, FIELD_NAME, LOCALE_CODE, TRANSLATED_VALUE) VALUES (-97, '500', 'Sku', 'name', 'es', 'Mascota de Heat Clinic (Hombres)');
INSERT INTO ops$publ.BLC_TRANSLATION(TRANSLATION_ID, ENTITY_ID, ENTITY_TYPE, FIELD_NAME, LOCALE_CODE, TRANSLATED_VALUE) VALUES (-96, '400', 'Sku', 'longDescription', 'es', 'Esta camiseta tiene el logo dibujado a mano para hombres, ofrece un ajuste regular en tres colores diferentes.');
INSERT INTO ops$publ.BLC_TRANSLATION(TRANSLATION_ID, ENTITY_ID, ENTITY_TYPE, FIELD_NAME, LOCALE_CODE, TRANSLATED_VALUE) VALUES (-95, '400', 'Sku', 'name', 'es', 'Heat Clinic dibujado a mano (Mujeres)');
INSERT INTO ops$publ.BLC_TRANSLATION(TRANSLATION_ID, ENTITY_ID, ENTITY_TYPE, FIELD_NAME, LOCALE_CODE, TRANSLATED_VALUE) VALUES (-94, '300', 'Sku', 'longDescription', 'es', 'Esta camiseta tiene el logo dibujado a mano para hombres, ofrece un ajuste regular en tres colores diferentes.');
INSERT INTO ops$publ.BLC_TRANSLATION(TRANSLATION_ID, ENTITY_ID, ENTITY_TYPE, FIELD_NAME, LOCALE_CODE, TRANSLATED_VALUE) VALUES (-93, '300', 'Sku', 'name', 'es', 'Heat Clinic dibujado a mano (Hombres)');
INSERT INTO ops$publ.BLC_TRANSLATION(TRANSLATION_ID, ENTITY_ID, ENTITY_TYPE, FIELD_NAME, LOCALE_CODE, TRANSLATED_VALUE) VALUES (-92, '200', 'Sku', 'longDescription', 'es', 'Colecci&oacute;n de Mujeres Habanero est&aacute;ndar de manga corta serigrafiadas, camiseta de algod&oacute;n suave en ajuste normal.');
INSERT INTO ops$publ.BLC_TRANSLATION(TRANSLATION_ID, ENTITY_ID, ENTITY_TYPE, FIELD_NAME, LOCALE_CODE, TRANSLATED_VALUE) VALUES (-91, '200', 'Sku', 'name', 'es', 'Camisa de Habanero Hawt (Mujeres)');
INSERT INTO ops$publ.BLC_TRANSLATION(TRANSLATION_ID, ENTITY_ID, ENTITY_TYPE, FIELD_NAME, LOCALE_CODE, TRANSLATED_VALUE) VALUES (-90, '100', 'Sku', 'longDescription', 'es', 'Colecci&oacute;n de Hombres Habanero est&aacute;ndar de manga corta serigrafiadas, camiseta de algod&oacute;n suave en ajuste normal.');
INSERT INTO ops$publ.BLC_TRANSLATION(TRANSLATION_ID, ENTITY_ID, ENTITY_TYPE, FIELD_NAME, LOCALE_CODE, TRANSLATED_VALUE) VALUES (-89, '100', 'Sku', 'name', 'es', 'Camisa de Habanero Hawt (Hombres)');
INSERT INTO ops$publ.BLC_TRANSLATION(TRANSLATION_ID, ENTITY_ID, ENTITY_TYPE, FIELD_NAME, LOCALE_CODE, TRANSLATED_VALUE) VALUES (-88, '19', 'Sku', 'longDescription', 'es', 'Esta salsa debe su gran sabor a los pimientos de edad y vinagre de ca&ntilde;a. Mejorar&aacute; el sabor de cualquier comida.');
INSERT INTO ops$publ.BLC_TRANSLATION(TRANSLATION_ID, ENTITY_ID, ENTITY_TYPE, FIELD_NAME, LOCALE_CODE, TRANSLATED_VALUE) VALUES (-87, '19', 'Sku', 'name', 'es', 'Salsa de Pimienta Roja y Chipotle');
INSERT INTO ops$publ.BLC_TRANSLATION(TRANSLATION_ID, ENTITY_ID, ENTITY_TYPE, FIELD_NAME, LOCALE_CODE, TRANSLATED_VALUE) VALUES (-86, '18', 'Sku', 'longDescription', 'es', 'Esta salsa debe su gran sabor a los pimientos de edad y vinagre de ca&ntilde;a. Mejorar&aacute; el sabor de cualquier comida.');
INSERT INTO ops$publ.BLC_TRANSLATION(TRANSLATION_ID, ENTITY_ID, ENTITY_TYPE, FIELD_NAME, LOCALE_CODE, TRANSLATED_VALUE) VALUES (-85, '18', 'Sku', 'name', 'es', 'Salsa de Jalape&ntilde;o Ardiente');
INSERT INTO ops$publ.BLC_TRANSLATION(TRANSLATION_ID, ENTITY_ID, ENTITY_TYPE, FIELD_NAME, LOCALE_CODE, TRANSLATED_VALUE) VALUES (-84, '17', 'Sku', 'longDescription', 'es', 'Esta salsa debe su gran sabor a los pimientos de edad y vinagre de ca&ntilde;a. Mejorar&aacute; el sabor de cualquier comida.');
INSERT INTO ops$publ.BLC_TRANSLATION(TRANSLATION_ID, ENTITY_ID, ENTITY_TYPE, FIELD_NAME, LOCALE_CODE, TRANSLATED_VALUE) VALUES (-83, '17', 'Sku', 'name', 'es', 'Salsa de Locura');
INSERT INTO ops$publ.BLC_TRANSLATION(TRANSLATION_ID, ENTITY_ID, ENTITY_TYPE, FIELD_NAME, LOCALE_CODE, TRANSLATED_VALUE) VALUES (-82, '16', 'Sku', 'longDescription', 'es', 'Esta salsa debe su gran sabor a los pimientos de edad y vinagre de ca&ntilde;a. Mejorar&aacute; el sabor de cualquier comida.');
INSERT INTO ops$publ.BLC_TRANSLATION(TRANSLATION_ID, ENTITY_ID, ENTITY_TYPE, FIELD_NAME, LOCALE_CODE, TRANSLATED_VALUE) VALUES (-81, '16', 'Sku', 'name', 'es', 'Salsa de Locura');
INSERT INTO ops$publ.BLC_TRANSLATION(TRANSLATION_ID, ENTITY_ID, ENTITY_TYPE, FIELD_NAME, LOCALE_CODE, TRANSLATED_VALUE) VALUES (-80, '15', 'Sku', 'longDescription', 'es', 'Esta salsa debe su gran sabor a los pimientos de edad y vinagre de ca&ntilde;a. Mejorar&aacute; el sabor de cualquier comida.');
INSERT INTO ops$publ.BLC_TRANSLATION(TRANSLATION_ID, ENTITY_ID, ENTITY_TYPE, FIELD_NAME, LOCALE_CODE, TRANSLATED_VALUE) VALUES (-79, '15', 'Sku', 'name', 'es', 'Salsa de Ajo Tostado');
INSERT INTO ops$publ.BLC_TRANSLATION(TRANSLATION_ID, ENTITY_ID, ENTITY_TYPE, FIELD_NAME, LOCALE_CODE, TRANSLATED_VALUE) VALUES (-78, '14', 'Sku', 'longDescription', 'es', 'Esta salsa debe su gran sabor a los pimientos de edad y vinagre de ca&ntilde;a. Mejorar&aacute; el sabor de cualquier comida.');
INSERT INTO ops$publ.BLC_TRANSLATION(TRANSLATION_ID, ENTITY_ID, ENTITY_TYPE, FIELD_NAME, LOCALE_CODE, TRANSLATED_VALUE) VALUES (-77, '14', 'Sku', 'name', 'es', 'Salsa de Cayene Fresco');
INSERT INTO ops$publ.BLC_TRANSLATION(TRANSLATION_ID, ENTITY_ID, ENTITY_TYPE, FIELD_NAME, LOCALE_CODE, TRANSLATED_VALUE) VALUES (-76, '13', 'Sku', 'longDescription', 'es', 'Todo es m&aacute;s grande en Texas, incluso lo picante de la Salsa de Snortin Bull! Si usted es un fan de hacer la salsa de barbacoa a partir de cero, como yo, puede utilizar la Salsa de Snortin Bull como aditivo. Habaneros ardientes y los pimientos de cayena dan a la garganta un sabor y calor al rojo vivo.');
INSERT INTO ops$publ.BLC_TRANSLATION(TRANSLATION_ID, ENTITY_ID, ENTITY_TYPE, FIELD_NAME, LOCALE_CODE, TRANSLATED_VALUE) VALUES (-75, '13', 'Sku', 'name', 'es', 'Salsa Mata-Gargantas de Bull Snort');
INSERT INTO ops$publ.BLC_TRANSLATION(TRANSLATION_ID, ENTITY_ID, ENTITY_TYPE, FIELD_NAME, LOCALE_CODE, TRANSLATED_VALUE) VALUES (-74, '12', 'Sku', 'longDescription', 'es', 'Una de las salsas m&aacute;s inusuales que vendemos. La original era un viejo estilo salsa caj&uacute;n y esto versi&oacute;n actualizada ennegrecimiento. Es dulce, pero se obtiene un gran sabor de canela y clavo de olor con un tiro agradable de piacnte de Cayena. Use en todos los alimentos para dar ese toque caj&uacute;n.');
INSERT INTO ops$publ.BLC_TRANSLATION(TRANSLATION_ID, ENTITY_ID, ENTITY_TYPE, FIELD_NAME, LOCALE_CODE, TRANSLATED_VALUE) VALUES (-73, '12', 'Sku', 'name', 'es', 'Salsa Dulce de Cajun de Lousiane');
INSERT INTO ops$publ.BLC_TRANSLATION(TRANSLATION_ID, ENTITY_ID, ENTITY_TYPE, FIELD_NAME, LOCALE_CODE, TRANSLATED_VALUE) VALUES (-72, '11', 'Sku', 'longDescription', 'es', 'Espolvorear con platos de carne, pescado y verduras. Use como aditivo en la salsa de barbacoa o cualquier alimento que necesita un sabor picante. Comience con unas gotas y aumente hasta llegar al sabor deseado.');
INSERT INTO ops$publ.BLC_TRANSLATION(TRANSLATION_ID, ENTITY_ID, ENTITY_TYPE, FIELD_NAME, LOCALE_CODE, TRANSLATED_VALUE) VALUES (-71, '11', 'Sku', 'name', 'es', 'Salsa Picante del Vaquero');
INSERT INTO ops$publ.BLC_TRANSLATION(TRANSLATION_ID, ENTITY_ID, ENTITY_TYPE, FIELD_NAME, LOCALE_CODE, TRANSLATED_VALUE) VALUES (-70, '10', 'Sku', 'longDescription', 'es', 'Aqu est&aacute; la receta para aquellos que disfrutan de picante intolerable. Esta salsa macabra y mortal del Dr. Chilemeister se debe utilizar con precauci&oacute;n. El dolor puede llegar a ser adictivo!');
INSERT INTO ops$publ.BLC_TRANSLATION(TRANSLATION_ID, ENTITY_ID, ENTITY_TYPE, FIELD_NAME, LOCALE_CODE, TRANSLATED_VALUE) VALUES (-69, '10', 'Sku', 'name', 'es', 'Salsa Loca del Dr. Chilemeister');
INSERT INTO ops$publ.BLC_TRANSLATION(TRANSLATION_ID, ENTITY_ID, ENTITY_TYPE, FIELD_NAME, LOCALE_CODE, TRANSLATED_VALUE) VALUES (-68, '9', 'Sku', 'longDescription', 'es', 'Todo el infierno se ha desatado, fuego y azufre. Est&aacute; listo para el fin?');
INSERT INTO ops$publ.BLC_TRANSLATION(TRANSLATION_ID, ENTITY_ID, ENTITY_TYPE, FIELD_NAME, LOCALE_CODE, TRANSLATED_VALUE) VALUES (-67, '9', 'Sku', 'name', 'es', 'Fin del Mundo Salsa');
INSERT INTO ops$publ.BLC_TRANSLATION(TRANSLATION_ID, ENTITY_ID, ENTITY_TYPE, FIELD_NAME, LOCALE_CODE, TRANSLATED_VALUE) VALUES (-66, '8', 'Sku', 'longDescription', 'es', 'Esta salsa caliente recibe su nombre por la gente que aprecian una salsa picante. Lo que vas a encontrar aqu es un sabor picante realmente original, no una acritud abrumador que se encuentra en las salsas de chile Tabasco ordinarios - a pesar de la pimienta usado en este producto ha sido probado en 285.000 unidades Scoville. Por lo tanto, ensillar a dar un paseo para recordar. Para asegurarnos de que usted trajo s&oacute;lo la mejor salsa de pimiento habanero, nos fuimos a las faldas de las monta&ntilde;as mayas en Belice, Am&eacute;rica Central. Este producto se prepara totalmente a mano utilizando s&oacute;lo las verduras frescas y solo ingredientes naturales.');
INSERT INTO ops$publ.BLC_TRANSLATION(TRANSLATION_ID, ENTITY_ID, ENTITY_TYPE, FIELD_NAME, LOCALE_CODE, TRANSLATED_VALUE) VALUES (-65, '8', 'Sku', 'name', 'es', 'Salsa de Habanero de la Silla Ardiente');
INSERT INTO ops$publ.BLC_TRANSLATION(TRANSLATION_ID, ENTITY_ID, ENTITY_TYPE, FIELD_NAME, LOCALE_CODE, TRANSLATED_VALUE) VALUES (-64, '7', 'Sku', 'longDescription', 'es', 'Hecho con Naga Jolokia Bhut, el chile m&aacute;s picante del mundo.');
INSERT INTO ops$publ.BLC_TRANSLATION(TRANSLATION_ID, ENTITY_ID, ENTITY_TYPE, FIELD_NAME, LOCALE_CODE, TRANSLATED_VALUE) VALUES (-63, '7', 'Sku', 'name', 'es', 'Fantasma Verde');
INSERT INTO ops$publ.BLC_TRANSLATION(TRANSLATION_ID, ENTITY_ID, ENTITY_TYPE, FIELD_NAME, LOCALE_CODE, TRANSLATED_VALUE) VALUES (-62, '6', 'Sku', 'longDescription', 'es', 'Parecido al Habanero, el Bonnet Escoc&eacute;s tiene una punta profundamente invertidas en comparaci&oacute;n con el extremo puntiagudo del Habanero. Van en colores de verde a amarillo-naranja, el Bonnet Escoc&eacute;s es un alimento b&aacute;sico en West Indies, en Barbados y salsas estilo pimienta.');
INSERT INTO ops$publ.BLC_TRANSLATION(TRANSLATION_ID, ENTITY_ID, ENTITY_TYPE, FIELD_NAME, LOCALE_CODE, TRANSLATED_VALUE) VALUES (-61, '6', 'Sku', 'name', 'es', 'Salsa del D&iacute;a de los Muertos de Bonnet Escoc&eacute;s');
INSERT INTO ops$publ.BLC_TRANSLATION(TRANSLATION_ID, ENTITY_ID, ENTITY_TYPE, FIELD_NAME, LOCALE_CODE, TRANSLATED_VALUE) VALUES (-60, '5', 'Sku', 'longDescription', 'es', 'Si quieres picante, este es el Chile a elegir. Originario del Caribe, Yucat&aacute;n y la Costa norte de Am&eacute;rica del Sur, el habanero se presenta en una variedad de colores que van desde el verde claro a un rojo brillante. El calor, sabor y aroma &uacute;nicos del Habanero ha convertido el chile en el favorito de los amantes del picante.');
INSERT INTO ops$publ.BLC_TRANSLATION(TRANSLATION_ID, ENTITY_ID, ENTITY_TYPE, FIELD_NAME, LOCALE_CODE, TRANSLATED_VALUE) VALUES (-59, '5', 'Sku', 'name', 'es', 'Salsa del D&iacute;a de los Muertos de Habanero');
INSERT INTO ops$publ.BLC_TRANSLATION(TRANSLATION_ID, ENTITY_ID, ENTITY_TYPE, FIELD_NAME, LOCALE_CODE, TRANSLATED_VALUE) VALUES (-58, '4', 'Sku', 'longDescription', 'es', 'Cuando cualquier pimienta se seca y se fuma, se refiere como un Chipotle. Por lo general, con una apariencia arrugada, caf&eacute; oscuro, el Chipotle ofrece un sabor ahumado y dulce que se utiliza generalmente para agregar un sabor asado a las salsas, guisos y adobos.');
INSERT INTO ops$publ.BLC_TRANSLATION(TRANSLATION_ID, ENTITY_ID, ENTITY_TYPE, FIELD_NAME, LOCALE_CODE, TRANSLATED_VALUE) VALUES (-57, '4', 'Sku', 'name', 'es', 'Salsa del D&iacute;a de los Muertos de Chipotle');
INSERT INTO ops$publ.BLC_TRANSLATION(TRANSLATION_ID, ENTITY_ID, ENTITY_TYPE, FIELD_NAME, LOCALE_CODE, TRANSLATED_VALUE) VALUES (-56, '3', 'Sku', 'longDescription', 'es', 'Picante, maduro pimienta que se mezcla junto con el ajo, la cebolla, pasta de tomate y una pizca de az&uacute;car de ca&ntilde;a para hacer de esto una salsa suave. Maravilloso en huevos, aves de corral, carne de cerdo o pescado, esta salsa se mezcla para hacer los adobos y sopas ricas.');
INSERT INTO ops$publ.BLC_TRANSLATION(TRANSLATION_ID, ENTITY_ID, ENTITY_TYPE, FIELD_NAME, LOCALE_CODE, TRANSLATED_VALUE) VALUES (-55, '3', 'Sku', 'name', 'es', 'Salsa de la Muerte Saltante');
INSERT INTO ops$publ.BLC_TRANSLATION(TRANSLATION_ID, ENTITY_ID, ENTITY_TYPE, FIELD_NAME, LOCALE_CODE, TRANSLATED_VALUE) VALUES (-54, '2', 'Sku', 'longDescription', 'es', 'El perfecto acompa&ntilde;ante para el pollo, el pescado, hamburguesas o pizza. Una gran mezcla de habanero, mango, fruta de la pasi&oacute;n y mucho m&aacute;s hacen de esta salsa de la Muerte una delicia tropical incre&iacute;ble.');
INSERT INTO ops$publ.BLC_TRANSLATION(TRANSLATION_ID, ENTITY_ID, ENTITY_TYPE, FIELD_NAME, LOCALE_CODE, TRANSLATED_VALUE) VALUES (-53, '2', 'Sku', 'name', 'es', 'Salsa de la Muerte Dulce');
INSERT INTO ops$publ.BLC_TRANSLATION(TRANSLATION_ID, ENTITY_ID, ENTITY_TYPE, FIELD_NAME, LOCALE_CODE, TRANSLATED_VALUE) VALUES (-52, '1', 'Sku', 'longDescription', 'es', 'Como mis amigos salseros saben, nunca soy f&aacute;cil de satisfacer. Por lo tanto, naci&oacute; la creaci&oacute;n de la Muerte S&uacute;bita. Cuando este listo para saborear al m&aacute;s all&aacute; ... Muerte s&uacute;bita entregar&aacute;!');
INSERT INTO ops$publ.BLC_TRANSLATION(TRANSLATION_ID, ENTITY_ID, ENTITY_TYPE, FIELD_NAME, LOCALE_CODE, TRANSLATED_VALUE) VALUES (-51, '1', 'Sku', 'name', 'es', 'Salsa de la Muerte S&uacute;bita');
INSERT INTO ops$publ.BLC_TRANSLATION(TRANSLATION_ID, ENTITY_ID, ENTITY_TYPE, FIELD_NAME, LOCALE_CODE, TRANSLATED_VALUE) VALUES (-47, '14', 'ProdOptionVal', 'attributeValue', 'es', 'XG');
INSERT INTO ops$publ.BLC_TRANSLATION(TRANSLATION_ID, ENTITY_ID, ENTITY_TYPE, FIELD_NAME, LOCALE_CODE, TRANSLATED_VALUE) VALUES (-46, '13', 'ProdOptionVal', 'attributeValue', 'es', 'G');
INSERT INTO ops$publ.BLC_TRANSLATION(TRANSLATION_ID, ENTITY_ID, ENTITY_TYPE, FIELD_NAME, LOCALE_CODE, TRANSLATED_VALUE) VALUES (-45, '12', 'ProdOptionVal', 'attributeValue', 'es', 'M');
INSERT INTO ops$publ.BLC_TRANSLATION(TRANSLATION_ID, ENTITY_ID, ENTITY_TYPE, FIELD_NAME, LOCALE_CODE, TRANSLATED_VALUE) VALUES (-44, '11', 'ProdOptionVal', 'attributeValue', 'es', 'CH');
INSERT INTO ops$publ.BLC_TRANSLATION(TRANSLATION_ID, ENTITY_ID, ENTITY_TYPE, FIELD_NAME, LOCALE_CODE, TRANSLATED_VALUE) VALUES (-43, '3', 'ProdOptionVal', 'attributeValue', 'es', 'Plateado');
INSERT INTO ops$publ.BLC_TRANSLATION(TRANSLATION_ID, ENTITY_ID, ENTITY_TYPE, FIELD_NAME, LOCALE_CODE, TRANSLATED_VALUE) VALUES (-42, '2', 'ProdOptionVal', 'attributeValue', 'es', 'Rojo');
INSERT INTO ops$publ.BLC_TRANSLATION(TRANSLATION_ID, ENTITY_ID, ENTITY_TYPE, FIELD_NAME, LOCALE_CODE, TRANSLATED_VALUE) VALUES (-41, '1', 'ProdOptionVal', 'attributeValue', 'es', 'Negro');
INSERT INTO ops$publ.BLC_TRANSLATION(TRANSLATION_ID, ENTITY_ID, ENTITY_TYPE, FIELD_NAME, LOCALE_CODE, TRANSLATED_VALUE) VALUES (-32, '2', 'ProdOption', 'label', 'es', 'Tama&ntilde;o de Camisa');
INSERT INTO ops$publ.BLC_TRANSLATION(TRANSLATION_ID, ENTITY_ID, ENTITY_TYPE, FIELD_NAME, LOCALE_CODE, TRANSLATED_VALUE) VALUES (-31, '1', 'ProdOption', 'label', 'es', 'Color de Camisa');
INSERT INTO ops$publ.BLC_TRANSLATION(TRANSLATION_ID, ENTITY_ID, ENTITY_TYPE, FIELD_NAME, LOCALE_CODE, TRANSLATED_VALUE) VALUES (-16, '2006', 'Category', 'description', 'es', 'FAQ');
INSERT INTO ops$publ.BLC_TRANSLATION(TRANSLATION_ID, ENTITY_ID, ENTITY_TYPE, FIELD_NAME, LOCALE_CODE, TRANSLATED_VALUE) VALUES (-15, '2005', 'Category', 'description', 'es', 'Iniciando con Salsas?');
INSERT INTO ops$publ.BLC_TRANSLATION(TRANSLATION_ID, ENTITY_ID, ENTITY_TYPE, FIELD_NAME, LOCALE_CODE, TRANSLATED_VALUE) VALUES (-14, '2004', 'Category', 'description', 'es', 'Descuento');
INSERT INTO ops$publ.BLC_TRANSLATION(TRANSLATION_ID, ENTITY_ID, ENTITY_TYPE, FIELD_NAME, LOCALE_CODE, TRANSLATED_VALUE) VALUES (-13, '2003', 'Category', 'description', 'es', 'Mercanc&iacute;a');
INSERT INTO ops$publ.BLC_TRANSLATION(TRANSLATION_ID, ENTITY_ID, ENTITY_TYPE, FIELD_NAME, LOCALE_CODE, TRANSLATED_VALUE) VALUES (-12, '2002', 'Category', 'description', 'es', 'Salsas Picantes');
INSERT INTO ops$publ.BLC_TRANSLATION(TRANSLATION_ID, ENTITY_ID, ENTITY_TYPE, FIELD_NAME, LOCALE_CODE, TRANSLATED_VALUE) VALUES (-11, '2001', 'Category', 'description', 'es', 'Inicio');
INSERT INTO ops$publ.BLC_TRANSLATION(TRANSLATION_ID, ENTITY_ID, ENTITY_TYPE, FIELD_NAME, LOCALE_CODE, TRANSLATED_VALUE) VALUES (-6, '2006', 'Category', 'name', 'es', 'FAQ');
INSERT INTO ops$publ.BLC_TRANSLATION(TRANSLATION_ID, ENTITY_ID, ENTITY_TYPE, FIELD_NAME, LOCALE_CODE, TRANSLATED_VALUE) VALUES (-5, '2005', 'Category', 'name', 'es', 'Nuevo a la Salsa?');
INSERT INTO ops$publ.BLC_TRANSLATION(TRANSLATION_ID, ENTITY_ID, ENTITY_TYPE, FIELD_NAME, LOCALE_CODE, TRANSLATED_VALUE) VALUES (-4, '2004', 'Category', 'name', 'es', 'Descuento');
INSERT INTO ops$publ.BLC_TRANSLATION(TRANSLATION_ID, ENTITY_ID, ENTITY_TYPE, FIELD_NAME, LOCALE_CODE, TRANSLATED_VALUE) VALUES (-3, '2003', 'Category', 'name', 'es', 'Mercanc&iacute;a');
INSERT INTO ops$publ.BLC_TRANSLATION(TRANSLATION_ID, ENTITY_ID, ENTITY_TYPE, FIELD_NAME, LOCALE_CODE, TRANSLATED_VALUE) VALUES (-2, '2002', 'Category', 'name', 'es', 'Salsas');
INSERT INTO ops$publ.BLC_TRANSLATION(TRANSLATION_ID, ENTITY_ID, ENTITY_TYPE, FIELD_NAME, LOCALE_CODE, TRANSLATED_VALUE) VALUES (-1, '2001', 'Category', 'name', 'es', 'Inicio');
INSERT INTO ops$publ.BLC_URL_HANDLER(URL_HANDLER_ID, INCOMING_URL, NEW_URL, URL_REDIRECT_TYPE) VALUES (1, '/googlePerm', 'http://www.google.com', 'REDIRECT_PERM');
INSERT INTO ops$publ.BLC_URL_HANDLER(URL_HANDLER_ID, INCOMING_URL, NEW_URL, URL_REDIRECT_TYPE) VALUES (2, '/googleTemp', 'http://www.google.com', 'REDIRECT_TEMP');
INSERT INTO ops$publ.BLC_URL_HANDLER(URL_HANDLER_ID, INCOMING_URL, NEW_URL, URL_REDIRECT_TYPE) VALUES (3, '/insanity', '/hot-sauces/insanity_sauce', 'FORWARD');
INSERT INTO ops$publ.BLC_URL_HANDLER(URL_HANDLER_ID, INCOMING_URL, NEW_URL, URL_REDIRECT_TYPE) VALUES (4, '/jalepeno', '/hot-sauces/hurtin_jalepeno_hot_sauce', 'REDIRECT_TEMP');
INSERT INTO ops$publ.SEQUENCE_GENERATOR(ID_NAME, ID_VAL) VALUES ('CategoryExcludedSearchFacetImpl', 1000);
INSERT INTO ops$publ.SEQUENCE_GENERATOR(ID_NAME, ID_VAL) VALUES ('CategoryImpl', 10000);
INSERT INTO ops$publ.SEQUENCE_GENERATOR(ID_NAME, ID_VAL) VALUES ('CategoryProductImpl', 1000);
INSERT INTO ops$publ.SEQUENCE_GENERATOR(ID_NAME, ID_VAL) VALUES ('CategorySearchFacetImpl', 1000);
INSERT INTO ops$publ.SEQUENCE_GENERATOR(ID_NAME, ID_VAL) VALUES ('ChallengeQuestionImpl', 1000);
INSERT INTO ops$publ.SEQUENCE_GENERATOR(ID_NAME, ID_VAL) VALUES ('FeaturedProductImpl', 1000);
INSERT INTO ops$publ.SEQUENCE_GENERATOR(ID_NAME, ID_VAL) VALUES ('FieldDefinitionImpl', 1000);
INSERT INTO ops$publ.SEQUENCE_GENERATOR(ID_NAME, ID_VAL) VALUES ('FieldEnumerationImpl', 1000);
INSERT INTO ops$publ.SEQUENCE_GENERATOR(ID_NAME, ID_VAL) VALUES ('FieldEnumerationItemImpl', 1000);
INSERT INTO ops$publ.SEQUENCE_GENERATOR(ID_NAME, ID_VAL) VALUES ('FieldGroupImpl', 1000);
INSERT INTO ops$publ.SEQUENCE_GENERATOR(ID_NAME, ID_VAL) VALUES ('FieldImpl', 1000);
INSERT INTO ops$publ.SEQUENCE_GENERATOR(ID_NAME, ID_VAL) VALUES ('FulfillmentOptionImpl', 1000);
INSERT INTO ops$publ.SEQUENCE_GENERATOR(ID_NAME, ID_VAL) VALUES ('MediaImpl', 100000);
INSERT INTO ops$publ.SEQUENCE_GENERATOR(ID_NAME, ID_VAL) VALUES ('OfferCodeImpl', 1000);
INSERT INTO ops$publ.SEQUENCE_GENERATOR(ID_NAME, ID_VAL) VALUES ('OfferImpl', 1000);
INSERT INTO ops$publ.SEQUENCE_GENERATOR(ID_NAME, ID_VAL) VALUES ('OfferItemCriteriaImpl', 1000);
INSERT INTO ops$publ.SEQUENCE_GENERATOR(ID_NAME, ID_VAL) VALUES ('PageFieldImpl', 1000);
INSERT INTO ops$publ.SEQUENCE_GENERATOR(ID_NAME, ID_VAL) VALUES ('PageImpl', 1000);
INSERT INTO ops$publ.SEQUENCE_GENERATOR(ID_NAME, ID_VAL) VALUES ('PageTemplateImpl', 1000);
INSERT INTO ops$publ.SEQUENCE_GENERATOR(ID_NAME, ID_VAL) VALUES ('ProductAttributeImpl', 1000);
INSERT INTO ops$publ.SEQUENCE_GENERATOR(ID_NAME, ID_VAL) VALUES ('ProductImpl', 10000);
INSERT INTO ops$publ.SEQUENCE_GENERATOR(ID_NAME, ID_VAL) VALUES ('ProductOptionImpl', 1000);
INSERT INTO ops$publ.SEQUENCE_GENERATOR(ID_NAME, ID_VAL) VALUES ('ProductOptionValueImpl', 1000);
INSERT INTO ops$publ.SEQUENCE_GENERATOR(ID_NAME, ID_VAL) VALUES ('RoleImpl', 1000);
INSERT INTO ops$publ.SEQUENCE_GENERATOR(ID_NAME, ID_VAL) VALUES ('SandBoxImpl', 1000);
INSERT INTO ops$publ.SEQUENCE_GENERATOR(ID_NAME, ID_VAL) VALUES ('SearchFacetImpl', 1000);
INSERT INTO ops$publ.SEQUENCE_GENERATOR(ID_NAME, ID_VAL) VALUES ('SearchFacetRangeImpl', 1000);
INSERT INTO ops$publ.SEQUENCE_GENERATOR(ID_NAME, ID_VAL) VALUES ('SearchInterceptImpl', 1000);
INSERT INTO ops$publ.SEQUENCE_GENERATOR(ID_NAME, ID_VAL) VALUES ('SkuImpl', 10000);
INSERT INTO ops$publ.SEQUENCE_GENERATOR(ID_NAME, ID_VAL) VALUES ('StaticAssetImpl', 100000);
INSERT INTO ops$publ.SEQUENCE_GENERATOR(ID_NAME, ID_VAL) VALUES ('StructuredContentFieldImpl', 1000);
INSERT INTO ops$publ.SEQUENCE_GENERATOR(ID_NAME, ID_VAL) VALUES ('StructuredContentImpl', 1000);
INSERT INTO ops$publ.SEQUENCE_GENERATOR(ID_NAME, ID_VAL) VALUES ('StructuredContentRuleImpl', 1000);
INSERT INTO ops$publ.SEQUENCE_GENERATOR(ID_NAME, ID_VAL) VALUES ('StructuredContentTypeImpl', 1000);
INSERT INTO ops$publ.SEQUENCE_GENERATOR(ID_NAME, ID_VAL) VALUES ('URLHandlerImpl', 1000);
